Unity Editor version:    6000.5.0f1 (88b47c5e7076)
Branch:                  6000.5/staging
Build type:              Release
Batch mode:              YES
macOS version:           Version 15.5 (Build 24F74)
Darwin version:          24.5.0
Architecture:            arm64
Running under Rosetta:   NO
Available memory:        18432 MB
Date:                    2026-10-07T14:23:23Z
[Licensing::Module] Trying to connect to existing licensing client channel...
[Licensing::IpcConnector] Channel LicenseClient-burakcoskun doesn't exist
Launching external process: /Applications/Unity/Hub/Editor/6000.5.0f1/Unity.app/Contents/Helpers/UnityLicensingClient.app/Contents/MacOS/Unity.Licensing.Client
[Licensing::Module] Successfully launched the LicensingClient (PId: 95900)
Launching external process: /Applications/Unity/Hub/Editor/6000.5.0f1/Unity.app/Contents/Helpers/PackageManager/Server/UnityPackageManager

COMMAND LINE ARGUMENTS:
/Applications/Unity/Hub/Editor/6000.5.0f1/Unity.app/Contents/MacOS/Unity
-batchmode
-projectPath
/Users/burakcoskun/Last Signal
-runTests
-testPlatform
PlayMode
-assemblyNames
LastSignal.PlayModeTests
-testFilter
LastSignal.Tests.S015AudioPlayTests
-testResults
/Users/burakcoskun/Last Signal/Docs/Implementation/S015/Evidence/20261007T142322-844665Z-focused-play/tests.xml
-logFile
/Users/burakcoskun/Last Signal/Docs/Implementation/S015/Evidence/20261007T142322-844665Z-focused-play/unity.log
Successfully changed project path to: /Users/burakcoskun/Last Signal
/Users/burakcoskun/Last Signal
[UnityMemory] Configuration Parameters - Can be set up in boot.config
    "memorysetup-temp-allocator-size-gi-baking-worker=262144"
    "memorysetup-temp-allocator-size-gi-baking-worker=262144"
    "memorysetup-temp-allocator-size-gi-baking-worker=262144"
    "memorysetup-temp-allocator-size-gi-baking-worker=262144"
    "memorysetup-temp-allocator-size-gi-baking-worker=262144"
    "memorysetup-temp-allocator-size-nav-mesh-worker=65536"
    "memorysetup-temp-allocator-size-audio-worker=65536"
    "memorysetup-temp-allocator-size-cloud-worker=32768"
    "memorysetup-allocator-temp-initial-block-size-main=262144"
    "memorysetup-allocator-temp-initial-block-size-worker=262144"
    "memorysetup-temp-allocator-size-preload-manager=33554432"
    "memorysetup-temp-allocator-size-gfx=262144"
    "memorysetup-temp-allocator-size-background-worker=32768"
    "memorysetup-temp-allocator-size-job-worker=262144"
    "memorysetup-bucket-allocator-granularity=16"
    "memorysetup-bucket-allocator-bucket-count=8"
    "memorysetup-bucket-allocator-block-size=33554432"
    "memorysetup-bucket-allocator-block-count=8"
    "memorysetup-main-allocator-block-size=16777216"
    "memorysetup-thread-allocator-block-size=16777216"
    "memorysetup-main-allocator-mimalloc-enabled=0"
    "memorysetup-gfx-main-allocator-block-size=16777216"
    "memorysetup-gfx-thread-allocator-block-size=16777216"
    "memorysetup-cache-allocator-block-size=4194304"
    "memorysetup-typetree-allocator-block-size=2097152"
    "memorysetup-profiler-bucket-allocator-granularity=16"
    "memorysetup-profiler-bucket-allocator-bucket-count=8"
    "memorysetup-profiler-bucket-allocator-block-size=33554432"
    "memorysetup-profiler-bucket-allocator-block-count=8"
    "memorysetup-profiler-allocator-block-size=16777216"
    "memorysetup-profiler-editor-allocator-block-size=1048576"
    "memorysetup-temp-allocator-size-main=16777216"
    "memorysetup-job-temp-allocator-block-size=2097152"
    "memorysetup-job-temp-allocator-block-size-background=1048576"
    "memorysetup-job-temp-allocator-reduction-small-platforms=262144"
Logging is directed to a specific file, skipping project log.Player connection [8519360256]  Target information:

Player connection [8519360256]  * "[IP] 192.168.1.126 [Port] 55504 [Flags] 2 [Guid] 1154408424 [EditorId] 1154408424 [Version] 1048832 [Id] OSXEditor(0,burak-MacBook-Pro.local) [Debug] 1 [PackageName] OSXEditor [ProjectName] Editor" 

Player connection [8519360256] Host joined multi-casting on [225.0.0.222:54997]...
Player connection [8519360256] Host joined alternative multi-casting on [225.0.0.222:34997]...
Input System module state changed to: Initialized.
[Physics::Module] Initialized fallback backend.
[Physics::Module] Id: 0xdecafbad
[Licensing::IpcConnector] Successfully connected to: "LicenseClient-burakcoskun" at "2026-10-07T14:23:23.533267Z"
[Package Manager] Connected to IPC stream "Upm-95895" after 0.2 seconds.
[Licensing::Module] Licensing is not yet initialized.
[Licensing::Client] Handshaking with LicensingClient:
  Version:                 1.18.1+9fbee8e
  Session Id:              2d23bbd229c442709cb39460d396ca6a
  Correlation Id:          84a42713b4e66fb0b30094dd8e0465a4
  External correlation Id: 6369442850612402698
  Machine Id:              fUC4kXJ62du+wdKBXRNn1puPjFw=
[Licensing::Module] Successfully connected to LicensingClient on channel: "LicenseClient-burakcoskun" (connect: 0.26s, validation: 0.02s, handshake: 0.19s)
[Licensing::IpcConnector] Successfully connected to: "LicenseClient-burakcoskun-notifications" at "2026-10-07T14:23:23.7518Z"
[Licensing::Module] Connected to LicensingClient (PId: 95900, launch time: 0.00, total connection time: 0.47s)
[Licensing::Module] Error: Access token is unavailable; failed to update
[Licensing::Client] Successfully resolved entitlement details
[Licensing::Module] License group:
  Id: 18967451638718-UnityPersXXXX
  Product: Unity Personal
  Type: Assigned
  Expiration: Unlimited
[Licensing::Client] Successfully updated license, isAsync: True, time: 0.00
[Licensing::Module] Licensing Background thread has ended after 0.48s
[Licensing::Module] Licensing is initialized (took 0.17s).
[Licensing::Client] Successfully resolved entitlement details
Library Redirect Path: Library/
[Physics::Module] Selected backend.
[Physics::Module] Name: PhysX
[Physics::Module] Id: 0xf2b8ea05
[Physics::Module] SDK Version: 4.1.2
[Physics::Module] Integration Version: 1.0.0
[Physics::Module] Threading Mode: Multi-Threaded
Initialize engine version: 6000.5.0f1 (88b47c5e7076)
[Subsystems] Discovering subsystems at path /Applications/Unity/Hub/Editor/6000.5.0f1/Unity.app/Contents/Resources/UnitySubsystems
[Subsystems] Discovering subsystems at path /Users/burakcoskun/Last Signal/Assets
GfxDevice: creating device client; kGfxThreadingModeNonThreaded
 preferred device: Apple M3 Pro (high power)
Metal devices available: 1
0: Apple M3 Pro (high power)
Using device Apple M3 Pro (high power)
Initializing Metal device caps: Apple M3 Pro
Mac GPU Family: 2
Apple GPU Family: 9
MSL Version: 3.0
Has Float MSAA: 1
Has Float Filtering: 1
ReadWrite Texture Tier: 2
Initialize mono
Mono path[0] = '/Applications/Unity/Hub/Editor/6000.5.0f1/Unity.app/Contents/Resources/Scripting/Managed'
Mono path[1] = '/Applications/Unity/Hub/Editor/6000.5.0f1/Unity.app/Contents/Resources/Scripting/BCLExtensions/runtime/netstandard2.1'
Mono path[2] = '/Applications/Unity/Hub/Editor/6000.5.0f1/Unity.app/Contents/Resources/Scripting/MonoBleedingEdge/lib/mono/unityjit-macos'
Mono config path = '/Applications/Unity/Hub/Editor/6000.5.0f1/Unity.app/Contents/Resources/Scripting/MonoBleedingEdge/etc'
Using monoOptions --debugger-agent=transport=dt_socket,embedding=1,server=y,suspend=n,address=127.0.0.1:56895
CodeReloadManager initialized
ImportWorker Server TCP listen port: 0
AcceleratorClientConnectionCallback - disconnected - :0
Begin MonoManager ReloadAssembly
Registering precompiled unity dll's ...
Register platform support module: /Applications/Unity/Hub/Editor/6000.5.0f1/PlaybackEngines/MacStandaloneSupport/UnityEditor.OSXStandalone.Extensions.dll
Register platform support module: /Applications/Unity/Hub/Editor/6000.5.0f1/PlaybackEngines/WindowsStandaloneSupport/UnityEditor.WindowsStandalone.Extensions.dll
[Licensing::Client] Successfully resolved entitlement details
Register platform support module: /Applications/Unity/Hub/Editor/6000.5.0f1/PlaybackEngines/AndroidPlayer/UnityEditor.Android.Extensions.dll
[Licensing::Client] Successfully resolved entitlement details
Register platform support module: /Applications/Unity/Hub/Editor/6000.5.0f1/PlaybackEngines/iOSSupport/UnityEditor.iOS.Extensions.dll
Registered in 0.004115 seconds.
[usbmuxd] Start listen thread
[usbmuxd] Listen thread started
[usbmuxd] Send listen message
Native extension for iOS target not found
Native extension for Android target not found
Native extension for WindowsStandalone target not found
Native extension for OSXStandalone target not found
Package Manager log level set to [2]
ScheduleIndexationOnStartup MainProcess:False IndexOnStartup:True
Mono: successfully reloaded assembly
- Finished resetting the current domain, in  0.256 seconds
Domain Reload Profiling: 579ms
	BeginReloadAssembly (74ms)
	RebuildCommonClasses (3ms)
	RebuildNativeTypeToScriptingClass (15ms)
	initialDomainReloadingComplete (36ms)
	LoadAllAssembliesAndSetupDomain (194ms)
		LoadAssemblies (75ms)
		AnalyzeDomain (145ms)
			TypeCache.Refresh (144ms)
				TypeCache.ScanAssembly (131ms)
	FinalizeReload (257ms)
		SetupLoadedEditorAssemblies (0ms)
			InitializePlatformSupportModulesInManaged (26ms)
			BeforeProcessingInitializeOnLoad (52ms)
			ProcessInitializeOnLoadAttributes (55ms)
			ProcessInitializeOnLoadMethodAttributes (83ms)
[Licensing::Client] Successfully resolved entitlement details
Application.AssetDatabase Initial Refresh Start
[Package Manager] Restoring resolved packages state from cache
[Licensing::Client] Successfully resolved entitlement details
[Package Manager] Registered 64 packages:
  Packages from [https://packages.unity.com]:
    com.unity.ai.assistant@2.19.0-pre.2 (location: /Users/burakcoskun/Last Signal/Library/PackageCache/com.unity.ai.assistant@8d1e3e89e3a7)
    com.unity.ai.inference@2.6.1 (location: /Users/burakcoskun/Last Signal/Library/PackageCache/com.unity.ai.inference@9a123aee5df7)
    com.unity.ai.navigation@2.0.13 (location: /Users/burakcoskun/Last Signal/Library/PackageCache/com.unity.ai.navigation@42d896194035)
    com.unity.collab-proxy@2.12.4 (location: /Users/burakcoskun/Last Signal/Library/PackageCache/com.unity.collab-proxy@0b1559bcd34e)
    com.unity.ide.rider@3.0.38 (location: /Users/burakcoskun/Last Signal/Library/PackageCache/com.unity.ide.rider@1f60b3138684)
    com.unity.ide.visualstudio@2.0.26 (location: /Users/burakcoskun/Last Signal/Library/PackageCache/com.unity.ide.visualstudio@a99d56dec63f)
    com.unity.inputsystem@1.19.0 (location: /Users/burakcoskun/Last Signal/Library/PackageCache/com.unity.inputsystem@21a28c3a6c83)
    com.unity.pipeline@0.7.0-exp.1 (location: /Users/burakcoskun/Last Signal/Library/PackageCache/com.unity.pipeline@ab05e9cd7f74)
    com.unity.timeline@1.8.12 (location: /Users/burakcoskun/Last Signal/Library/PackageCache/com.unity.timeline@8cd8509afae5)
    com.unity.visualscripting@1.9.11 (location: /Users/burakcoskun/Last Signal/Library/PackageCache/com.unity.visualscripting@8bed5ad90189)
    com.unity.nuget.mono-cecil@1.11.6 (location: /Users/burakcoskun/Last Signal/Library/PackageCache/com.unity.nuget.mono-cecil@ecb9724e46ff)
    com.unity.nuget.newtonsoft-json@3.2.2 (location: /Users/burakcoskun/Last Signal/Library/PackageCache/com.unity.nuget.newtonsoft-json@4dfd81071c64)
    com.unity.burst@1.8.29 (location: /Users/burakcoskun/Last Signal/Library/PackageCache/com.unity.burst@6bb9aca3ef38)
    com.unity.dt.app-ui@2.1.7 (location: /Users/burakcoskun/Last Signal/Library/PackageCache/com.unity.dt.app-ui@b097002a00c2)
    com.unity.searcher@4.9.4 (location: /Users/burakcoskun/Last Signal/Library/PackageCache/com.unity.searcher@d45a78918735)
    com.unity.test-framework.performance@3.5.0 (location: /Users/burakcoskun/Last Signal/Library/PackageCache/com.unity.test-framework.performance@8b56083ec0f0)
  Built-in packages:
    com.unity.multiplayer.center@1.0.1 (location: /Users/burakcoskun/Last Signal/Library/PackageCache/com.unity.multiplayer.center@b860850997d0)
    com.unity.render-pipelines.universal@17.5.0 (location: /Users/burakcoskun/Last Signal/Library/PackageCache/com.unity.render-pipelines.universal@0c18adc4ff89)
    com.unity.test-framework@1.7.0 (location: /Users/burakcoskun/Last Signal/Library/PackageCache/com.unity.test-framework@f3e6c9a02477)
    com.unity.ugui@2.5.0 (location: /Users/burakcoskun/Last Signal/Library/PackageCache/com.unity.ugui@4f9b15fd1386)
    com.unity.modules.accessibility@1.0.0 (location: /Users/burakcoskun/Last Signal/Library/PackageCache/com.unity.modules.accessibility)
    com.unity.modules.adaptiveperformance@1.0.0 (location: /Users/burakcoskun/Last Signal/Library/PackageCache/com.unity.modules.adaptiveperformance)
    com.unity.modules.ai@1.0.0 (location: /Users/burakcoskun/Last Signal/Library/PackageCache/com.unity.modules.ai)
    com.unity.modules.androidjni@1.0.0 (location: /Users/burakcoskun/Last Signal/Library/PackageCache/com.unity.modules.androidjni)
    com.unity.modules.animation@1.0.0 (location: /Users/burakcoskun/Last Signal/Library/PackageCache/com.unity.modules.animation)
    com.unity.modules.assetbundle@1.0.0 (location: /Users/burakcoskun/Last Signal/Library/PackageCache/com.unity.modules.assetbundle)
    com.unity.modules.audio@1.0.0 (location: /Users/burakcoskun/Last Signal/Library/PackageCache/com.unity.modules.audio)
    com.unity.modules.cloth@1.0.0 (location: /Users/burakcoskun/Last Signal/Library/PackageCache/com.unity.modules.cloth)
    com.unity.modules.director@1.0.0 (location: /Users/burakcoskun/Last Signal/Library/PackageCache/com.unity.modules.director)
    com.unity.modules.imageconversion@1.0.0 (location: /Users/burakcoskun/Last Signal/Library/PackageCache/com.unity.modules.imageconversion)
    com.unity.modules.imgui@1.0.0 (location: /Users/burakcoskun/Last Signal/Library/PackageCache/com.unity.modules.imgui)
    com.unity.modules.jsonserialize@1.0.0 (location: /Users/burakcoskun/Last Signal/Library/PackageCache/com.unity.modules.jsonserialize)
    com.unity.modules.particlesystem@1.0.0 (location: /Users/burakcoskun/Last Signal/Library/PackageCache/com.unity.modules.particlesystem)
    com.unity.modules.physics@1.0.0 (location: /Users/burakcoskun/Last Signal/Library/PackageCache/com.unity.modules.physics)
    com.unity.modules.physics2d@1.0.0 (location: /Users/burakcoskun/Last Signal/Library/PackageCache/com.unity.modules.physics2d)
    com.unity.modules.physicscore2d@1.0.0 (location: /Users/burakcoskun/Last Signal/Library/PackageCache/com.unity.modules.physicscore2d)
    com.unity.modules.screencapture@1.0.0 (location: /Users/burakcoskun/Last Signal/Library/PackageCache/com.unity.modules.screencapture)
    com.unity.modules.terrain@1.0.0 (location: /Users/burakcoskun/Last Signal/Library/PackageCache/com.unity.modules.terrain)
    com.unity.modules.terrainphysics@1.0.0 (location: /Users/burakcoskun/Last Signal/Library/PackageCache/com.unity.modules.terrainphysics)
    com.unity.modules.tilemap@1.0.0 (location: /Users/burakcoskun/Last Signal/Library/PackageCache/com.unity.modules.tilemap)
    com.unity.modules.ui@1.0.0 (location: /Users/burakcoskun/Last Signal/Library/PackageCache/com.unity.modules.ui)
    com.unity.modules.uielements@1.0.0 (location: /Users/burakcoskun/Last Signal/Library/PackageCache/com.unity.modules.uielements)
    com.unity.modules.umbra@1.0.0 (location: /Users/burakcoskun/Last Signal/Library/PackageCache/com.unity.modules.umbra)
    com.unity.modules.unityanalytics@1.0.0 (location: /Users/burakcoskun/Last Signal/Library/PackageCache/com.unity.modules.unityanalytics)
    com.unity.modules.unitywebrequest@1.0.0 (location: /Users/burakcoskun/Last Signal/Library/PackageCache/com.unity.modules.unitywebrequest)
    com.unity.modules.unitywebrequestassetbundle@1.0.0 (location: /Users/burakcoskun/Last Signal/Library/PackageCache/com.unity.modules.unitywebrequestassetbundle)
    com.unity.modules.unitywebrequestaudio@1.0.0 (location: /Users/burakcoskun/Last Signal/Library/PackageCache/com.unity.modules.unitywebrequestaudio)
    com.unity.modules.unitywebrequesttexture@1.0.0 (location: /Users/burakcoskun/Last Signal/Library/PackageCache/com.unity.modules.unitywebrequesttexture)
    com.unity.modules.unitywebrequestwww@1.0.0 (location: /Users/burakcoskun/Last Signal/Library/PackageCache/com.unity.modules.unitywebrequestwww)
    com.unity.modules.vectorgraphics@1.0.0 (location: /Users/burakcoskun/Last Signal/Library/PackageCache/com.unity.modules.vectorgraphics)
    com.unity.modules.vehicles@1.0.0 (location: /Users/burakcoskun/Last Signal/Library/PackageCache/com.unity.modules.vehicles)
    com.unity.modules.video@1.0.0 (location: /Users/burakcoskun/Last Signal/Library/PackageCache/com.unity.modules.video)
    com.unity.modules.wind@1.0.0 (location: /Users/burakcoskun/Last Signal/Library/PackageCache/com.unity.modules.wind)
    com.unity.modules.xr@1.0.0 (location: /Users/burakcoskun/Last Signal/Library/PackageCache/com.unity.modules.xr)
    com.unity.modules.subsystems@1.0.0 (location: /Users/burakcoskun/Last Signal/Library/PackageCache/com.unity.modules.subsystems)
    com.unity.modules.hierarchycore@1.0.0 (location: /Users/burakcoskun/Last Signal/Library/PackageCache/com.unity.modules.hierarchycore)
    com.unity.ext.nunit@2.1.0 (location: /Users/burakcoskun/Last Signal/Library/PackageCache/com.unity.ext.nunit@44f7d31723bd)
    com.unity.render-pipelines.core@17.5.0 (location: /Users/burakcoskun/Last Signal/Library/PackageCache/com.unity.render-pipelines.core@f43b729f1f6e)
    com.unity.shadergraph@17.5.0 (location: /Users/burakcoskun/Last Signal/Library/PackageCache/com.unity.shadergraph@3fa956880a81)
    com.unity.render-pipelines.universal-config@17.5.0 (location: /Users/burakcoskun/Last Signal/Library/PackageCache/com.unity.render-pipelines.universal-config@fdda01c80fe3)
    com.unity.collections@6.5.0 (location: /Users/burakcoskun/Last Signal/Library/PackageCache/com.unity.collections@a43cabe808ca)
    com.unity.2d.sprite@1.0.0 (location: /Users/burakcoskun/Last Signal/Library/PackageCache/com.unity.2d.sprite@053a968eab56)
    com.unity.mathematics@1.4.0 (location: /Users/burakcoskun/Last Signal/Library/PackageCache/com.unity.mathematics@981956d94fb6)
  Git packages:
    com.coplaydev.unity-mcp@https://github.com/CoplayDev/unity-mcp.git?path=/MCPForUnity#v10.0.0 (location: /Users/burakcoskun/Last Signal/Library/PackageCache/com.coplaydev.unity-mcp@7b7db7b31f4e)
[Subsystems] No new subsystems found in resolved package list.
[Package Manager] Done registering packages in 0.01 seconds
Assembly for Assembly Definition File 'Assets/ThirdParty/FirstPersonARPGStarterPack/Scripts/Utility Scripts/NavMeshComponents/Scripts/NavMeshComponents.asmdef' will not be compiled, because it has no scripts associated with it.
UnityEngine.Debug:ExtractStackTraceNoAlloc (byte*,int,string)
UnityEngine.StackTraceUtility:ExtractStackTrace () (at /Users/bokken/build/output/unity/unity/Runtime/Export/Scripting/StackTrace.cs:35)
UnityEngine.DebugLogHandler:Internal_Log (UnityEngine.LogType,UnityEngine.LogOption,string,UnityEngine.Object)
UnityEngine.DebugLogHandler:LogFormat (UnityEngine.LogType,UnityEngine.Object,string,object[])
UnityEngine.Logger:LogFormat (UnityEngine.LogType,string,object[])
UnityEngine.Debug:LogWarningFormat (string,object[])
UnityEditor.Scripting.ScriptCompilation.EditorCompilation:WarnIfThereAreAssembliesWithoutAnyScripts (UnityEditor.Scripting.ScriptCompilation.ScriptAssemblySettings,UnityEditor.Scripting.ScriptCompilation.ScriptAssembly[]) (at /Users/bokken/build/output/unity/unity/Editor/Mono/Scripting/ScriptCompilation/EditorCompilation.cs:814)
UnityEditor.Scripting.ScriptCompilation.EditorCompilation:CompileScriptsWithSettings (UnityEditor.Scripting.ScriptCompilation.ScriptAssemblySettings) (at /Users/bokken/build/output/unity/unity/Editor/Mono/Scripting/ScriptCompilation/EditorCompilation.cs:871)
UnityEditor.Scripting.ScriptCompilation.EditorCompilation:CompileScripts (UnityEditor.Scripting.ScriptCompilation.EditorScriptCompilationOptions,UnityEditor.BuildTarget,int,string[]) (at /Users/bokken/build/output/unity/unity/Editor/Mono/Scripting/ScriptCompilation/EditorCompilation.cs:748)
UnityEditor.Scripting.ScriptCompilation.EditorCompilationInterface/<>c__DisplayClass21_0:<CompileScripts>b__0 () (at /Users/bokken/build/output/unity/unity/Editor/Mono/Scripting/ScriptCompilation/EditorCompilationInterface.cs:187)
UnityEditor.Scripting.ScriptCompilation.EditorCompilationInterface:EmitExceptionAsError<UnityEditor.Scripting.ScriptCompilation.EditorCompilation/CompileStatus> (System.Func`1<UnityEditor.Scripting.ScriptCompilation.EditorCompilation/CompileStatus>,UnityEditor.Scripting.ScriptCompilation.EditorCompilation/CompileStatus) (at /Users/bokken/build/output/unity/unity/Editor/Mono/Scripting/ScriptCompilation/EditorCompilationInterface.cs:52)
UnityEditor.Scripting.ScriptCompilation.EditorCompilationInterface:CompileScripts (UnityEditor.Scripting.ScriptCompilation.EditorScriptCompilationOptions,UnityEditor.BuildTarget,int,string[]) (at /Users/bokken/build/output/unity/unity/Editor/Mono/Scripting/ScriptCompilation/EditorCompilationInterface.cs:187)

(Filename: /Users/bokken/build/output/unity/unity/Editor/Mono/Scripting/ScriptCompilation/EditorCompilation.cs Line: 814)

info: Microsoft.Hosting.Lifetime[14]
      Now listening on: http://unix:/tmp/ilpp.sock-c157d1345e8ae35f64f7854987e59748
info: Microsoft.Hosting.Lifetime[0]
      Application started. Press Ctrl+C to shut down.
info: Microsoft.Hosting.Lifetime[0]
      Hosting environment: Production
info: Microsoft.Hosting.Lifetime[0]
      Content root path: /Users/burakcoskun/Last Signal
info: Microsoft.AspNetCore.Hosting.Diagnostics[1]
      Request starting HTTP/2 POST http://ilpp/UnityILPP.PostProcessing/Ping - application/grpc -
info: Microsoft.AspNetCore.Routing.EndpointMiddleware[0]
      Executing endpoint 'gRPC - /UnityILPP.PostProcessing/Ping'
info: Microsoft.AspNetCore.Routing.EndpointMiddleware[1]
      Executed endpoint 'gRPC - /UnityILPP.PostProcessing/Ping'
info: Microsoft.AspNetCore.Hosting.Diagnostics[2]
      Request finished HTTP/2 POST http://ilpp/UnityILPP.PostProcessing/Ping - 200 - application/grpc 25.2844ms
Refreshing native plugins compatible for Editor in 2.54 ms, found 3 plugins.
Starting: /Applications/Unity/Hub/Editor/6000.5.0f1/Unity.app/Contents/Resources/BuildPipeline/bee_backend --ipc --defer-dag-verification --dagfile="Library/Bee/200b0aE.dag" --continue-on-failure --profile="Library/Bee/backend1.traceevents" ScriptAssemblies
WorkingDir: /Users/burakcoskun/Last Signal
DisplayProgressbar: Compiling Scripts
info: Microsoft.AspNetCore.Hosting.Diagnostics[1]
      Request starting HTTP/2 POST http://ilpp/UnityILPP.PostProcessing/ConfigurePostProcessors - application/grpc -
info: Microsoft.AspNetCore.Routing.EndpointMiddleware[0]
      Executing endpoint 'gRPC - /UnityILPP.PostProcessing/ConfigurePostProcessors'
warn: Unity.ILPP.Runner.PostProcessingAssemblyLoadContext[0]
      Assembly unityeditor.ios.extensions.xcode has duplicate hint path. Ignoring "/Applications/Unity/Hub/Editor/6000.5.0f1/PlaybackEngines/iOSSupport/UnityEditor.iOS.Extensions.Xcode.dll" in favor of "/Applications/Unity/Hub/Editor/6000.5.0f1/PlaybackEngines/MacStandaloneSupport/UnityEditor.iOS.Extensions.Xcode.dll"
warn: Unity.ILPP.Runner.PostProcessingAssemblyLoadContext[0]
      Assembly system.runtime.interopservices.windowsruntime has duplicate hint path. Ignoring "/Applications/Unity/Hub/Editor/6000.5.0f1/Unity.app/Contents/Resources/Scripting/NetStandard/Extensions/2.0.0/System.Runtime.InteropServices.WindowsRuntime.dll" in favor of "/Applications/Unity/Hub/Editor/6000.5.0f1/Unity.app/Contents/Resources/Scripting/UnityReferenceAssemblies/unity-4.8-api/Facades/System.Runtime.InteropServices.WindowsRuntime.dll"
warn: Unity.ILPP.Runner.PostProcessingAssemblyLoadContext[0]
      Assembly system.componentmodel.composition has duplicate hint path. Ignoring "/Applications/Unity/Hub/Editor/6000.5.0f1/Unity.app/Contents/Resources/Scripting/NetStandard/compat/2.1.0/shims/netfx/System.ComponentModel.Composition.dll" in favor of "/Applications/Unity/Hub/Editor/6000.5.0f1/Unity.app/Contents/Resources/Scripting/UnityReferenceAssemblies/unity-4.8-api/System.ComponentModel.Composition.dll"
info: Unity.ILPP.Runner.PostProcessingAssemblyLoadContext[0]
      Resolved Mono.Cecil, Version=0.11.5.0, Culture=neutral, PublicKeyToken=50cebf1cceb9d05e with Library/PackageCache/com.unity.nuget.mono-cecil@ecb9724e46ff/Mono.Cecil.dll
info: Unity.ILPP.Runner.PostProcessingAssemblyLoadContext[0]
      Resolved Unity.Burst.Cecil, Version=0.11.6.0, Culture=neutral, PublicKeyToken=50cebf1cceb9d05e with Library/PackageCache/com.unity.burst@6bb9aca3ef38/Unity.Burst.CodeGen/Unity.Burst.Cecil.dll
info: Microsoft.AspNetCore.Routing.EndpointMiddleware[1]
      Executed endpoint 'gRPC - /UnityILPP.PostProcessing/ConfigurePostProcessors'
info: Microsoft.AspNetCore.Hosting.Diagnostics[2]
      Request finished HTTP/2 POST http://ilpp/UnityILPP.PostProcessing/ConfigurePostProcessors - 200 - application/grpc 13.0713ms
ExitCode: 0 Duration: 0s466ms
[1161/1589  0s] ILPP-Configuration Library/ilpp-configuration.nevergeneratedoutput
*** Tundra build success (0.45 seconds), 1 items updated, 1589 evaluated
AssetDatabase: script compilation time: 1.034463s
Begin MonoManager ReloadAssembly
Total cache size 268338544
Total cache size after purge 268338544, took 00:00:00.1845538
Symbol file LoadedFromMemory is not a mono symbol file
Symbol file LoadedFromMemory is not a mono symbol file
Native extension for iOS target not found
Native extension for Android target not found
Native extension for WindowsStandalone target not found
Native extension for OSXStandalone target not found
Start HTTP server: port:7800
[Licensing::Client] Error: Code 404 while processing request (status: Found 0 entitlement groups and 0 free entitlements matching requested entitlement ids)
[Licensing::Client] Error: Code 404 while processing request (status: Found 0 entitlement groups and 0 free entitlements matching requested entitlement ids)
[Licensing::Client] Error: Code 404 while processing request (status: Found 0 entitlement groups and 0 free entitlements matching requested entitlement ids)
ScheduleIndexationOnStartup MainProcess:True IndexOnStartup:True
Mono: successfully reloaded assembly
- Finished resetting the current domain, in  4.121 seconds
Domain Reload Profiling: 4856ms
	BeginReloadAssembly (97ms)
		DisableScriptedObjects (9ms)
		CreateAndSetChildDomain (25ms)
	RebuildCommonClasses (5ms)
	RebuildNativeTypeToScriptingClass (11ms)
	initialDomainReloadingComplete (45ms)
	LoadAllAssembliesAndSetupDomain (577ms)
		LoadAssemblies (226ms)
		AnalyzeDomain (317ms)
			TypeCache.Refresh (269ms)
				TypeCache.ScanAssembly (250ms)
			BuildScriptInfoCaches (44ms)
			ResolveRequiredComponents (4ms)
	FinalizeReload (4122ms)
		SetupLoadedEditorAssemblies (0ms)
			InitializePlatformSupportModulesInManaged (8ms)
			BeforeProcessingInitializeOnLoad (63ms)
			ProcessInitializeOnLoadAttributes (3631ms)
			ProcessInitializeOnLoadMethodAttributes (213ms)
		AwakeInstancesAfterBackupRestoration (7ms)
Starting new worker id: 0 with log in /Users/burakcoskun/Last Signal/Logs/AssetImportWorkerHW0.log

Asset Pipeline Refresh (id=0b129e3ca0f404d058a13575b37379d8): Total: 7.354 seconds - Initiated by InitialRefreshV2(ForceSynchronousImport)
	(Values over 0.05ms)
	Summary:
		Imports: total=0 (actual=0, local cache=0, cache server=0)
		Asset DB Process Time: managed=0 ms, native=5472 ms
		Asset DB Callback time: managed=20 ms, native=10 ms
		Scripting: domain reloads=1, domain reload time=765 ms, compile time=1035 ms, other=49 ms
		Project Asset Count: scripts=2801, non-scripts=9074
		Asset File Changes: new=0, changed=0, moved=0, deleted=0
		Scan Filter Count: 1
	InvokePackagesCallback: 11.149ms
	ApplyChangesToAssetFolders: 0.218ms
	Scan: 826.376ms
	Collect global state as custom dependencies: 1.782ms
	CategorizeScriptCompilationAssets: 67.732ms
	ProcessAssetsWithTransientArtifactChanges: 67.466ms
	CategorizeAssets: 122.289ms
	CompileScripts: 1035.213ms
	ImportOutOfDateAssets: 4240.231ms (4152.918ms without children)
		UnloadImportedAssets: 1.362ms
		EnsureUptoDateAssetsAreRegisteredWithGuidPM: 1.249ms
		ImportSchedulerStart: 84.655ms
	PostProcessAllAssets: 21.016ms
		MonoPostProcessAllAssets: 20.975ms
			UniversalRenderPipelineGlobalSettingsPostprocessor.OnPostprocessAllAssets 8.164ms
			GraphRefreshPostprocessor.OnPostprocessAllAssets 1.213ms
			WindowAssetPostprocessingWatcher.OnPostprocessAllAssets 1.161ms
			SpeedTree9Postprocessor.OnPostprocessAllAssets 0.945ms
			AssetChangeDetector.OnPostprocessAllAssets 0.507ms
			RenderPipelineGlobalSettingsPostprocessor.OnPostprocessAllAssets 0.358ms
			InputActionAssetPostprocessor.OnPostprocessAllAssets 0.286ms
			ShaderReflectionAssetPostProcessor.OnPostprocessAllAssets 0.220ms
			ReferencedClipsPostProcessor.OnPostprocessAllAssets 0.204ms
			ProjectSettingsPostprocessor.OnPostprocessAllAssets 0.149ms
			TerrainToolbarOverlayPostProcessor.OnPostprocessAllAssets 0.108ms
			AssetDatabaseCallbacks.OnPostprocessAllAssets 0.093ms
	UnloadStreamsBegin: 2.614ms
	PersistCurrentRevisions: 0.255ms
	GenerateScriptTypeHashes: 2.787ms
	GenerateScriptTypeSerializationHashes: 4.304ms
	Untracked: 956.093ms

Application.AssetDatabase Initial Refresh End
Shader Hidden/ChartRasterizerHardware is not supported: GPU does not support conservative rasterization
Launching external process: /Applications/Unity/Hub/Editor/6000.5.0f1/Unity.app/Contents/Helpers/UnityShaderCompiler
Launched and connected shader compiler UnityShaderCompiler after 0.06 seconds
Shader Hidden/ChartRasterizerHardware is not supported: GPU does not support conservative rasterization
Scanning for USB devices : 0.210ms
Initializing Unity extensions:
[MODES] ModeService[none].Initialize
[MODES] ModeService[none].LoadModes
[MODES] Loading mode Default (0) for mode-current-id-Last Signal
Worker ready: AssetImportWorkerHW0 0
2026-10-07 17:23:33.991 Unity[95895:31765048] NSEventModifierFlagFunction specified to -setKeyEquivalentModifierMask: for item <NSMenuItem: 0x600003b2c2a0 SDF, ke='Command-F12'>, but is only supported for system-provided menu items; will not be used
Unloading 70 Unused Serialized files (Serialized files now loaded: 0)
Unloading 11093 unused Assets / (24.4 MB). Loaded Objects now: 12040.
Memory consumption went from 393.6 MB to 369.2 MB.
Total: 25.275417 ms (FindLiveObjects: 0.599709 ms CreateObjectMapping: 2.946166 ms MarkObjects: 16.642750 ms  DeleteObjects: 5.086292 ms)

[Project] Loading completed in 10.823 seconds
	Project init time: 				10.080 seconds
		Template init time: 		0.000 seconds
		Package Manager init time: 		0.383 seconds
		Asset Database init time: 		0.540 seconds
		Global illumination init time: 	0.001 seconds
		Assemblies load time: 			0.623 seconds
		Unity extensions init time: 	0.024 seconds
		Asset Database refresh time: 	7.354 seconds
	Scene opening time: 			0.675 seconds
##utp:{"type":"ProjectInfo","version":2,"phase":"Immediate","time":1791383014092,"processId":95895,"projectLoad":10.822731292,"projectInit":10.079514792,"templateInit":0.0,"packageManagerInit":0.382935833,"assetDatabaseInit":0.540098583,"globalIlluminationInit":0.000730709,"assembliesLoad":0.622808125,"unityExtensionsInit":0.024271542,"assetDatabaseRefresh":7.354332542,"sceneOpening":0.675129459}
##utp:{"type":"EditorInfo","version":2,"phase":"Immediate","time":1791383014092,"processId":95895,"editorVersion":"6000.5.0f1 (88b47c5e7076)","branch":"6000.5/staging","buildType":"Release","platform":"OSX"}
Subscribe to USB device events
Scanning for USB devices : 0.167ms
[Licensing::Client] Error: Code 404 while processing request (status: Found 0 entitlement groups and 0 free entitlements matching requested entitlement ids)
[Licensing::Client] Error: Code 404 while processing request (status: Found 0 entitlement groups and 0 free entitlements matching requested entitlement ids)
[Licensing::Client] Successfully resolved entitlement details
<color=green><b>Thank you for using my asset!</b></color> If you like it, please take a moment to rate it on the Asset Store. It helps me a lot!
UnityEngine.Debug:ExtractStackTraceNoAlloc (byte*,int,string)
UnityEngine.StackTraceUtility:ExtractStackTrace () (at /Users/bokken/build/output/unity/unity/Runtime/Export/Scripting/StackTrace.cs:35)
UnityEngine.DebugLogHandler:Internal_Log (UnityEngine.LogType,UnityEngine.LogOption,string,UnityEngine.Object)
UnityEngine.DebugLogHandler:LogFormat (UnityEngine.LogType,UnityEngine.Object,string,object[])
UnityEngine.Logger:Log (UnityEngine.LogType,object)
UnityEngine.Debug:Log (object)
YourPackage.Editor.WelcomeWindow:OnEnable () (at Assets/ThirdParty/Zombies/ArtStore3D/Fat Zombie(Low Poly)/Editor/WelcomeWindow.cs:41)
UnityEngine.ScriptableObject:CreateScriptableObjectInstanceFromType (System.Type,bool)
UnityEngine.ScriptableObject:CreateInstance (System.Type) (at /Users/bokken/build/output/unity/unity/Runtime/Export/Scripting/ScriptableObject.bindings.cs:35)
UnityEditor.EditorWindow:GetWindowPrivate (System.Type,bool,string,bool,bool) (at /Users/bokken/build/output/unity/unity/Editor/Mono/EditorWindow.cs:780)
UnityEditor.EditorWindow:GetWindow (System.Type,bool,string,bool) (at /Users/bokken/build/output/unity/unity/Editor/Mono/EditorWindow.cs:805)
UnityEditor.EditorWindow:GetWindow<YourPackage.Editor.WelcomeWindow> (bool,string,bool) (at /Users/bokken/build/output/unity/unity/Editor/Mono/EditorWindow.cs:876)
UnityEditor.EditorWindow:GetWindow<YourPackage.Editor.WelcomeWindow> (string,bool) (at /Users/bokken/build/output/unity/unity/Editor/Mono/EditorWindow.cs:870)
UnityEditor.EditorWindow:GetWindow<YourPackage.Editor.WelcomeWindow> (string) (at /Users/bokken/build/output/unity/unity/Editor/Mono/EditorWindow.cs:865)
YourPackage.Editor.WelcomeWindow:Open () (at Assets/ThirdParty/Zombies/ArtStore3D/Fat Zombie(Low Poly)/Editor/WelcomeWindow.cs:27)
YourPackage.Editor.WelcomeWindow:RunOnce () (at Assets/ThirdParty/Zombies/ArtStore3D/Fat Zombie(Low Poly)/Editor/WelcomeWindow.cs:20)
UnityEditor.EditorApplication:Internal_CallUpdateFunctions () (at /Users/bokken/build/output/unity/unity/Editor/Mono/EditorApplication.cs:403)

(Filename: Assets/ThirdParty/Zombies/ArtStore3D/Fat Zombie(Low Poly)/Editor/WelcomeWindow.cs Line: 41)

2026-10-07 17:23:34.326 Unity[95895:31765048] CAMetalLayer ignoring invalid setDrawableSize width=0.000000 height=0.000000
2026-10-07 17:23:34.354 Unity[95895:31765048] CAMetalLayer ignoring invalid setDrawableSize width=0.000000 height=0.000000
[Licensing::Client] Successfully resolved entitlement details
Running tests for ExecutionSettings with details:
targetPlatform = 
playerHeartbeatTimeout = 600
filters[0] = 
   Filter with settings:
   testMode = PlayMode
   targetPlatform = 
   testNames = null
   groupNames = LastSignal.Tests.S015AudioPlayTests
   categoryNames = null
   assemblyNames = LastSignal.PlayModeTests
ignoreTests = {}
featureFlags = null

UnityEngine.Debug:ExtractStackTraceNoAlloc (byte*,int,string)
UnityEngine.StackTraceUtility:ExtractStackTrace () (at /Users/bokken/build/output/unity/unity/Runtime/Export/Scripting/StackTrace.cs:35)
UnityEngine.DebugLogHandler:Internal_Log (UnityEngine.LogType,UnityEngine.LogOption,string,UnityEngine.Object)
UnityEngine.DebugLogHandler:LogFormat (UnityEngine.LogType,UnityEngine.Object,string,object[])
UnityEngine.Logger:Log (UnityEngine.LogType,object)
UnityEngine.Debug:Log (object)
UnityEditor.TestTools.TestRunner.CommandLineTest.Executer:InitializeAndExecuteRun (string[]) (at ./Library/PackageCache/com.unity.test-framework@f3e6c9a02477/UnityEditor.TestRunner/CommandLineTest/Executer.cs:53)
UnityEditor.TestTools.TestRunner.CommandLineTest.TestStarter:InitializeAndExecuteRun () (at ./Library/PackageCache/com.unity.test-framework@f3e6c9a02477/UnityEditor.TestRunner/CommandLineTest/TestStarter.cs:64)
UnityEditor.EditorApplication:Internal_CallUpdateFunctions () (at /Users/bokken/build/output/unity/unity/Editor/Mono/EditorApplication.cs:403)

(Filename: ./Library/PackageCache/com.unity.test-framework@f3e6c9a02477/UnityEditor.TestRunner/CommandLineTest/Executer.cs Line: 53)

Start Indexing on Editor startup
[Indexing] Starting Initial Indexing for Assets
[UnityConnectServicesConfig] config is NOT valid, switching to default
Created GICache directory at /Users/burakcoskun/Library/Caches/com.unity3d.UnityEditor/GiCache. Took: 0.002s, timestamps: [10.830 - 10.831]
[Licensing::Client] Error: Code 404 while processing request (status: Found 0 entitlement groups and 0 free entitlements matching requested entitlement ids)
[Licensing::Client] Error: Code 404 while processing request (status: Found 0 entitlement groups and 0 free entitlements matching requested entitlement ids)
[Licensing::Client] Error: Code 404 while processing request (status: Found 0 entitlement groups and 0 free entitlements matching requested entitlement ids)
Unloading 3 Unused Serialized files (Serialized files now loaded: 0)
Unloading 1 unused Assets / (62.6 KB). Loaded Objects now: 12750.
Memory consumption went from 413.8 MB to 413.7 MB.
Total: 24.152625 ms (FindLiveObjects: 0.380500 ms CreateObjectMapping: 1.025292 ms MarkObjects: 22.684750 ms  DeleteObjects: 0.061875 ms)

Importing 'GUID: 0000000000000000b000000000000000 - Path: ProjectSettings/EditorBuildSettings.asset' with importer (LibraryAssetImporter)
Imported 'GUID: 0000000000000000b000000000000000' -> (Import Result ID: '7d4ed8fbd0ab9140f7533c601adcfcf9') in 0.004 seconds [static dependencies only]. Details - ImportResultOutputID=4647dd083cfc32cebcd7526e8846440c DependenciesID=230f0018ae6f8e259ca09fd2162c232b StaticDependenciesID=d6314ac31c30171c0d0a734448bfd141 

Asset Pipeline Refresh (id=62059e48ee18348449a0696e1edd69da): Total: 0.433 seconds - Initiated by StopAssetImportingV2(NoUpdateAssetOptions)
	(Values over 0.05ms)
	Summary:
		Imports: total=1 (actual=1, local cache=0, cache server=0)
		Asset DB Process Time: managed=1 ms, native=159 ms
		Asset DB Callback time: managed=268 ms, native=4 ms
		Scripting: domain reloads=0, domain reload time=0 ms, compile time=0 ms, other=0 ms
		Project Asset Count: scripts=2801, non-scripts=9074
		Asset File Changes: new=0, changed=0, moved=0, deleted=0
		Scan Filter Count: 1
	ApplyChangesToAssetFolders: 0.126ms
	Scan: 3.133ms
	ProcessAssetsWithTransientArtifactChanges: 0.159ms
	CategorizeAssets: 62.941ms
	ImportOutOfDateAssets: 84.907ms (13.990ms without children)
		ImportManagerImport: 5.406ms (0.710ms without children)
		UnloadImportedAssets: 0.084ms
		EnsureUptoDateAssetsAreRegisteredWithGuidPM: 1.091ms
		ImportSchedulerStart: 64.295ms
	PostProcessAllAssets: 269.745ms
		XRBuildSystem.XRAssetImported 1.174ms
		MonoPostProcessAllAssets: 268.204ms
			AssetPostprocessor.OnPostprocessAllAssets 159.520ms
			AssetReferenceReimportMonitor.OnPostprocessAllAssets 13.781ms
			BuilderAssetPostprocessor.OnPostprocessAllAssets 3.785ms
			SpriteSlicePostprocessor.OnPostprocessAllAssets 1.395ms
			AssetChangedListener.OnPostprocessAllAssets 1.067ms
			ShaderGraphAssetPostProcessor.OnPostprocessAllAssets 0.888ms
			RetainedModeAssetPostprocessor.OnPostprocessAllAssets 0.638ms
			SpriteEditorTexturePostprocessor.OnPostprocessAllAssets 0.313ms
			ArtifactBrowserPostProcessor.OnPostprocessAllAssets 0.309ms
			MaterialPostprocessor.OnPostprocessAllAssets 0.286ms
			SampleDependencyImporterPostProcessor.OnPostprocessAllAssets 0.240ms
			ModelAssetProcessor.OnPostprocessAllAssets 0.228ms
			UVCSAssetPostprocessor.OnPostprocessAllAssets 0.184ms
			AudioMixerPostprocessor.OnPostprocessAllAssets 0.168ms
			TextAssetPostProcessor.OnPostprocessAllAssets 0.162ms
			TMPro_TexturePostProcessor.OnPostprocessAllAssets 0.157ms
			SkillsProjectAssetPostprocessor.OnPostprocessAllAssets 0.156ms
			PostProcessor.OnPostprocessAllAssets 0.147ms
			InputActionJsonNameModifierAssetProcessor.OnPostprocessAllAssets 0.141ms
			StyleCatalogPostProcessor.OnPostprocessAllAssets 0.122ms
			SamplePostprocessor.OnPostprocessAllAssets 0.113ms
			AssetEvents.OnPostprocessAllAssets 0.105ms
			SpeedTreePostProcessor.OnPostprocessAllAssets 0.077ms
			ConfigAssetsTracker.OnPostprocessAllAssets 0.076ms
			ScenarioDriftAssetsTracker.OnPostprocessAllAssets 0.062ms
			InputActionAssetPostprocessor.OnPostprocessAllAssets 0.051ms
	PostAssetChangesProfiler: 2.590ms
	GatherAllCurrentPrimaryImportResultRevisions: 0.360ms
	PersistCurrentRevisions: 0.255ms
	Untracked: 8.524ms

[INFO ] [relay] relay.startup port=9003 mcpClientPort=9004 editorPid=95895
[INFO ] [relay] log === RELAY SERVER STARTED === (unity-ai-relay v1.0.12-build.99)
[INFO ] [relay] log TLS trust: NODE_USE_SYSTEM_CA=on systemCAs=4 bundledCAs=145
[INFO ] [relay] log Starting relay server...
[INFO ] [relay] log Command line arguments: ["bun","/$bunfs/root/relay_mac_arm64","--relay","--port","9003","--mcp-client-port","9004","--editor-pid","95895","--shutdown-delay","180","--log-dir","/Users/burakcoskun/Last Signal/Logs"]
[INFO ] [relay] log Parsed config: {"port":9003,"mcpClientPort":9004,"editorPid":"95895","shutdownDelaySeconds":180}
[INFO ] [relay] log Initializing relay components...
[INFO ] [relay] log Creating RelayEditor...
[INFO ] [relay] log WebSocket server started
[INFO ] [relay] log Relay server initialization completed
[INFO ] [relay] log MCP Client initialized at port: 9004
Importing 'GUID: 278a13bc4bbda42e79134e598d2f33c2 - Path: Assets/InitTestScene7a980dc7-586d-4514-bc12-a7324170ef28.unity' with importer (DefaultImporter)
[INFO ] [relay] log Unity MCP Relay server started | Port: 9004 | Endpoints: /mcp/start-server, /mcp/stop-server, /mcp/server-status, /mcp/call-tool
[INFO ] [relay] log Unity client connected with ID: editor-95895-rlooqs (relay 1.0.12-build.99)
[INFO ] [relay] connection.established clientId=editor-95895-rlooqs port=9003
Imported 'GUID: 278a13bc4bbda42e79134e598d2f33c2' -> (Import Result ID: 'd208debce241a4a73d493640f3417fe7') in 0.003 seconds [static dependencies only]. Details - ImportResultOutputID=84e5558d63df2b054e240c8084e5bbef DependenciesID=1ff3158b179657b9bc990163baba97f7 StaticDependenciesID=461ee90e8965e50e8fc973cc38d5d277 
Asset Pipeline Refresh (id=e6e614eb1c64d41ba953dbea8a197aef): Total: 0.126 seconds - Initiated by StopAssetImportingV2(NoUpdateAssetOptions)
Executing IPrebuildSetup for: Unity.PerformanceTesting.Editor.TestRunBuilder.
UnityEngine.Debug:ExtractStackTraceNoAlloc (byte*,int,string)
UnityEngine.StackTraceUtility:ExtractStackTrace () (at /Users/bokken/build/output/unity/unity/Runtime/Export/Scripting/StackTrace.cs:35)
UnityEngine.DebugLogHandler:Internal_Log (UnityEngine.LogType,UnityEngine.LogOption,string,UnityEngine.Object)
UnityEngine.DebugLogHandler:LogFormat (UnityEngine.LogType,UnityEngine.Object,string,object[])
UnityEngine.Logger:Log (UnityEngine.LogType,object)
UnityEngine.Debug:Log (object)
UnityEditor.TestTools.TestRunner.TestRun.Tasks.BuildActionTaskBase`1/<ExecuteMethods>d__8<UnityEngine.TestTools.IPrebuildSetup>:MoveNext () (at ./Library/PackageCache/com.unity.test-framework@f3e6c9a02477/UnityEditor.TestRunner/TestRun/Tasks/BuildActionTaskBase.cs:48)
UnityEditor.TestTools.TestRunner.TestRun.Tasks.BuildActionTaskBase`1/<Execute>d__7<UnityEngine.TestTools.IPrebuildSetup>:MoveNext () (at ./Library/PackageCache/com.unity.test-framework@f3e6c9a02477/UnityEditor.TestRunner/TestRun/Tasks/BuildActionTaskBase.cs:34)
UnityEditor.TestTools.TestRunner.TestRun.TestJobRunner:ExecuteStep () (at ./Library/PackageCache/com.unity.test-framework@f3e6c9a02477/UnityEditor.TestRunner/TestRun/TestJobRunner.cs:194)
UnityEditor.TestTools.TestRunner.TestRun.TestJobRunner:ExecuteCallback () (at ./Library/PackageCache/com.unity.test-framework@f3e6c9a02477/UnityEditor.TestRunner/TestRun/TestJobRunner.cs:129)
UnityEditor.EditorApplication:Internal_CallUpdateFunctions () (at /Users/bokken/build/output/unity/unity/Editor/Mono/EditorApplication.cs:403)

(Filename: ./Library/PackageCache/com.unity.test-framework@f3e6c9a02477/UnityEditor.TestRunner/TestRun/Tasks/BuildActionTaskBase.cs Line: 48)

Thread 0x327f5f000 may have been prematurely finalized
Reloading assemblies for play mode.
Reloading assemblies after forced synchronous recompile.
Begin MonoManager ReloadAssembly
2026-10-07 17:23:36.627 Unity[95895:31765048] NSEventModifierFlagFunction specified to -setKeyEquivalentModifierMask: for item <NSMenuItem: 0x600003be8700 SDF, ke='Command-F12'>, but is only supported for system-provided menu items; will not be used
2026-10-07 17:23:36.631 Unity[95895:31765048] NSEventModifierFlagFunction specified to -setKeyEquivalentModifierMask: for item <NSMenuItem: 0x600003be9490 SDF, ke='Command-F12'>, but is only supported for system-provided menu items; will not be used
2026-10-07 17:23:36.634 Unity[95895:31765048] NSEventModifierFlagFunction specified to -setKeyEquivalentModifierMask: for item <NSMenuItem: 0x600003ba66f0 SDF, ke='Command-F12'>, but is only supported for system-provided menu items; will not be used
2026-10-07 17:23:36.637 Unity[95895:31765048] NSEventModifierFlagFunction specified to -setKeyEquivalentModifierMask: for item <NSMenuItem: 0x600003be89a0 SDF, ke='Command-F12'>, but is only supported for system-provided menu items; will not be used
[INFO ] [relay] log Domain reload signal received from client editor-95895-rlooqs
<CFData 0x6000031e80a0 [0x1fd0bc998]>{length = 6, capacity = 6, bytes = 0x80a99733c800}
Failed to collect process info for PID 22650: Thread was being aborted.
UnityEngine.Debug:ExtractStackTraceNoAlloc (byte*,int,string)
UnityEngine.StackTraceUtility:ExtractStackTrace () (at /Users/bokken/build/output/unity/unity/Runtime/Export/Scripting/StackTrace.cs:35)
UnityEngine.DebugLogHandler:Internal_Log (UnityEngine.LogType,UnityEngine.LogOption,string,UnityEngine.Object)
UnityEngine.DebugLogHandler:LogFormat (UnityEngine.LogType,UnityEngine.Object,string,object[])
UnityEngine.Logger:Log (UnityEngine.LogType,object)
UnityEngine.Debug:LogWarning (object)
Unity.AI.MCP.Editor.Security.ProcessInfoCollector:CollectProcessInfo (int) (at ./Library/PackageCache/com.unity.ai.assistant@8d1e3e89e3a7/Modules/Unity.AI.MCP.Editor/Security/ProcessInfoCollector.cs:93)
Unity.AI.MCP.Editor.Security.ProcessInfoCollector:CollectConnectionInfo (int,Unity.AI.MCP.Editor.Security.ValidationConfig) (at ./Library/PackageCache/com.unity.ai.assistant@8d1e3e89e3a7/Modules/Unity.AI.MCP.Editor/Security/ProcessInfoCollector.cs:122)
Unity.AI.MCP.Editor.Security.ConnectionValidator:ValidateConnection (Unity.AI.MCP.Editor.Connection.IConnectionTransport,Unity.AI.MCP.Editor.Security.ValidationConfig) (at ./Library/PackageCache/com.unity.ai.assistant@8d1e3e89e3a7/Modules/Unity.AI.MCP.Editor/Security/ConnectionValidator.cs:39)
Unity.AI.MCP.Editor.Bridge/<>c__DisplayClass67_0:<ValidateAndApproveAsync>b__1 () (at ./Library/PackageCache/com.unity.ai.assistant@8d1e3e89e3a7/Modules/Unity.AI.MCP.Editor/Bridge.cs:1050)
System.Threading.Tasks.Task`1<Unity.AI.MCP.Editor.Security.ValidationDecision>:InnerInvoke ()
System.Threading.Tasks.Task:Execute ()
System.Threading.Tasks.Task:ExecutionContextCallback (object)
System.Threading.ExecutionContext:RunInternal (System.Threading.ExecutionContext,System.Threading.ContextCallback,object,bool)
System.Threading.ExecutionContext:Run (System.Threading.ExecutionContext,System.Threading.ContextCallback,object,bool)
System.Threading.Tasks.Task:ExecuteWithThreadLocal (System.Threading.Tasks.Task&)
System.Threading.Tasks.Task:ExecuteEntry (bool)
System.Threading.Tasks.Task:System.Threading.IThreadPoolWorkItem.ExecuteWorkItem ()
System.Threading.ThreadPoolWorkQueue:Dispatch ()
System.Threading._ThreadPoolWaitCallback:PerformWaitCallback ()

(Filename: ./Library/PackageCache/com.unity.ai.assistant@8d1e3e89e3a7/Modules/Unity.AI.MCP.Editor/Security/ProcessInfoCollector.cs Line: 93)

Failed to collect process info for PID 22650: Thread was being aborted.
UnityEngine.Debug:ExtractStackTraceNoAlloc (byte*,int,string)
UnityEngine.StackTraceUtility:ExtractStackTrace () (at /Users/bokken/build/output/unity/unity/Runtime/Export/Scripting/StackTrace.cs:35)
UnityEngine.DebugLogHandler:Internal_Log (UnityEngine.LogType,UnityEngine.LogOption,string,UnityEngine.Object)
UnityEngine.DebugLogHandler:LogFormat (UnityEngine.LogType,UnityEngine.Object,string,object[])
UnityEngine.Logger:Log (UnityEngine.LogType,object)
UnityEngine.Debug:LogWarning (object)
Unity.AI.MCP.Editor.Security.ProcessInfoCollector:CollectProcessInfo (int) (at ./Library/PackageCache/com.unity.ai.assistant@8d1e3e89e3a7/Modules/Unity.AI.MCP.Editor/Security/ProcessInfoCollector.cs:93)
Unity.AI.MCP.Editor.Security.ProcessInfoCollector:CollectConnectionInfo (int,Unity.AI.MCP.Editor.Security.ValidationConfig) (at ./Library/PackageCache/com.unity.ai.assistant@8d1e3e89e3a7/Modules/Unity.AI.MCP.Editor/Security/ProcessInfoCollector.cs:122)
Unity.AI.MCP.Editor.Security.ConnectionValidator:ValidateConnection (Unity.AI.MCP.Editor.Connection.IConnectionTransport,Unity.AI.MCP.Editor.Security.ValidationConfig) (at ./Library/PackageCache/com.unity.ai.assistant@8d1e3e89e3a7/Modules/Unity.AI.MCP.Editor/Security/ConnectionValidator.cs:39)
Unity.AI.MCP.Editor.Bridge/<>c__DisplayClass67_0:<ValidateAndApproveAsync>b__1 () (at ./Library/PackageCache/com.unity.ai.assistant@8d1e3e89e3a7/Modules/Unity.AI.MCP.Editor/Bridge.cs:1050)
System.Threading.Tasks.Task`1<Unity.AI.MCP.Editor.Security.ValidationDecision>:InnerInvoke ()
System.Threading.Tasks.Task:Execute ()
System.Threading.Tasks.Task:ExecutionContextCallback (object)
System.Threading.ExecutionContext:RunInternal (System.Threading.ExecutionContext,System.Threading.ContextCallback,object,bool)
System.Threading.ExecutionContext:Run (System.Threading.ExecutionContext,System.Threading.ContextCallback,object,bool)
System.Threading.Tasks.Task:ExecuteWithThreadLocal (System.Threading.Tasks.Task&)
System.Threading.Tasks.Task:ExecuteEntry (bool)
System.Threading.Tasks.Task:System.Threading.IThreadPoolWorkItem.ExecuteWorkItem ()
System.Threading.ThreadPoolWorkQueue:Dispatch ()
System.Threading._ThreadPoolWaitCallback:PerformWaitCallback ()

(Filename: ./Library/PackageCache/com.unity.ai.assistant@8d1e3e89e3a7/Modules/Unity.AI.MCP.Editor/Security/ProcessInfoCollector.cs Line: 93)

Failed to collect process info for PID 22650: Thread was being aborted.
UnityEngine.Debug:ExtractStackTraceNoAlloc (byte*,int,string)
UnityEngine.StackTraceUtility:ExtractStackTrace () (at /Users/bokken/build/output/unity/unity/Runtime/Export/Scripting/StackTrace.cs:35)
UnityEngine.DebugLogHandler:Internal_Log (UnityEngine.LogType,UnityEngine.LogOption,string,UnityEngine.Object)
UnityEngine.DebugLogHandler:LogFormat (UnityEngine.LogType,UnityEngine.Object,string,object[])
UnityEngine.Logger:Log (UnityEngine.LogType,object)
UnityEngine.Debug:LogWarning (object)
Unity.AI.MCP.Editor.Security.ProcessInfoCollector:CollectProcessInfo (int) (at ./Library/PackageCache/com.unity.ai.assistant@8d1e3e89e3a7/Modules/Unity.AI.MCP.Editor/Security/ProcessInfoCollector.cs:93)
Unity.AI.MCP.Editor.Security.ProcessInfoCollector:CollectConnectionInfo (int,Unity.AI.MCP.Editor.Security.ValidationConfig) (at ./Library/PackageCache/com.unity.ai.assistant@8d1e3e89e3a7/Modules/Unity.AI.MCP.Editor/Security/ProcessInfoCollector.cs:122)
Unity.AI.MCP.Editor.Security.ConnectionValidator:ValidateConnection (Unity.AI.MCP.Editor.Connection.IConnectionTransport,Unity.AI.MCP.Editor.Security.ValidationConfig) (at ./Library/PackageCache/com.unity.ai.assistant@8d1e3e89e3a7/Modules/Unity.AI.MCP.Editor/Security/ConnectionValidator.cs:39)
Unity.AI.MCP.Editor.Bridge/<>c__DisplayClass67_0:<ValidateAndApproveAsync>b__1 () (at ./Library/PackageCache/com.unity.ai.assistant@8d1e3e89e3a7/Modules/Unity.AI.MCP.Editor/Bridge.cs:1050)
System.Threading.Tasks.Task`1<Unity.AI.MCP.Editor.Security.ValidationDecision>:InnerInvoke ()
System.Threading.Tasks.Task:Execute ()
System.Threading.Tasks.Task:ExecutionContextCallback (object)
System.Threading.ExecutionContext:RunInternal (System.Threading.ExecutionContext,System.Threading.ContextCallback,object,bool)
System.Threading.ExecutionContext:Run (System.Threading.ExecutionContext,System.Threading.ContextCallback,object,bool)
System.Threading.Tasks.Task:ExecuteWithThreadLocal (System.Threading.Tasks.Task&)
System.Threading.Tasks.Task:ExecuteEntry (bool)
System.Threading.Tasks.Task:System.Threading.IThreadPoolWorkItem.ExecuteWorkItem ()
System.Threading.ThreadPoolWorkQueue:Dispatch ()
System.Threading._ThreadPoolWaitCallback:PerformWaitCallback ()

(Filename: ./Library/PackageCache/com.unity.ai.assistant@8d1e3e89e3a7/Modules/Unity.AI.MCP.Editor/Security/ProcessInfoCollector.cs Line: 93)

[INFO ] [relay] log Client disconnected - blocking and caching for recovery
[WARN ] [relay] connection.lost clientId=null
[WARN ] [relay] log Client disconnected - sessions will persist until auto-shutdown, reason: Client disconnected
[INFO ] [relay] log Auto-shutdown timer started due to client disconnection
Symbol file LoadedFromMemory is not a mono symbol file
Symbol file LoadedFromMemory is not a mono symbol file
[INFO ] [relay] log [shell-env] PATH augmented with shell environment (36 entries)
Native extension for iOS target not found
Native extension for Android target not found
Native extension for WindowsStandalone target not found
Native extension for OSXStandalone target not found
Start HTTP server: port:7800
[Licensing::Client] Error: Code 404 while processing request (status: Found 0 entitlement groups and 0 free entitlements matching requested entitlement ids)
[Licensing::Client] Error: Code 404 while processing request (status: Found 0 entitlement groups and 0 free entitlements matching requested entitlement ids)
[Licensing::Client] Error: Code 404 while processing request (status: Found 0 entitlement groups and 0 free entitlements matching requested entitlement ids)
ScheduleIndexationOnStartup MainProcess:True IndexOnStartup:True
<color=green><b>Thank you for using my asset!</b></color> If you like it, please take a moment to rate it on the Asset Store. It helps me a lot!
UnityEngine.Debug:ExtractStackTraceNoAlloc (byte*,int,string)
UnityEngine.StackTraceUtility:ExtractStackTrace () (at /Users/bokken/build/output/unity/unity/Runtime/Export/Scripting/StackTrace.cs:35)
UnityEngine.DebugLogHandler:Internal_Log (UnityEngine.LogType,UnityEngine.LogOption,string,UnityEngine.Object)
UnityEngine.DebugLogHandler:LogFormat (UnityEngine.LogType,UnityEngine.Object,string,object[])
UnityEngine.Logger:Log (UnityEngine.LogType,object)
UnityEngine.Debug:Log (object)
YourPackage.Editor.WelcomeWindow:OnEnable () (at Assets/ThirdParty/Zombies/ArtStore3D/Fat Zombie(Low Poly)/Editor/WelcomeWindow.cs:41)

(Filename: Assets/ThirdParty/Zombies/ArtStore3D/Fat Zombie(Low Poly)/Editor/WelcomeWindow.cs Line: 41)

[MODES] ModeService[none].Initialize
[MODES] ModeService[none].LoadModes
Mono: successfully reloaded assembly
- Finished resetting the current domain, in  2.004 seconds
Domain Reload Profiling: 3550ms
	BeginReloadAssembly (1342ms)
		DisableScriptedObjects (16ms)
		CreateAndSetChildDomain (1229ms)
	RebuildCommonClasses (5ms)
	RebuildNativeTypeToScriptingClass (11ms)
	initialDomainReloadingComplete (45ms)
	LoadAllAssembliesAndSetupDomain (143ms)
		LoadAssemblies (74ms)
		AnalyzeDomain (20ms)
			TypeCache.Refresh (12ms)
			ResolveRequiredComponents (5ms)
	FinalizeReload (2005ms)
		SetupLoadedEditorAssemblies (0ms)
			InitializePlatformSupportModulesInManaged (8ms)
			BeforeProcessingInitializeOnLoad (85ms)
			ProcessInitializeOnLoadAttributes (1414ms)
			ProcessInitializeOnLoadMethodAttributes (171ms)
		AwakeInstancesAfterBackupRestoration (71ms)
No restricted APIs configured; Validation skipped.
Checking 44 assemblies for restricted APIs found 0 usage(s) in 1 ms

Asset Pipeline Refresh (id=03fb7e8b4387a4a458f8c333fef8e48a): Total: 4.818 seconds - Initiated by StopAssetImportingV2(ForceSynchronousImport | ForceDomainReload)
	(Values over 0.05ms)
	Summary:
		Imports: total=0 (actual=0, local cache=0, cache server=0)
		Asset DB Process Time: managed=0 ms, native=2374 ms
		Asset DB Callback time: managed=688 ms, native=183 ms
		Scripting: domain reloads=1, domain reload time=1569 ms, compile time=1 ms, other=0 ms
		Project Asset Count: scripts=2801, non-scripts=9075
		Asset File Changes: new=0, changed=0, moved=0, deleted=0
		Scan Filter Count: 0
	InvokePackagesCallback: 0.487ms
	ApplyChangesToAssetFolders: 0.187ms
	Collect global state as custom dependencies: 1.115ms
	ProcessAssetsWithTransientArtifactChanges: 151.605ms
	CategorizeAssets: 100.317ms
	CompileScripts: 0.949ms
	ImportOutOfDateAssets: 2086.931ms (2021.798ms without children)
		CollectScriptTypesHashes: 1.087ms
		ReloadNativeAssets: 0.693ms
		UnloadImportedAssets: 0.105ms
		EnsureUptoDateAssetsAreRegisteredWithGuidPM: 1.202ms
		ImportSchedulerStart: 63.088ms
	PostProcessAllAssets: 865.636ms
		AssemblyValidation.PostprocessAllAssets 47.874ms
		PostProcessCallbackCreateDeferredMaterials 16.763ms
		RaytracingShaderImportPostprocess 11.542ms
		SpeedTreeImporter.PostprocessAllAssets 11.459ms
		ShaderAssetModifiedCallback 10.834ms
		ComputeShaderImportPostprocess 9.548ms
		LocalizationDatabase.AssetDatabasePostprocessCallback 4.715ms
		BlockShaderImporter.PostprocessAllAssets 4.356ms
		XRBuildSystem.XRAssetImported 0.150ms
		MonoPostProcessAllAssets: 687.525ms
			ShaderGraphAssetPostProcessor.OnPostprocessAllAssets 195.846ms
			PostProcessor.OnPostprocessAllAssets 50.433ms
			AssetPostprocessor.OnPostprocessAllAssets 46.924ms
			InputActionJsonNameModifierAssetProcessor.OnPostprocessAllAssets 35.930ms
			MaterialPostprocessor.OnPostprocessAllAssets 35.649ms
			InputActionAssetPostprocessor.OnPostprocessAllAssets 35.646ms
			AssetReferenceReimportMonitor.OnPostprocessAllAssets 24.340ms
			TextAssetPostProcessor.OnPostprocessAllAssets 21.766ms
			SpriteSlicePostprocessor.OnPostprocessAllAssets 20.385ms
			StyleCatalogPostProcessor.OnPostprocessAllAssets 13.379ms
			AssetChangedListener.OnPostprocessAllAssets 13.269ms
			UniversalRenderPipelineGlobalSettingsPostprocessor.OnPostprocessAllAssets 5.166ms
			RenderPipelineGlobalSettingsPostprocessor.OnPostprocessAllAssets 4.293ms
			BuilderAssetPostprocessor.OnPostprocessAllAssets 4.058ms
			SpeedTree9Postprocessor.OnPostprocessAllAssets 2.517ms
			RetainedModeAssetPostprocessor.OnPostprocessAllAssets 1.029ms
			GraphRefreshPostprocessor.OnPostprocessAllAssets 0.952ms
			WindowAssetPostprocessingWatcher.OnPostprocessAllAssets 0.832ms
			SkillsProjectAssetPostprocessor.OnPostprocessAllAssets 0.545ms
			AssetChangeDetector.OnPostprocessAllAssets 0.542ms
			SpriteEditorTexturePostprocessor.OnPostprocessAllAssets 0.356ms
			ProjectSettingsPostprocessor.OnPostprocessAllAssets 0.277ms
			ArtifactBrowserPostProcessor.OnPostprocessAllAssets 0.264ms
			SpeedTreePostProcessor.OnPostprocessAllAssets 0.248ms
			SampleDependencyImporterPostProcessor.OnPostprocessAllAssets 0.233ms
			ShaderReflectionAssetPostProcessor.OnPostprocessAllAssets 0.183ms
			ReferencedClipsPostProcessor.OnPostprocessAllAssets 0.181ms
			ModelAssetProcessor.OnPostprocessAllAssets 0.176ms
			UVCSAssetPostprocessor.OnPostprocessAllAssets 0.173ms
			SamplePostprocessor.OnPostprocessAllAssets 0.148ms
			AudioMixerPostprocessor.OnPostprocessAllAssets 0.147ms
			TMPro_TexturePostProcessor.OnPostprocessAllAssets 0.145ms
			AssetEvents.OnPostprocessAllAssets 0.143ms
			TerrainToolbarOverlayPostProcessor.OnPostprocessAllAssets 0.095ms
			SyncVS.PostprocessSyncProject 0.086ms
			ConfigAssetsTracker.OnPostprocessAllAssets 0.068ms
			AssetDatabaseCallbacks.OnPostprocessAllAssets 0.066ms
			ScenarioDriftAssetsTracker.OnPostprocessAllAssets 0.053ms
	PostAssetChangesProfiler: 6.301ms
	GatherAllCurrentPrimaryImportResultRevisions: 0.263ms
	UnloadStreamsBegin: 0.100ms
	PersistCurrentRevisions: 0.248ms
	GenerateScriptTypeHashes: 3.482ms
	GenerateScriptTypeSerializationHashes: 5.474ms
	Untracked: 1601.288ms

Loaded scene 'Temp/__Backupscenes/0.backup'
	Deserialize:            0.456 ms
	Integration:            1932.400 ms
	Integration of assets:  0.001 ms
	Thread Wait Time:       0.006 ms
	Total Operation Time:   1932.862 ms
[Licensing::Client] Successfully resolved entitlement details
[Licensing::Client] Successfully resolved entitlement details
2026-10-07 17:23:43.678 Unity[95895:31765048] [Warning] TouchGestureResponder was not found in the responder chain during removal.
[INFO ] [relay] log Unity client connected with ID: editor-95895-ckkb11 (relay 1.0.12-build.99)
[INFO ] [relay] connection.established clientId=editor-95895-ckkb11 port=9003
<b><color=#2EA3FF>MCP-FOR-UNITY</color></b>: [TestRunnerNoThrottle] Applied No Throttling for test run.
UnityEngine.Debug:ExtractStackTraceNoAlloc (byte*,int,string)
UnityEngine.StackTraceUtility:ExtractStackTrace () (at /Users/bokken/build/output/unity/unity/Runtime/Export/Scripting/StackTrace.cs:35)
UnityEngine.DebugLogHandler:Internal_Log (UnityEngine.LogType,UnityEngine.LogOption,string,UnityEngine.Object)
UnityEngine.DebugLogHandler:LogFormat (UnityEngine.LogType,UnityEngine.Object,string,object[])
UnityEngine.Logger:Log (UnityEngine.LogType,object)
UnityEngine.Debug:Log (object)
MCPForUnity.Editor.Helpers.McpLog:Info (string,bool) (at ./Library/PackageCache/com.coplaydev.unity-mcp@7b7db7b31f4e/Editor/Helpers/McpLog.cs:40)
MCPForUnity.Editor.Services.TestRunnerNoThrottle:ApplyNoThrottling () (at ./Library/PackageCache/com.coplaydev.unity-mcp@7b7db7b31f4e/Editor/Services/TestRunnerNoThrottle.cs:101)
MCPForUnity.Editor.Services.TestRunnerNoThrottle/TestCallbacks:RunStarted (UnityEditor.TestTools.TestRunner.Api.ITestAdaptor) (at ./Library/PackageCache/com.coplaydev.unity-mcp@7b7db7b31f4e/Editor/Services/TestRunnerNoThrottle.cs:138)
UnityEditor.TestTools.TestRunner.Api.CallbacksDelegator/<>c__DisplayClass7_0:<RunStarted>b__0 (UnityEditor.TestTools.TestRunner.Api.ICallbacks) (at ./Library/PackageCache/com.unity.test-framework@f3e6c9a02477/UnityEditor.TestRunner/Api/CallbacksDelegator.cs:42)
UnityEditor.TestTools.TestRunner.Api.CallbacksDelegator:TryInvokeAllCallbacks (System.Action`1<UnityEditor.TestTools.TestRunner.Api.ICallbacks>) (at ./Library/PackageCache/com.unity.test-framework@f3e6c9a02477/UnityEditor.TestRunner/Api/CallbacksDelegator.cs:135)
UnityEditor.TestTools.TestRunner.Api.CallbacksDelegator:RunStarted (NUnit.Framework.Interfaces.ITest) (at ./Library/PackageCache/com.unity.test-framework@f3e6c9a02477/UnityEditor.TestRunner/Api/CallbacksDelegator.cs:42)
UnityEngine.Events.InvokableCall`1<NUnit.Framework.Interfaces.ITest>:Invoke (NUnit.Framework.Interfaces.ITest) (at /Users/bokken/build/output/unity/unity/Runtime/Export/UnityEvent/UnityEvent.cs:222)
UnityEngine.Events.UnityEvent`1<NUnit.Framework.Interfaces.ITest>:Invoke (NUnit.Framework.Interfaces.ITest) (at /Users/bokken/build/output/unity/unity/artifacts/generated/UnityEvent/UnityEvent_1.cs:59)
UnityEngine.Events.InvokableCall`1<NUnit.Framework.Interfaces.ITest>:Invoke (NUnit.Framework.Interfaces.ITest) (at /Users/bokken/build/output/unity/unity/Runtime/Export/UnityEvent/UnityEvent.cs:222)
UnityEngine.Events.UnityEvent`1<NUnit.Framework.Interfaces.ITest>:Invoke (NUnit.Framework.Interfaces.ITest) (at /Users/bokken/build/output/unity/unity/artifacts/generated/UnityEvent/UnityEvent_1.cs:59)
UnityEngine.TestTools.TestRunner.PlaymodeTestsController/<Run>d__25:MoveNext () (at ./Library/PackageCache/com.unity.test-framework@f3e6c9a02477/UnityEngine.TestRunner/TestRunner/PlaymodeTestsController.cs:137)
UnityEngine.SetupCoroutine:InvokeMoveNext (System.Collections.IEnumerator,intptr) (at /Users/bokken/build/output/unity/unity/Runtime/Export/Scripting/Coroutines.cs:17)

(Filename: ./Library/PackageCache/com.coplaydev.unity-mcp@7b7db7b31f4e/Editor/Helpers/McpLog.cs Line: 40)

Unloading 336 Unused Serialized files (Serialized files now loaded: 0)
UnloadTime: 0.608458 ms
Loaded scene 'Assets/LastSignal/Scenes/Production/S013Cabin.unity'
	Deserialize:            247.068 ms
	Integration:            445.778 ms
	Integration of assets:  76.498 ms
	Thread Wait Time:       50.213 ms
	Total Operation Time:   819.557 ms
S006 loot seed=12345 resolved=21 generated=16
UnityEngine.Debug:ExtractStackTraceNoAlloc (byte*,int,string)
UnityEngine.StackTraceUtility:ExtractStackTrace () (at /Users/bokken/build/output/unity/unity/Runtime/Export/Scripting/StackTrace.cs:35)
UnityEngine.DebugLogHandler:Internal_Log (UnityEngine.LogType,UnityEngine.LogOption,string,UnityEngine.Object)
UnityEngine.DebugLogHandler:LogFormat (UnityEngine.LogType,UnityEngine.Object,string,object[])
UnityEngine.Logger:Log (UnityEngine.LogType,object,UnityEngine.Object)
UnityEngine.Debug:Log (object,UnityEngine.Object)
LastSignal.Loot.LootPopulationService:Begin (UnityEngine.GameObject,System.Nullable`1<int>,UnityEngine.Transform) (at Assets/LastSignal/Scripts/Runtime/Loot/LootPopulationService.cs:89)
LastSignal.SessionFlow:BeginSession (bool) (at Assets/LastSignal/Scripts/Runtime/Session/SessionFlow.cs:85)
LastSignal.SessionFlow:BeginSession () (at Assets/LastSignal/Scripts/Runtime/Session/SessionFlow.cs:35)
LastSignal.SessionFlow:Start () (at Assets/LastSignal/Scripts/Runtime/Session/SessionFlow.cs:34)

(Filename: Assets/LastSignal/Scripts/Runtime/Loot/LootPopulationService.cs Line: 89)

S001 session started: one player, local input.
UnityEngine.Debug:ExtractStackTraceNoAlloc (byte*,int,string)
UnityEngine.StackTraceUtility:ExtractStackTrace () (at /Users/bokken/build/output/unity/unity/Runtime/Export/Scripting/StackTrace.cs:35)
UnityEngine.DebugLogHandler:Internal_Log (UnityEngine.LogType,UnityEngine.LogOption,string,UnityEngine.Object)
UnityEngine.DebugLogHandler:LogFormat (UnityEngine.LogType,UnityEngine.Object,string,object[])
UnityEngine.Logger:Log (UnityEngine.LogType,object)
UnityEngine.Debug:Log (object)
LastSignal.SessionFlow:BeginSession (bool) (at Assets/LastSignal/Scripts/Runtime/Session/SessionFlow.cs:100)
LastSignal.SessionFlow:BeginSession () (at Assets/LastSignal/Scripts/Runtime/Session/SessionFlow.cs:35)
LastSignal.SessionFlow:Start () (at Assets/LastSignal/Scripts/Runtime/Session/SessionFlow.cs:34)

(Filename: Assets/LastSignal/Scripts/Runtime/Session/SessionFlow.cs Line: 100)

Unloading 10173 unused Assets / (6.2 MB). Loaded Objects now: 20072.
Memory consumption went from 0.58 GB to 0.58 GB.
Total: 35.486666 ms (FindLiveObjects: 1.546541 ms CreateObjectMapping: 4.239292 ms MarkObjects: 24.630125 ms  DeleteObjects: 5.070291 ms)

Unloading 19 Unused Serialized files (Serialized files now loaded: 0)
UnloadTime: 5.816333 ms
Loaded scene 'Assets/LastSignal/Scenes/Production/S013Cabin.unity'
	Deserialize:            25.777 ms
	Integration:            324.742 ms
	Integration of assets:  0.607 ms
	Thread Wait Time:       0.597 ms
	Total Operation Time:   351.723 ms
S006 loot seed=12345 resolved=21 generated=16
UnityEngine.Debug:ExtractStackTraceNoAlloc (byte*,int,string)
UnityEngine.StackTraceUtility:ExtractStackTrace () (at /Users/bokken/build/output/unity/unity/Runtime/Export/Scripting/StackTrace.cs:35)
UnityEngine.DebugLogHandler:Internal_Log (UnityEngine.LogType,UnityEngine.LogOption,string,UnityEngine.Object)
UnityEngine.DebugLogHandler:LogFormat (UnityEngine.LogType,UnityEngine.Object,string,object[])
UnityEngine.Logger:Log (UnityEngine.LogType,object,UnityEngine.Object)
UnityEngine.Debug:Log (object,UnityEngine.Object)
LastSignal.Loot.LootPopulationService:Begin (UnityEngine.GameObject,System.Nullable`1<int>,UnityEngine.Transform) (at Assets/LastSignal/Scripts/Runtime/Loot/LootPopulationService.cs:89)
LastSignal.SessionFlow:BeginSession (bool) (at Assets/LastSignal/Scripts/Runtime/Session/SessionFlow.cs:85)
LastSignal.SessionFlow:BeginSession () (at Assets/LastSignal/Scripts/Runtime/Session/SessionFlow.cs:35)
LastSignal.SessionFlow:Start () (at Assets/LastSignal/Scripts/Runtime/Session/SessionFlow.cs:34)

(Filename: Assets/LastSignal/Scripts/Runtime/Loot/LootPopulationService.cs Line: 89)

S001 session started: one player, local input.
UnityEngine.Debug:ExtractStackTraceNoAlloc (byte*,int,string)
UnityEngine.StackTraceUtility:ExtractStackTrace () (at /Users/bokken/build/output/unity/unity/Runtime/Export/Scripting/StackTrace.cs:35)
UnityEngine.DebugLogHandler:Internal_Log (UnityEngine.LogType,UnityEngine.LogOption,string,UnityEngine.Object)
UnityEngine.DebugLogHandler:LogFormat (UnityEngine.LogType,UnityEngine.Object,string,object[])
UnityEngine.Logger:Log (UnityEngine.LogType,object)
UnityEngine.Debug:Log (object)
LastSignal.SessionFlow:BeginSession (bool) (at Assets/LastSignal/Scripts/Runtime/Session/SessionFlow.cs:100)
LastSignal.SessionFlow:BeginSession () (at Assets/LastSignal/Scripts/Runtime/Session/SessionFlow.cs:35)
LastSignal.SessionFlow:Start () (at Assets/LastSignal/Scripts/Runtime/Session/SessionFlow.cs:34)

(Filename: Assets/LastSignal/Scripts/Runtime/Session/SessionFlow.cs Line: 100)

Unloading 265 unused Assets / (82.4 KB). Loaded Objects now: 20072.
Memory consumption went from 0.57 GB to 0.57 GB.
Total: 21.094083 ms (FindLiveObjects: 0.551875 ms CreateObjectMapping: 1.460167 ms MarkObjects: 18.934375 ms  DeleteObjects: 0.147291 ms)

Unloading 18 Unused Serialized files (Serialized files now loaded: 0)
UnloadTime: 2.767333 ms
Loaded scene 'Assets/LastSignal/Scenes/Production/S013Cabin.unity'
	Deserialize:            25.602 ms
	Integration:            309.344 ms
	Integration of assets:  0.573 ms
	Thread Wait Time:       0.837 ms
	Total Operation Time:   336.356 ms
S006 loot seed=12345 resolved=21 generated=16
UnityEngine.Debug:ExtractStackTraceNoAlloc (byte*,int,string)
UnityEngine.StackTraceUtility:ExtractStackTrace () (at /Users/bokken/build/output/unity/unity/Runtime/Export/Scripting/StackTrace.cs:35)
UnityEngine.DebugLogHandler:Internal_Log (UnityEngine.LogType,UnityEngine.LogOption,string,UnityEngine.Object)
UnityEngine.DebugLogHandler:LogFormat (UnityEngine.LogType,UnityEngine.Object,string,object[])
UnityEngine.Logger:Log (UnityEngine.LogType,object,UnityEngine.Object)
UnityEngine.Debug:Log (object,UnityEngine.Object)
LastSignal.Loot.LootPopulationService:Begin (UnityEngine.GameObject,System.Nullable`1<int>,UnityEngine.Transform) (at Assets/LastSignal/Scripts/Runtime/Loot/LootPopulationService.cs:89)
LastSignal.SessionFlow:BeginSession (bool) (at Assets/LastSignal/Scripts/Runtime/Session/SessionFlow.cs:85)
LastSignal.SessionFlow:BeginSession () (at Assets/LastSignal/Scripts/Runtime/Session/SessionFlow.cs:35)
LastSignal.SessionFlow:Start () (at Assets/LastSignal/Scripts/Runtime/Session/SessionFlow.cs:34)

(Filename: Assets/LastSignal/Scripts/Runtime/Loot/LootPopulationService.cs Line: 89)

S001 session started: one player, local input.
UnityEngine.Debug:ExtractStackTraceNoAlloc (byte*,int,string)
UnityEngine.StackTraceUtility:ExtractStackTrace () (at /Users/bokken/build/output/unity/unity/Runtime/Export/Scripting/StackTrace.cs:35)
UnityEngine.DebugLogHandler:Internal_Log (UnityEngine.LogType,UnityEngine.LogOption,string,UnityEngine.Object)
UnityEngine.DebugLogHandler:LogFormat (UnityEngine.LogType,UnityEngine.Object,string,object[])
UnityEngine.Logger:Log (UnityEngine.LogType,object)
UnityEngine.Debug:Log (object)
LastSignal.SessionFlow:BeginSession (bool) (at Assets/LastSignal/Scripts/Runtime/Session/SessionFlow.cs:100)
LastSignal.SessionFlow:BeginSession () (at Assets/LastSignal/Scripts/Runtime/Session/SessionFlow.cs:35)
LastSignal.SessionFlow:Start () (at Assets/LastSignal/Scripts/Runtime/Session/SessionFlow.cs:34)

(Filename: Assets/LastSignal/Scripts/Runtime/Session/SessionFlow.cs Line: 100)

Unloading 265 unused Assets / (84.1 KB). Loaded Objects now: 20072.
Memory consumption went from 0.57 GB to 0.57 GB.
Total: 21.068000 ms (FindLiveObjects: 0.570125 ms CreateObjectMapping: 1.472792 ms MarkObjects: 18.880625 ms  DeleteObjects: 0.144041 ms)

2026-10-07 17:23:45.867 Unity[95895:31765048] [Warning] TouchGestureResponder was not found in the responder chain during removal.
Unloading 18 Unused Serialized files (Serialized files now loaded: 0)
UnloadTime: 2.919292 ms
Loaded scene 'Assets/LastSignal/Scenes/Production/S013Cabin.unity'
	Deserialize:            33.669 ms
	Integration:            312.463 ms
	Integration of assets:  0.513 ms
	Thread Wait Time:       0.727 ms
	Total Operation Time:   347.371 ms
S006 loot seed=12345 resolved=21 generated=16
UnityEngine.Debug:ExtractStackTraceNoAlloc (byte*,int,string)
UnityEngine.StackTraceUtility:ExtractStackTrace () (at /Users/bokken/build/output/unity/unity/Runtime/Export/Scripting/StackTrace.cs:35)
UnityEngine.DebugLogHandler:Internal_Log (UnityEngine.LogType,UnityEngine.LogOption,string,UnityEngine.Object)
UnityEngine.DebugLogHandler:LogFormat (UnityEngine.LogType,UnityEngine.Object,string,object[])
UnityEngine.Logger:Log (UnityEngine.LogType,object,UnityEngine.Object)
UnityEngine.Debug:Log (object,UnityEngine.Object)
LastSignal.Loot.LootPopulationService:Begin (UnityEngine.GameObject,System.Nullable`1<int>,UnityEngine.Transform) (at Assets/LastSignal/Scripts/Runtime/Loot/LootPopulationService.cs:89)
LastSignal.SessionFlow:BeginSession (bool) (at Assets/LastSignal/Scripts/Runtime/Session/SessionFlow.cs:85)
LastSignal.SessionFlow:BeginSession () (at Assets/LastSignal/Scripts/Runtime/Session/SessionFlow.cs:35)
LastSignal.SessionFlow:Start () (at Assets/LastSignal/Scripts/Runtime/Session/SessionFlow.cs:34)

(Filename: Assets/LastSignal/Scripts/Runtime/Loot/LootPopulationService.cs Line: 89)

S001 session started: one player, local input.
UnityEngine.Debug:ExtractStackTraceNoAlloc (byte*,int,string)
UnityEngine.StackTraceUtility:ExtractStackTrace () (at /Users/bokken/build/output/unity/unity/Runtime/Export/Scripting/StackTrace.cs:35)
UnityEngine.DebugLogHandler:Internal_Log (UnityEngine.LogType,UnityEngine.LogOption,string,UnityEngine.Object)
UnityEngine.DebugLogHandler:LogFormat (UnityEngine.LogType,UnityEngine.Object,string,object[])
UnityEngine.Logger:Log (UnityEngine.LogType,object)
UnityEngine.Debug:Log (object)
LastSignal.SessionFlow:BeginSession (bool) (at Assets/LastSignal/Scripts/Runtime/Session/SessionFlow.cs:100)
LastSignal.SessionFlow:BeginSession () (at Assets/LastSignal/Scripts/Runtime/Session/SessionFlow.cs:35)
LastSignal.SessionFlow:Start () (at Assets/LastSignal/Scripts/Runtime/Session/SessionFlow.cs:34)

(Filename: Assets/LastSignal/Scripts/Runtime/Session/SessionFlow.cs Line: 100)

Unloading 265 unused Assets / (84.0 KB). Loaded Objects now: 20065.
Memory consumption went from 0.57 GB to 0.57 GB.
Total: 21.408958 ms (FindLiveObjects: 0.644167 ms CreateObjectMapping: 1.424417 ms MarkObjects: 19.180084 ms  DeleteObjects: 0.160125 ms)

Unloading 18 Unused Serialized files (Serialized files now loaded: 0)
UnloadTime: 3.081417 ms
Loaded scene 'Assets/LastSignal/Scenes/Production/S013Cabin.unity'
	Deserialize:            27.017 ms
	Integration:            327.575 ms
	Integration of assets:  0.529 ms
	Thread Wait Time:       0.842 ms
	Total Operation Time:   355.963 ms
S006 loot seed=12345 resolved=21 generated=16
UnityEngine.Debug:ExtractStackTraceNoAlloc (byte*,int,string)
UnityEngine.StackTraceUtility:ExtractStackTrace () (at /Users/bokken/build/output/unity/unity/Runtime/Export/Scripting/StackTrace.cs:35)
UnityEngine.DebugLogHandler:Internal_Log (UnityEngine.LogType,UnityEngine.LogOption,string,UnityEngine.Object)
UnityEngine.DebugLogHandler:LogFormat (UnityEngine.LogType,UnityEngine.Object,string,object[])
UnityEngine.Logger:Log (UnityEngine.LogType,object,UnityEngine.Object)
UnityEngine.Debug:Log (object,UnityEngine.Object)
LastSignal.Loot.LootPopulationService:Begin (UnityEngine.GameObject,System.Nullable`1<int>,UnityEngine.Transform) (at Assets/LastSignal/Scripts/Runtime/Loot/LootPopulationService.cs:89)
LastSignal.SessionFlow:BeginSession (bool) (at Assets/LastSignal/Scripts/Runtime/Session/SessionFlow.cs:85)
LastSignal.SessionFlow:BeginSession () (at Assets/LastSignal/Scripts/Runtime/Session/SessionFlow.cs:35)
LastSignal.SessionFlow:Start () (at Assets/LastSignal/Scripts/Runtime/Session/SessionFlow.cs:34)

(Filename: Assets/LastSignal/Scripts/Runtime/Loot/LootPopulationService.cs Line: 89)

S001 session started: one player, local input.
UnityEngine.Debug:ExtractStackTraceNoAlloc (byte*,int,string)
UnityEngine.StackTraceUtility:ExtractStackTrace () (at /Users/bokken/build/output/unity/unity/Runtime/Export/Scripting/StackTrace.cs:35)
UnityEngine.DebugLogHandler:Internal_Log (UnityEngine.LogType,UnityEngine.LogOption,string,UnityEngine.Object)
UnityEngine.DebugLogHandler:LogFormat (UnityEngine.LogType,UnityEngine.Object,string,object[])
UnityEngine.Logger:Log (UnityEngine.LogType,object)
UnityEngine.Debug:Log (object)
LastSignal.SessionFlow:BeginSession (bool) (at Assets/LastSignal/Scripts/Runtime/Session/SessionFlow.cs:100)
LastSignal.SessionFlow:BeginSession () (at Assets/LastSignal/Scripts/Runtime/Session/SessionFlow.cs:35)
LastSignal.SessionFlow:Start () (at Assets/LastSignal/Scripts/Runtime/Session/SessionFlow.cs:34)

(Filename: Assets/LastSignal/Scripts/Runtime/Session/SessionFlow.cs Line: 100)

Unloading 265 unused Assets / (81.4 KB). Loaded Objects now: 20065.
Memory consumption went from 0.57 GB to 0.57 GB.
Total: 24.041541 ms (FindLiveObjects: 0.692667 ms CreateObjectMapping: 1.571333 ms MarkObjects: 21.513917 ms  DeleteObjects: 0.263541 ms)

S006 loot seed=12345 resolved=21 generated=16
UnityEngine.Debug:ExtractStackTraceNoAlloc (byte*,int,string)
UnityEngine.StackTraceUtility:ExtractStackTrace () (at /Users/bokken/build/output/unity/unity/Runtime/Export/Scripting/StackTrace.cs:35)
UnityEngine.DebugLogHandler:Internal_Log (UnityEngine.LogType,UnityEngine.LogOption,string,UnityEngine.Object)
UnityEngine.DebugLogHandler:LogFormat (UnityEngine.LogType,UnityEngine.Object,string,object[])
UnityEngine.Logger:Log (UnityEngine.LogType,object,UnityEngine.Object)
UnityEngine.Debug:Log (object,UnityEngine.Object)
LastSignal.Loot.LootPopulationService:Begin (UnityEngine.GameObject,System.Nullable`1<int>,UnityEngine.Transform) (at Assets/LastSignal/Scripts/Runtime/Loot/LootPopulationService.cs:89)
LastSignal.SessionFlow:BeginSession (bool) (at Assets/LastSignal/Scripts/Runtime/Session/SessionFlow.cs:85)
LastSignal.SessionFlow:BeginSession () (at Assets/LastSignal/Scripts/Runtime/Session/SessionFlow.cs:35)
LastSignal.Tests.S015AudioPlayTests/<RestartKeepsFixedVoiceBudgetAndClearsMusic>d__5:MoveNext () (at Assets/LastSignal/Scripts/Tests/PlayMode/S015AudioPlayTests.cs:57)
UnityEngine.TestTools.TestEnumerator/<Execute>d__7:MoveNext () (at ./Library/PackageCache/com.unity.test-framework@f3e6c9a02477/UnityEngine.TestRunner/NUnitExtensions/Attributes/TestEnumerator.cs:44)
UnityEngine.TestTools.EnumerableTestMethodCommand/<ExecuteEnumerableAndRecordExceptions>d__4:MoveNext () (at ./Library/PackageCache/com.unity.test-framework@f3e6c9a02477/UnityEngine.TestRunner/NUnitExtensions/Commands/EnumerableTestMethodCommand.cs:85)
UnityEngine.TestTools.EnumerableTestMethodCommand:AdvanceEnumerator (System.Collections.IEnumerator) (at ./Library/PackageCache/com.unity.test-framework@f3e6c9a02477/UnityEngine.TestRunner/NUnitExtensions/Commands/EnumerableTestMethodCommand.cs:64)
UnityEngine.TestTools.EnumerableTestMethodCommand/<ExecuteEnumerable>d__2:MoveNext () (at ./Library/PackageCache/com.unity.test-framework@f3e6c9a02477/UnityEngine.TestRunner/NUnitExtensions/Commands/EnumerableTestMethodCommand.cs:47)
UnityEngine.TestRunner.NUnitExtensions.Runner.UnityLogCheckDelegatingCommand/<ExecuteEnumerable>d__3:MoveNext () (at ./Library/PackageCache/com.unity.test-framework@f3e6c9a02477/UnityEngine.TestRunner/NUnitExtensions/Runner/UnityLogCheckDelegatingCommand.cs:48)
UnityEngine.TestTools.BeforeAfterTestCommandBase`1/<ExecuteEnumerable>d__16<NUnit.Framework.ITestAction>:MoveNext () (at ./Library/PackageCache/com.unity.test-framework@f3e6c9a02477/UnityEngine.TestRunner/NUnitExtensions/Commands/BeforeAfterTestCommandBase.cs:212)
UnityEngine.TestTools.BeforeAfterTestCommandBase`1/<ExecuteEnumerable>d__16<System.Reflection.MethodInfo>:MoveNext () (at ./Library/PackageCache/com.unity.test-framework@f3e6c9a02477/UnityEngine.TestRunner/NUnitExtensions/Commands/BeforeAfterTestCommandBase.cs:212)
UnityEngine.TestTools.BeforeAfterTestCommandBase`1/<ExecuteEnumerable>d__16<System.Reflection.MethodInfo>:MoveNext () (at ./Library/PackageCache/com.unity.test-framework@f3e6c9a02477/UnityEngine.TestRunner/NUnitExtensions/Commands/BeforeAfterTestCommandBase.cs:212)
UnityEngine.TestTools.BeforeAfterTestCommandBase`1/<ExecuteEnumerable>d__16<UnityEngine.TestTools.IOuterUnityTestAction>:MoveNext () (at ./Library/PackageCache/com.unity.test-framework@f3e6c9a02477/UnityEngine.TestRunner/NUnitExtensions/Commands/BeforeAfterTestCommandBase.cs:212)
UnityEngine.TestTools.RetryCommand/<ExecuteEnumerable>d__2:MoveNext () (at ./Library/PackageCache/com.unity.test-framework@f3e6c9a02477/UnityEngine.TestRunner/NUnitExtensions/Commands/RetryCommand.cs:37)
UnityEngine.TestTools.RepeatCommand/<ExecuteEnumerable>d__2:MoveNext () (at ./Library/PackageCache/com.unity.test-framework@f3e6c9a02477/UnityEngine.TestRunner/NUnitExtensions/Commands/RepeatCommand.cs:36)
UnityEngine.TestTools.IgnoreTestCommand/<ExecuteEnumerable>d__3:MoveNext () (at ./Library/PackageCache/com.unity.test-framework@f3e6c9a02477/UnityEngine.TestRunner/NUnitExtensions/Commands/IgnoreTestCommand.cs:42)
UnityEngine.TestTools.StrictCheckCommand/<ExecuteEnumerable>d__2:MoveNext () (at ./Library/PackageCache/com.unity.test-framework@f3e6c9a02477/UnityEngine.TestRunner/NUnitExtensions/Commands/StrictCheckCommand.cs:29)
UnityEngine.TestTools.Utils.CoroutineRunner/<WrapEnumeratorForChecks>d__8:MoveNext () (at ./Library/PackageCache/com.unity.test-framework@f3e6c9a02477/UnityEngine.TestRunner/Utils/CoroutineRunner.cs:58)
UnityEngine.SetupCoroutine:InvokeMoveNext (System.Collections.IEnumerator,intptr) (at /Users/bokken/build/output/unity/unity/Runtime/Export/Scripting/Coroutines.cs:17)

(Filename: Assets/LastSignal/Scripts/Runtime/Loot/LootPopulationService.cs Line: 89)

S001 session started: one player, local input.
UnityEngine.Debug:ExtractStackTraceNoAlloc (byte*,int,string)
UnityEngine.StackTraceUtility:ExtractStackTrace () (at /Users/bokken/build/output/unity/unity/Runtime/Export/Scripting/StackTrace.cs:35)
UnityEngine.DebugLogHandler:Internal_Log (UnityEngine.LogType,UnityEngine.LogOption,string,UnityEngine.Object)
UnityEngine.DebugLogHandler:LogFormat (UnityEngine.LogType,UnityEngine.Object,string,object[])
UnityEngine.Logger:Log (UnityEngine.LogType,object)
UnityEngine.Debug:Log (object)
LastSignal.SessionFlow:BeginSession (bool) (at Assets/LastSignal/Scripts/Runtime/Session/SessionFlow.cs:100)
LastSignal.SessionFlow:BeginSession () (at Assets/LastSignal/Scripts/Runtime/Session/SessionFlow.cs:35)
LastSignal.Tests.S015AudioPlayTests/<RestartKeepsFixedVoiceBudgetAndClearsMusic>d__5:MoveNext () (at Assets/LastSignal/Scripts/Tests/PlayMode/S015AudioPlayTests.cs:57)
UnityEngine.TestTools.TestEnumerator/<Execute>d__7:MoveNext () (at ./Library/PackageCache/com.unity.test-framework@f3e6c9a02477/UnityEngine.TestRunner/NUnitExtensions/Attributes/TestEnumerator.cs:44)
UnityEngine.TestTools.EnumerableTestMethodCommand/<ExecuteEnumerableAndRecordExceptions>d__4:MoveNext () (at ./Library/PackageCache/com.unity.test-framework@f3e6c9a02477/UnityEngine.TestRunner/NUnitExtensions/Commands/EnumerableTestMethodCommand.cs:85)
UnityEngine.TestTools.EnumerableTestMethodCommand:AdvanceEnumerator (System.Collections.IEnumerator) (at ./Library/PackageCache/com.unity.test-framework@f3e6c9a02477/UnityEngine.TestRunner/NUnitExtensions/Commands/EnumerableTestMethodCommand.cs:64)
UnityEngine.TestTools.EnumerableTestMethodCommand/<ExecuteEnumerable>d__2:MoveNext () (at ./Library/PackageCache/com.unity.test-framework@f3e6c9a02477/UnityEngine.TestRunner/NUnitExtensions/Commands/EnumerableTestMethodCommand.cs:47)
UnityEngine.TestRunner.NUnitExtensions.Runner.UnityLogCheckDelegatingCommand/<ExecuteEnumerable>d__3:MoveNext () (at ./Library/PackageCache/com.unity.test-framework@f3e6c9a02477/UnityEngine.TestRunner/NUnitExtensions/Runner/UnityLogCheckDelegatingCommand.cs:48)
UnityEngine.TestTools.BeforeAfterTestCommandBase`1/<ExecuteEnumerable>d__16<NUnit.Framework.ITestAction>:MoveNext () (at ./Library/PackageCache/com.unity.test-framework@f3e6c9a02477/UnityEngine.TestRunner/NUnitExtensions/Commands/BeforeAfterTestCommandBase.cs:212)
UnityEngine.TestTools.BeforeAfterTestCommandBase`1/<ExecuteEnumerable>d__16<System.Reflection.MethodInfo>:MoveNext () (at ./Library/PackageCache/com.unity.test-framework@f3e6c9a02477/UnityEngine.TestRunner/NUnitExtensions/Commands/BeforeAfterTestCommandBase.cs:212)
UnityEngine.TestTools.BeforeAfterTestCommandBase`1/<ExecuteEnumerable>d__16<System.Reflection.MethodInfo>:MoveNext () (at ./Library/PackageCache/com.unity.test-framework@f3e6c9a02477/UnityEngine.TestRunner/NUnitExtensions/Commands/BeforeAfterTestCommandBase.cs:212)
UnityEngine.TestTools.BeforeAfterTestCommandBase`1/<ExecuteEnumerable>d__16<UnityEngine.TestTools.IOuterUnityTestAction>:MoveNext () (at ./Library/PackageCache/com.unity.test-framework@f3e6c9a02477/UnityEngine.TestRunner/NUnitExtensions/Commands/BeforeAfterTestCommandBase.cs:212)
UnityEngine.TestTools.RetryCommand/<ExecuteEnumerable>d__2:MoveNext () (at ./Library/PackageCache/com.unity.test-framework@f3e6c9a02477/UnityEngine.TestRunner/NUnitExtensions/Commands/RetryCommand.cs:37)
UnityEngine.TestTools.RepeatCommand/<ExecuteEnumerable>d__2:MoveNext () (at ./Library/PackageCache/com.unity.test-framework@f3e6c9a02477/UnityEngine.TestRunner/NUnitExtensions/Commands/RepeatCommand.cs:36)
UnityEngine.TestTools.IgnoreTestCommand/<ExecuteEnumerable>d__3:MoveNext () (at ./Library/PackageCache/com.unity.test-framework@f3e6c9a02477/UnityEngine.TestRunner/NUnitExtensions/Commands/IgnoreTestCommand.cs:42)
UnityEngine.TestTools.StrictCheckCommand/<ExecuteEnumerable>d__2:MoveNext () (at ./Library/PackageCache/com.unity.test-framework@f3e6c9a02477/UnityEngine.TestRunner/NUnitExtensions/Commands/StrictCheckCommand.cs:29)
UnityEngine.TestTools.Utils.CoroutineRunner/<WrapEnumeratorForChecks>d__8:MoveNext () (at ./Library/PackageCache/com.unity.test-framework@f3e6c9a02477/UnityEngine.TestRunner/Utils/CoroutineRunner.cs:58)
UnityEngine.SetupCoroutine:InvokeMoveNext (System.Collections.IEnumerator,intptr) (at /Users/bokken/build/output/unity/unity/Runtime/Export/Scripting/Coroutines.cs:17)

(Filename: Assets/LastSignal/Scripts/Runtime/Session/SessionFlow.cs Line: 100)

Unloading 18 Unused Serialized files (Serialized files now loaded: 0)
UnloadTime: 3.249042 ms
Loaded scene 'Assets/LastSignal/Scenes/Production/S013Cabin.unity'
	Deserialize:            31.524 ms
	Integration:            324.316 ms
	Integration of assets:  0.699 ms
	Thread Wait Time:       0.574 ms
	Total Operation Time:   357.113 ms
S006 loot seed=12345 resolved=21 generated=16
UnityEngine.Debug:ExtractStackTraceNoAlloc (byte*,int,string)
UnityEngine.StackTraceUtility:ExtractStackTrace () (at /Users/bokken/build/output/unity/unity/Runtime/Export/Scripting/StackTrace.cs:35)
UnityEngine.DebugLogHandler:Internal_Log (UnityEngine.LogType,UnityEngine.LogOption,string,UnityEngine.Object)
UnityEngine.DebugLogHandler:LogFormat (UnityEngine.LogType,UnityEngine.Object,string,object[])
UnityEngine.Logger:Log (UnityEngine.LogType,object,UnityEngine.Object)
UnityEngine.Debug:Log (object,UnityEngine.Object)
LastSignal.Loot.LootPopulationService:Begin (UnityEngine.GameObject,System.Nullable`1<int>,UnityEngine.Transform) (at Assets/LastSignal/Scripts/Runtime/Loot/LootPopulationService.cs:89)
LastSignal.SessionFlow:BeginSession (bool) (at Assets/LastSignal/Scripts/Runtime/Session/SessionFlow.cs:85)
LastSignal.SessionFlow:BeginSession () (at Assets/LastSignal/Scripts/Runtime/Session/SessionFlow.cs:35)
LastSignal.SessionFlow:Start () (at Assets/LastSignal/Scripts/Runtime/Session/SessionFlow.cs:34)

(Filename: Assets/LastSignal/Scripts/Runtime/Loot/LootPopulationService.cs Line: 89)

S001 session started: one player, local input.
UnityEngine.Debug:ExtractStackTraceNoAlloc (byte*,int,string)
UnityEngine.StackTraceUtility:ExtractStackTrace () (at /Users/bokken/build/output/unity/unity/Runtime/Export/Scripting/StackTrace.cs:35)
UnityEngine.DebugLogHandler:Internal_Log (UnityEngine.LogType,UnityEngine.LogOption,string,UnityEngine.Object)
UnityEngine.DebugLogHandler:LogFormat (UnityEngine.LogType,UnityEngine.Object,string,object[])
UnityEngine.Logger:Log (UnityEngine.LogType,object)
UnityEngine.Debug:Log (object)
LastSignal.SessionFlow:BeginSession (bool) (at Assets/LastSignal/Scripts/Runtime/Session/SessionFlow.cs:100)
LastSignal.SessionFlow:BeginSession () (at Assets/LastSignal/Scripts/Runtime/Session/SessionFlow.cs:35)
LastSignal.SessionFlow:Start () (at Assets/LastSignal/Scripts/Runtime/Session/SessionFlow.cs:34)

(Filename: Assets/LastSignal/Scripts/Runtime/Session/SessionFlow.cs Line: 100)

Unloading 265 unused Assets / (82.1 KB). Loaded Objects now: 20065.
Memory consumption went from 0.57 GB to 0.57 GB.
Total: 21.240209 ms (FindLiveObjects: 0.568042 ms CreateObjectMapping: 1.448083 ms MarkObjects: 19.068500 ms  DeleteObjects: 0.155459 ms)

<b><color=#2EA3FF>MCP-FOR-UNITY</color></b>: [TestRunnerNoThrottle] Restored Interaction Mode after test run.
UnityEngine.Debug:ExtractStackTraceNoAlloc (byte*,int,string)
UnityEngine.StackTraceUtility:ExtractStackTrace () (at /Users/bokken/build/output/unity/unity/Runtime/Export/Scripting/StackTrace.cs:35)
UnityEngine.DebugLogHandler:Internal_Log (UnityEngine.LogType,UnityEngine.LogOption,string,UnityEngine.Object)
UnityEngine.DebugLogHandler:LogFormat (UnityEngine.LogType,UnityEngine.Object,string,object[])
UnityEngine.Logger:Log (UnityEngine.LogType,object)
UnityEngine.Debug:Log (object)
MCPForUnity.Editor.Helpers.McpLog:Info (string,bool) (at ./Library/PackageCache/com.coplaydev.unity-mcp@7b7db7b31f4e/Editor/Helpers/McpLog.cs:40)
MCPForUnity.Editor.Services.TestRunnerNoThrottle:RestoreThrottling () (at ./Library/PackageCache/com.coplaydev.unity-mcp@7b7db7b31f4e/Editor/Services/TestRunnerNoThrottle.cs:114)
MCPForUnity.Editor.Services.TestRunnerNoThrottle/TestCallbacks:RunFinished (UnityEditor.TestTools.TestRunner.Api.ITestResultAdaptor) (at ./Library/PackageCache/com.coplaydev.unity-mcp@7b7db7b31f4e/Editor/Services/TestRunnerNoThrottle.cs:143)
UnityEditor.TestTools.TestRunner.Api.CallbacksDelegator/<>c__DisplayClass9_0:<RunFinished>b__0 (UnityEditor.TestTools.TestRunner.Api.ICallbacks) (at ./Library/PackageCache/com.unity.test-framework@f3e6c9a02477/UnityEditor.TestRunner/Api/CallbacksDelegator.cs:55)
UnityEditor.TestTools.TestRunner.Api.CallbacksDelegator:TryInvokeAllCallbacks (System.Action`1<UnityEditor.TestTools.TestRunner.Api.ICallbacks>) (at ./Library/PackageCache/com.unity.test-framework@f3e6c9a02477/UnityEditor.TestRunner/Api/CallbacksDelegator.cs:135)
UnityEditor.TestTools.TestRunner.Api.CallbacksDelegator:RunFinished (NUnit.Framework.Interfaces.ITestResult) (at ./Library/PackageCache/com.unity.test-framework@f3e6c9a02477/UnityEditor.TestRunner/Api/CallbacksDelegator.cs:55)
UnityEngine.Events.InvokableCall`1<NUnit.Framework.Interfaces.ITestResult>:Invoke (NUnit.Framework.Interfaces.ITestResult) (at /Users/bokken/build/output/unity/unity/Runtime/Export/UnityEvent/UnityEvent.cs:222)
UnityEngine.Events.UnityEvent`1<NUnit.Framework.Interfaces.ITestResult>:Invoke (NUnit.Framework.Interfaces.ITestResult) (at /Users/bokken/build/output/unity/unity/artifacts/generated/UnityEvent/UnityEvent_1.cs:59)
UnityEngine.Events.InvokableCall`1<NUnit.Framework.Interfaces.ITestResult>:Invoke (NUnit.Framework.Interfaces.ITestResult) (at /Users/bokken/build/output/unity/unity/Runtime/Export/UnityEvent/UnityEvent.cs:222)
UnityEngine.Events.UnityEvent`1<NUnit.Framework.Interfaces.ITestResult>:Invoke (NUnit.Framework.Interfaces.ITestResult) (at /Users/bokken/build/output/unity/unity/artifacts/generated/UnityEvent/UnityEvent_1.cs:59)
UnityEngine.TestTools.TestRunner.PlaymodeTestsController/<TestRunnerCoroutine>d__24:MoveNext () (at ./Library/PackageCache/com.unity.test-framework@f3e6c9a02477/UnityEngine.TestRunner/TestRunner/PlaymodeTestsController.cs:109)
UnityEngine.SetupCoroutine:InvokeMoveNext (System.Collections.IEnumerator,intptr) (at /Users/bokken/build/output/unity/unity/Runtime/Export/Scripting/Coroutines.cs:17)

(Filename: ./Library/PackageCache/com.coplaydev.unity-mcp@7b7db7b31f4e/Editor/Helpers/McpLog.cs Line: 40)

Saving results to: /Users/burakcoskun/Library/Application Support/DefaultCompany/Last Signal/TestResults.xml
Saving results to: /Users/burakcoskun/Last Signal/Docs/Implementation/S015/Evidence/20261007T142322-844665Z-focused-play/tests.xml
Thread 0x32022b000 may have been prematurely finalized
Unloading 1 Unused Serialized files (Serialized files now loaded: 0)
Loaded scene 'Temp/__Backupscenes/0.backup'
	Deserialize:            0.342 ms
	Integration:            311.130 ms
	Integration of assets:  0.001 ms
	Thread Wait Time:       0.004 ms
	Total Operation Time:   311.477 ms
Unloading 522 unused Assets / (20.7 MB). Loaded Objects now: 14480.
Memory consumption went from 0.56 GB to 0.54 GB.
Total: 23.050834 ms (FindLiveObjects: 0.454334 ms CreateObjectMapping: 1.368416 ms MarkObjects: 19.769875 ms  DeleteObjects: 1.457834 ms)

[ScriptCompilation] Requested script compilation because: Player settings modified
Assembly for Assembly Definition File 'Assets/ThirdParty/FirstPersonARPGStarterPack/Scripts/Utility Scripts/NavMeshComponents/Scripts/NavMeshComponents.asmdef' will not be compiled, because it has no scripts associated with it.
UnityEngine.Debug:ExtractStackTraceNoAlloc (byte*,int,string)
UnityEngine.StackTraceUtility:ExtractStackTrace () (at /Users/bokken/build/output/unity/unity/Runtime/Export/Scripting/StackTrace.cs:35)
UnityEngine.DebugLogHandler:Internal_Log (UnityEngine.LogType,UnityEngine.LogOption,string,UnityEngine.Object)
UnityEngine.DebugLogHandler:LogFormat (UnityEngine.LogType,UnityEngine.Object,string,object[])
UnityEngine.Logger:LogFormat (UnityEngine.LogType,string,object[])
UnityEngine.Debug:LogWarningFormat (string,object[])
UnityEditor.Scripting.ScriptCompilation.EditorCompilation:WarnIfThereAreAssembliesWithoutAnyScripts (UnityEditor.Scripting.ScriptCompilation.ScriptAssemblySettings,UnityEditor.Scripting.ScriptCompilation.ScriptAssembly[]) (at /Users/bokken/build/output/unity/unity/Editor/Mono/Scripting/ScriptCompilation/EditorCompilation.cs:814)
UnityEditor.Scripting.ScriptCompilation.EditorCompilation:CompileScriptsWithSettings (UnityEditor.Scripting.ScriptCompilation.ScriptAssemblySettings) (at /Users/bokken/build/output/unity/unity/Editor/Mono/Scripting/ScriptCompilation/EditorCompilation.cs:871)
UnityEditor.Scripting.ScriptCompilation.EditorCompilation:CompileScripts (UnityEditor.Scripting.ScriptCompilation.EditorScriptCompilationOptions,UnityEditor.BuildTarget,int,string[]) (at /Users/bokken/build/output/unity/unity/Editor/Mono/Scripting/ScriptCompilation/EditorCompilation.cs:748)
UnityEditor.Scripting.ScriptCompilation.EditorCompilation:TickCompilationPipeline (UnityEditor.Scripting.ScriptCompilation.EditorScriptCompilationOptions,UnityEditor.BuildTarget,int,string[],bool) (at /Users/bokken/build/output/unity/unity/Editor/Mono/Scripting/ScriptCompilation/EditorCompilation.cs:1134)
UnityEditor.Scripting.ScriptCompilation.EditorCompilationInterface:TickCompilationPipeline (UnityEditor.Scripting.ScriptCompilation.EditorScriptCompilationOptions,UnityEditor.BuildTarget,int,string[],bool) (at /Users/bokken/build/output/unity/unity/Editor/Mono/Scripting/ScriptCompilation/EditorCompilationInterface.cs:230)

(Filename: /Users/bokken/build/output/unity/unity/Editor/Mono/Scripting/ScriptCompilation/EditorCompilation.cs Line: 814)

info: Microsoft.AspNetCore.Hosting.Diagnostics[1]
      Request starting HTTP/2 POST http://ilpp/UnityILPP.PostProcessing/Ping - application/grpc -
info: Microsoft.AspNetCore.Routing.EndpointMiddleware[0]
      Executing endpoint 'gRPC - /UnityILPP.PostProcessing/Ping'
info: Microsoft.AspNetCore.Routing.EndpointMiddleware[1]
      Executed endpoint 'gRPC - /UnityILPP.PostProcessing/Ping'
info: Microsoft.AspNetCore.Hosting.Diagnostics[2]
      Request finished HTTP/2 POST http://ilpp/UnityILPP.PostProcessing/Ping - 200 - application/grpc 1.1080ms
Starting: /Applications/Unity/Hub/Editor/6000.5.0f1/Unity.app/Contents/Resources/BuildPipeline/bee_backend --ipc --defer-dag-verification --dagfile="Library/Bee/200b0aE.dag" --continue-on-failure --profile="Library/Bee/backend1.traceevents" ScriptAssemblies
WorkingDir: /Users/burakcoskun/Last Signal
Executing IPostBuildCleanup for: Unity.PerformanceTesting.Editor.TestRunBuilder.
UnityEngine.Debug:ExtractStackTraceNoAlloc (byte*,int,string)
UnityEngine.StackTraceUtility:ExtractStackTrace () (at /Users/bokken/build/output/unity/unity/Runtime/Export/Scripting/StackTrace.cs:35)
UnityEngine.DebugLogHandler:Internal_Log (UnityEngine.LogType,UnityEngine.LogOption,string,UnityEngine.Object)
UnityEngine.DebugLogHandler:LogFormat (UnityEngine.LogType,UnityEngine.Object,string,object[])
UnityEngine.Logger:Log (UnityEngine.LogType,object)
UnityEngine.Debug:Log (object)
UnityEditor.TestTools.TestRunner.TestRun.Tasks.BuildActionTaskBase`1/<ExecuteMethods>d__8<UnityEngine.TestTools.IPostBuildCleanup>:MoveNext () (at ./Library/PackageCache/com.unity.test-framework@f3e6c9a02477/UnityEditor.TestRunner/TestRun/Tasks/BuildActionTaskBase.cs:48)
UnityEditor.TestTools.TestRunner.TestRun.Tasks.BuildActionTaskBase`1/<Execute>d__7<UnityEngine.TestTools.IPostBuildCleanup>:MoveNext () (at ./Library/PackageCache/com.unity.test-framework@f3e6c9a02477/UnityEditor.TestRunner/TestRun/Tasks/BuildActionTaskBase.cs:34)
UnityEditor.TestTools.TestRunner.TestRun.TestJobRunner:ExecuteStep () (at ./Library/PackageCache/com.unity.test-framework@f3e6c9a02477/UnityEditor.TestRunner/TestRun/TestJobRunner.cs:194)
UnityEditor.TestTools.TestRunner.TestRun.TestJobRunner:ExecuteCallback () (at ./Library/PackageCache/com.unity.test-framework@f3e6c9a02477/UnityEditor.TestRunner/TestRun/TestJobRunner.cs:129)
UnityEditor.EditorApplication:Internal_CallUpdateFunctions () (at /Users/bokken/build/output/unity/unity/Editor/Mono/EditorApplication.cs:403)

(Filename: ./Library/PackageCache/com.unity.test-framework@f3e6c9a02477/UnityEditor.TestRunner/TestRun/Tasks/BuildActionTaskBase.cs Line: 48)

Unloading 0 Unused Serialized files (Serialized files now loaded: 0)
Unloading 0 unused Assets / (0 B). Loaded Objects now: 14485.
Memory consumption went from 0.53 GB to 0.53 GB.
Total: 33.813583 ms (FindLiveObjects: 0.333667 ms CreateObjectMapping: 1.330417 ms MarkObjects: 32.127041 ms  DeleteObjects: 0.021917 ms)

info: Microsoft.AspNetCore.Hosting.Diagnostics[1]
      Request starting HTTP/2 POST http://ilpp/UnityILPP.PostProcessing/ConfigurePostProcessors - application/grpc -
info: Microsoft.AspNetCore.Routing.EndpointMiddleware[0]
      Executing endpoint 'gRPC - /UnityILPP.PostProcessing/ConfigurePostProcessors'
info: Unity.ILPP.Runner.PostProcessingAssemblyLoadContext[0]
      Current configuration matches the requested one, skipping
info: Microsoft.AspNetCore.Routing.EndpointMiddleware[1]
      Executed endpoint 'gRPC - /UnityILPP.PostProcessing/ConfigurePostProcessors'
info: Microsoft.AspNetCore.Hosting.Diagnostics[2]
      Request finished HTTP/2 POST http://ilpp/UnityILPP.PostProcessing/ConfigurePostProcessors - 200 - application/grpc 3.8952ms
ExitCode: 0 Duration: 0s471ms
[1177/1589  0s] ILPP-Configuration Library/ilpp-configuration.nevergeneratedoutput
*** Tundra build success (0.44 seconds), 1 items updated, 1589 evaluated
Asset Pipeline Refresh (id=2d63a0b0e3ae34dabb6fac308a0025ea): Total: 0.184 seconds - Initiated by StopAssetImportingV2(NoUpdateAssetOptions)
Reloading assemblies after finishing script compilation.
Reloading assemblies after forced synchronous recompile.
Begin MonoManager ReloadAssembly
2026-10-07 17:23:48.456 Unity[95895:31765048] NSEventModifierFlagFunction specified to -setKeyEquivalentModifierMask: for item <NSMenuItem: 0x600003b3f3a0 SDF, ke='Command-F12'>, but is only supported for system-provided menu items; will not be used
2026-10-07 17:23:48.460 Unity[95895:31765048] NSEventModifierFlagFunction specified to -setKeyEquivalentModifierMask: for item <NSMenuItem: 0x600003b319d0 SDF, ke='Command-F12'>, but is only supported for system-provided menu items; will not be used
2026-10-07 17:23:48.463 Unity[95895:31765048] NSEventModifierFlagFunction specified to -setKeyEquivalentModifierMask: for item <NSMenuItem: 0x600003bea530 SDF, ke='Command-F12'>, but is only supported for system-provided menu items; will not be used
2026-10-07 17:23:48.467 Unity[95895:31765048] NSEventModifierFlagFunction specified to -setKeyEquivalentModifierMask: for item <NSMenuItem: 0x600003bf7c60 SDF, ke='Command-F12'>, but is only supported for system-provided menu items; will not be used
[INFO ] [relay] log Domain reload signal received from client editor-95895-ckkb11
Thread 0x3c8d87000 may have been prematurely finalized
Failed to collect Mac signature for /Applications/ChatGPT.app/Contents/Resources/codex-cli/CodexCLI.app/Contents/MacOS/codex: Thread was being aborted.
UnityEngine.Debug:ExtractStackTraceNoAlloc (byte*,int,string)
UnityEngine.StackTraceUtility:ExtractStackTrace () (at /Users/bokken/build/output/unity/unity/Runtime/Export/Scripting/StackTrace.cs:35)
UnityEngine.DebugLogHandler:Internal_Log (UnityEngine.LogType,UnityEngine.LogOption,string,UnityEngine.Object)
UnityEngine.DebugLogHandler:LogFormat (UnityEngine.LogType,UnityEngine.Object,string,object[])
UnityEngine.Logger:Log (UnityEngine.LogType,object)
UnityEngine.Debug:LogWarning (object)
Unity.AI.MCP.Editor.Security.ExecutableIdentityCollector:CollectMacSignature (string,Unity.AI.MCP.Editor.Models.ExecutableIdentity) (at ./Library/PackageCache/com.unity.ai.assistant@8d1e3e89e3a7/Modules/Unity.AI.MCP.Editor/Security/ExecutableIdentityCollector.cs:410)
Unity.AI.MCP.Editor.Security.ExecutableIdentityCollector:CollectSignatureInfo (string,Unity.AI.MCP.Editor.Models.ExecutableIdentity) (at ./Library/PackageCache/com.unity.ai.assistant@8d1e3e89e3a7/Modules/Unity.AI.MCP.Editor/Security/ExecutableIdentityCollector.cs:251)
Unity.AI.MCP.Editor.Security.ExecutableIdentityCollector:CollectIdentity (string) (at ./Library/PackageCache/com.unity.ai.assistant@8d1e3e89e3a7/Modules/Unity.AI.MCP.Editor/Security/ExecutableIdentityCollector.cs:108)
Unity.AI.MCP.Editor.Security.ProcessInfoCollector:CollectProcessInfo (int) (at ./Library/PackageCache/com.unity.ai.assistant@8d1e3e89e3a7/Modules/Unity.AI.MCP.Editor/Security/ProcessInfoCollector.cs:69)
Unity.AI.MCP.Editor.Security.ProcessInfoCollector:CollectConnectionInfo (int,Unity.AI.MCP.Editor.Security.ValidationConfig) (at ./Library/PackageCache/com.unity.ai.assistant@8d1e3e89e3a7/Modules/Unity.AI.MCP.Editor/Security/ProcessInfoCollector.cs:122)
Unity.AI.MCP.Editor.Security.ConnectionValidator:ValidateConnection (Unity.AI.MCP.Editor.Connection.IConnectionTransport,Unity.AI.MCP.Editor.Security.ValidationConfig) (at ./Library/PackageCache/com.unity.ai.assistant@8d1e3e89e3a7/Modules/Unity.AI.MCP.Editor/Security/ConnectionValidator.cs:39)
Unity.AI.MCP.Editor.Bridge/<>c__DisplayClass67_0:<ValidateAndApproveAsync>b__1 () (at ./Library/PackageCache/com.unity.ai.assistant@8d1e3e89e3a7/Modules/Unity.AI.MCP.Editor/Bridge.cs:1050)
System.Threading.Tasks.Task`1<Unity.AI.MCP.Editor.Security.ValidationDecision>:InnerInvoke ()
System.Threading.Tasks.Task:Execute ()
System.Threading.Tasks.Task:ExecutionContextCallback (object)
System.Threading.ExecutionContext:RunInternal (System.Threading.ExecutionContext,System.Threading.ContextCallback,object,bool)
System.Threading.ExecutionContext:Run (System.Threading.ExecutionContext,System.Threading.ContextCallback,object,bool)
System.Threading.Tasks.Task:ExecuteWithThreadLocal (System.Threading.Tasks.Task&)
System.Threading.Tasks.Task:ExecuteEntry (bool)
System.Threading.Tasks.Task:System.Threading.IThreadPoolWorkItem.ExecuteWorkItem ()
System.Threading.ThreadPoolWorkQueue:Dispatch ()
System.Threading._ThreadPoolWaitCallback:PerformWaitCallback ()

(Filename: ./Library/PackageCache/com.unity.ai.assistant@8d1e3e89e3a7/Modules/Unity.AI.MCP.Editor/Security/ExecutableIdentityCollector.cs Line: 410)

Failed to collect Mac signature for /Applications/ChatGPT.app/Contents/Resources/codex-cli/CodexCLI.app/Contents/MacOS/codex: Thread was being aborted.
UnityEngine.Debug:ExtractStackTraceNoAlloc (byte*,int,string)
UnityEngine.StackTraceUtility:ExtractStackTrace () (at /Users/bokken/build/output/unity/unity/Runtime/Export/Scripting/StackTrace.cs:35)
UnityEngine.DebugLogHandler:Internal_Log (UnityEngine.LogType,UnityEngine.LogOption,string,UnityEngine.Object)
UnityEngine.DebugLogHandler:LogFormat (UnityEngine.LogType,UnityEngine.Object,string,object[])
UnityEngine.Logger:Log (UnityEngine.LogType,object)
UnityEngine.Debug:LogWarning (object)
Unity.AI.MCP.Editor.Security.ExecutableIdentityCollector:CollectMacSignature (string,Unity.AI.MCP.Editor.Models.ExecutableIdentity) (at ./Library/PackageCache/com.unity.ai.assistant@8d1e3e89e3a7/Modules/Unity.AI.MCP.Editor/Security/ExecutableIdentityCollector.cs:410)
Unity.AI.MCP.Editor.Security.ExecutableIdentityCollector:CollectSignatureInfo (string,Unity.AI.MCP.Editor.Models.ExecutableIdentity) (at ./Library/PackageCache/com.unity.ai.assistant@8d1e3e89e3a7/Modules/Unity.AI.MCP.Editor/Security/ExecutableIdentityCollector.cs:251)
Unity.AI.MCP.Editor.Security.ExecutableIdentityCollector:CollectIdentity (string) (at ./Library/PackageCache/com.unity.ai.assistant@8d1e3e89e3a7/Modules/Unity.AI.MCP.Editor/Security/ExecutableIdentityCollector.cs:108)
Unity.AI.MCP.Editor.Security.ProcessInfoCollector:CollectProcessInfo (int) (at ./Library/PackageCache/com.unity.ai.assistant@8d1e3e89e3a7/Modules/Unity.AI.MCP.Editor/Security/ProcessInfoCollector.cs:69)
Unity.AI.MCP.Editor.Security.ProcessInfoCollector:CollectConnectionInfo (int,Unity.AI.MCP.Editor.Security.ValidationConfig) (at ./Library/PackageCache/com.unity.ai.assistant@8d1e3e89e3a7/Modules/Unity.AI.MCP.Editor/Security/ProcessInfoCollector.cs:122)
Unity.AI.MCP.Editor.Security.ConnectionValidator:ValidateConnection (Unity.AI.MCP.Editor.Connection.IConnectionTransport,Unity.AI.MCP.Editor.Security.ValidationConfig) (at ./Library/PackageCache/com.unity.ai.assistant@8d1e3e89e3a7/Modules/Unity.AI.MCP.Editor/Security/ConnectionValidator.cs:39)
Unity.AI.MCP.Editor.Bridge/<>c__DisplayClass67_0:<ValidateAndApproveAsync>b__1 () (at ./Library/PackageCache/com.unity.ai.assistant@8d1e3e89e3a7/Modules/Unity.AI.MCP.Editor/Bridge.cs:1050)
System.Threading.Tasks.Task`1<Unity.AI.MCP.Editor.Security.ValidationDecision>:InnerInvoke ()
System.Threading.Tasks.Task:Execute ()
System.Threading.Tasks.Task:ExecutionContextCallback (object)
System.Threading.ExecutionContext:RunInternal (System.Threading.ExecutionContext,System.Threading.ContextCallback,object,bool)
System.Threading.ExecutionContext:Run (System.Threading.ExecutionContext,System.Threading.ContextCallback,object,bool)
System.Threading.Tasks.Task:ExecuteWithThreadLocal (System.Threading.Tasks.Task&)
System.Threading.Tasks.Task:ExecuteEntry (bool)
System.Threading.Tasks.Task:System.Threading.IThreadPoolWorkItem.ExecuteWorkItem ()
System.Threading.ThreadPoolWorkQueue:Dispatch ()
System.Threading._ThreadPoolWaitCallback:PerformWaitCallback ()

(Filename: ./Library/PackageCache/com.unity.ai.assistant@8d1e3e89e3a7/Modules/Unity.AI.MCP.Editor/Security/ExecutableIdentityCollector.cs Line: 410)

Failed to collect Mac signature for /Applications/ChatGPT.app/Contents/Resources/codex-cli/CodexCLI.app/Contents/MacOS/codex: Thread was being aborted.
UnityEngine.Debug:ExtractStackTraceNoAlloc (byte*,int,string)
UnityEngine.StackTraceUtility:ExtractStackTrace () (at /Users/bokken/build/output/unity/unity/Runtime/Export/Scripting/StackTrace.cs:35)
UnityEngine.DebugLogHandler:Internal_Log (UnityEngine.LogType,UnityEngine.LogOption,string,UnityEngine.Object)
UnityEngine.DebugLogHandler:LogFormat (UnityEngine.LogType,UnityEngine.Object,string,object[])
UnityEngine.Logger:Log (UnityEngine.LogType,object)
UnityEngine.Debug:LogWarning (object)
Unity.AI.MCP.Editor.Security.ExecutableIdentityCollector:CollectMacSignature (string,Unity.AI.MCP.Editor.Models.ExecutableIdentity) (at ./Library/PackageCache/com.unity.ai.assistant@8d1e3e89e3a7/Modules/Unity.AI.MCP.Editor/Security/ExecutableIdentityCollector.cs:410)
Unity.AI.MCP.Editor.Security.ExecutableIdentityCollector:CollectSignatureInfo (string,Unity.AI.MCP.Editor.Models.ExecutableIdentity) (at ./Library/PackageCache/com.unity.ai.assistant@8d1e3e89e3a7/Modules/Unity.AI.MCP.Editor/Security/ExecutableIdentityCollector.cs:251)
Unity.AI.MCP.Editor.Security.ExecutableIdentityCollector:CollectIdentity (string) (at ./Library/PackageCache/com.unity.ai.assistant@8d1e3e89e3a7/Modules/Unity.AI.MCP.Editor/Security/ExecutableIdentityCollector.cs:108)
Unity.AI.MCP.Editor.Security.ProcessInfoCollector:CollectProcessInfo (int) (at ./Library/PackageCache/com.unity.ai.assistant@8d1e3e89e3a7/Modules/Unity.AI.MCP.Editor/Security/ProcessInfoCollector.cs:69)
Unity.AI.MCP.Editor.Security.ProcessInfoCollector:CollectConnectionInfo (int,Unity.AI.MCP.Editor.Security.ValidationConfig) (at ./Library/PackageCache/com.unity.ai.assistant@8d1e3e89e3a7/Modules/Unity.AI.MCP.Editor/Security/ProcessInfoCollector.cs:122)
Unity.AI.MCP.Editor.Security.ConnectionValidator:ValidateConnection (Unity.AI.MCP.Editor.Connection.IConnectionTransport,Unity.AI.MCP.Editor.Security.ValidationConfig) (at ./Library/PackageCache/com.unity.ai.assistant@8d1e3e89e3a7/Modules/Unity.AI.MCP.Editor/Security/ConnectionValidator.cs:39)
Unity.AI.MCP.Editor.Bridge/<>c__DisplayClass67_0:<ValidateAndApproveAsync>b__1 () (at ./Library/PackageCache/com.unity.ai.assistant@8d1e3e89e3a7/Modules/Unity.AI.MCP.Editor/Bridge.cs:1050)
System.Threading.Tasks.Task`1<Unity.AI.MCP.Editor.Security.ValidationDecision>:InnerInvoke ()
System.Threading.Tasks.Task:Execute ()
System.Threading.Tasks.Task:ExecutionContextCallback (object)
System.Threading.ExecutionContext:RunInternal (System.Threading.ExecutionContext,System.Threading.ContextCallback,object,bool)
System.Threading.ExecutionContext:Run (System.Threading.ExecutionContext,System.Threading.ContextCallback,object,bool)
System.Threading.Tasks.Task:ExecuteWithThreadLocal (System.Threading.Tasks.Task&)
System.Threading.Tasks.Task:ExecuteEntry (bool)
System.Threading.Tasks.Task:System.Threading.IThreadPoolWorkItem.ExecuteWorkItem ()
System.Threading.ThreadPoolWorkQueue:Dispatch ()
System.Threading._ThreadPoolWaitCallback:PerformWaitCallback ()

(Filename: ./Library/PackageCache/com.unity.ai.assistant@8d1e3e89e3a7/Modules/Unity.AI.MCP.Editor/Security/ExecutableIdentityCollector.cs Line: 410)

Failed to collect Mac signature for /Applications/ChatGPT.app/Contents/Resources/codex-cli/CodexCLI.app/Contents/MacOS/codex: Thread was being aborted.
UnityEngine.Debug:ExtractStackTraceNoAlloc (byte*,int,string)
UnityEngine.StackTraceUtility:ExtractStackTrace () (at /Users/bokken/build/output/unity/unity/Runtime/Export/Scripting/StackTrace.cs:35)
UnityEngine.DebugLogHandler:Internal_Log (UnityEngine.LogType,UnityEngine.LogOption,string,UnityEngine.Object)
UnityEngine.DebugLogHandler:LogFormat (UnityEngine.LogType,UnityEngine.Object,string,object[])
UnityEngine.Logger:Log (UnityEngine.LogType,object)
UnityEngine.Debug:LogWarning (object)
Unity.AI.MCP.Editor.Security.ExecutableIdentityCollector:CollectMacSignature (string,Unity.AI.MCP.Editor.Models.ExecutableIdentity) (at ./Library/PackageCache/com.unity.ai.assistant@8d1e3e89e3a7/Modules/Unity.AI.MCP.Editor/Security/ExecutableIdentityCollector.cs:410)
Unity.AI.MCP.Editor.Security.ExecutableIdentityCollector:CollectSignatureInfo (string,Unity.AI.MCP.Editor.Models.ExecutableIdentity) (at ./Library/PackageCache/com.unity.ai.assistant@8d1e3e89e3a7/Modules/Unity.AI.MCP.Editor/Security/ExecutableIdentityCollector.cs:251)
Unity.AI.MCP.Editor.Security.ExecutableIdentityCollector:CollectIdentity (string) (at ./Library/PackageCache/com.unity.ai.assistant@8d1e3e89e3a7/Modules/Unity.AI.MCP.Editor/Security/ExecutableIdentityCollector.cs:108)
Unity.AI.MCP.Editor.Security.ProcessInfoCollector:CollectProcessInfo (int) (at ./Library/PackageCache/com.unity.ai.assistant@8d1e3e89e3a7/Modules/Unity.AI.MCP.Editor/Security/ProcessInfoCollector.cs:69)
Unity.AI.MCP.Editor.Security.ProcessInfoCollector:CollectConnectionInfo (int,Unity.AI.MCP.Editor.Security.ValidationConfig) (at ./Library/PackageCache/com.unity.ai.assistant@8d1e3e89e3a7/Modules/Unity.AI.MCP.Editor/Security/ProcessInfoCollector.cs:122)
Unity.AI.MCP.Editor.Security.ConnectionValidator:ValidateConnection (Unity.AI.MCP.Editor.Connection.IConnectionTransport,Unity.AI.MCP.Editor.Security.ValidationConfig) (at ./Library/PackageCache/com.unity.ai.assistant@8d1e3e89e3a7/Modules/Unity.AI.MCP.Editor/Security/ConnectionValidator.cs:39)
Unity.AI.MCP.Editor.Bridge/<>c__DisplayClass67_0:<ValidateAndApproveAsync>b__1 () (at ./Library/PackageCache/com.unity.ai.assistant@8d1e3e89e3a7/Modules/Unity.AI.MCP.Editor/Bridge.cs:1050)
System.Threading.Tasks.Task`1<Unity.AI.MCP.Editor.Security.ValidationDecision>:InnerInvoke ()
System.Threading.Tasks.Task:Execute ()
System.Threading.Tasks.Task:ExecutionContextCallback (object)
System.Threading.ExecutionContext:RunInternal (System.Threading.ExecutionContext,System.Threading.ContextCallback,object,bool)
System.Threading.ExecutionContext:Run (System.Threading.ExecutionContext,System.Threading.ContextCallback,object,bool)
System.Threading.Tasks.Task:ExecuteWithThreadLocal (System.Threading.Tasks.Task&)
System.Threading.Tasks.Task:ExecuteEntry (bool)
System.Threading.Tasks.Task:System.Threading.IThreadPoolWorkItem.ExecuteWorkItem ()
System.Threading.ThreadPoolWorkQueue:Dispatch ()
System.Threading._ThreadPoolWaitCallback:PerformWaitCallback ()

(Filename: ./Library/PackageCache/com.unity.ai.assistant@8d1e3e89e3a7/Modules/Unity.AI.MCP.Editor/Security/ExecutableIdentityCollector.cs Line: 410)

Failed to collect process info for PID 22650: Thread was being aborted.
UnityEngine.Debug:ExtractStackTraceNoAlloc (byte*,int,string)
UnityEngine.StackTraceUtility:ExtractStackTrace () (at /Users/bokken/build/output/unity/unity/Runtime/Export/Scripting/StackTrace.cs:35)
UnityEngine.DebugLogHandler:Internal_Log (UnityEngine.LogType,UnityEngine.LogOption,string,UnityEngine.Object)
UnityEngine.DebugLogHandler:LogFormat (UnityEngine.LogType,UnityEngine.Object,string,object[])
UnityEngine.Logger:Log (UnityEngine.LogType,object)
UnityEngine.Debug:LogWarning (object)
Unity.AI.MCP.Editor.Security.ProcessInfoCollector:CollectProcessInfo (int) (at ./Library/PackageCache/com.unity.ai.assistant@8d1e3e89e3a7/Modules/Unity.AI.MCP.Editor/Security/ProcessInfoCollector.cs:93)
Unity.AI.MCP.Editor.Security.ProcessInfoCollector:CollectConnectionInfo (int,Unity.AI.MCP.Editor.Security.ValidationConfig) (at ./Library/PackageCache/com.unity.ai.assistant@8d1e3e89e3a7/Modules/Unity.AI.MCP.Editor/Security/ProcessInfoCollector.cs:122)
Unity.AI.MCP.Editor.Security.ConnectionValidator:ValidateConnection (Unity.AI.MCP.Editor.Connection.IConnectionTransport,Unity.AI.MCP.Editor.Security.ValidationConfig) (at ./Library/PackageCache/com.unity.ai.assistant@8d1e3e89e3a7/Modules/Unity.AI.MCP.Editor/Security/ConnectionValidator.cs:39)
Unity.AI.MCP.Editor.Bridge/<>c__DisplayClass67_0:<ValidateAndApproveAsync>b__1 () (at ./Library/PackageCache/com.unity.ai.assistant@8d1e3e89e3a7/Modules/Unity.AI.MCP.Editor/Bridge.cs:1050)
System.Threading.Tasks.Task`1<Unity.AI.MCP.Editor.Security.ValidationDecision>:InnerInvoke ()
System.Threading.Tasks.Task:Execute ()
System.Threading.Tasks.Task:ExecutionContextCallback (object)
System.Threading.ExecutionContext:RunInternal (System.Threading.ExecutionContext,System.Threading.ContextCallback,object,bool)
System.Threading.ExecutionContext:Run (System.Threading.ExecutionContext,System.Threading.ContextCallback,object,bool)
System.Threading.Tasks.Task:ExecuteWithThreadLocal (System.Threading.Tasks.Task&)
System.Threading.Tasks.Task:ExecuteEntry (bool)
System.Threading.Tasks.Task:System.Threading.IThreadPoolWorkItem.ExecuteWorkItem ()
System.Threading.ThreadPoolWorkQueue:Dispatch ()
System.Threading._ThreadPoolWaitCallback:PerformWaitCallback ()

(Filename: ./Library/PackageCache/com.unity.ai.assistant@8d1e3e89e3a7/Modules/Unity.AI.MCP.Editor/Security/ProcessInfoCollector.cs Line: 93)

Failed to collect process info for PID 22650: Thread was being aborted.
UnityEngine.Debug:ExtractStackTraceNoAlloc (byte*,int,string)
UnityEngine.StackTraceUtility:ExtractStackTrace () (at /Users/bokken/build/output/unity/unity/Runtime/Export/Scripting/StackTrace.cs:35)
UnityEngine.DebugLogHandler:Internal_Log (UnityEngine.LogType,UnityEngine.LogOption,string,UnityEngine.Object)
UnityEngine.DebugLogHandler:LogFormat (UnityEngine.LogType,UnityEngine.Object,string,object[])
UnityEngine.Logger:Log (UnityEngine.LogType,object)
UnityEngine.Debug:LogWarning (object)
Unity.AI.MCP.Editor.Security.ProcessInfoCollector:CollectProcessInfo (int) (at ./Library/PackageCache/com.unity.ai.assistant@8d1e3e89e3a7/Modules/Unity.AI.MCP.Editor/Security/ProcessInfoCollector.cs:93)
Unity.AI.MCP.Editor.Security.ProcessInfoCollector:CollectConnectionInfo (int,Unity.AI.MCP.Editor.Security.ValidationConfig) (at ./Library/PackageCache/com.unity.ai.assistant@8d1e3e89e3a7/Modules/Unity.AI.MCP.Editor/Security/ProcessInfoCollector.cs:122)
Unity.AI.MCP.Editor.Security.ConnectionValidator:ValidateConnection (Unity.AI.MCP.Editor.Connection.IConnectionTransport,Unity.AI.MCP.Editor.Security.ValidationConfig) (at ./Library/PackageCache/com.unity.ai.assistant@8d1e3e89e3a7/Modules/Unity.AI.MCP.Editor/Security/ConnectionValidator.cs:39)
Unity.AI.MCP.Editor.Bridge/<>c__DisplayClass67_0:<ValidateAndApproveAsync>b__1 () (at ./Library/PackageCache/com.unity.ai.assistant@8d1e3e89e3a7/Modules/Unity.AI.MCP.Editor/Bridge.cs:1050)
System.Threading.Tasks.Task`1<Unity.AI.MCP.Editor.Security.ValidationDecision>:InnerInvoke ()
System.Threading.Tasks.Task:Execute ()
System.Threading.Tasks.Task:ExecutionContextCallback (object)
System.Threading.ExecutionContext:RunInternal (System.Threading.ExecutionContext,System.Threading.ContextCallback,object,bool)
System.Threading.ExecutionContext:Run (System.Threading.ExecutionContext,System.Threading.ContextCallback,object,bool)
System.Threading.Tasks.Task:ExecuteWithThreadLocal (System.Threading.Tasks.Task&)
System.Threading.Tasks.Task:ExecuteEntry (bool)
System.Threading.Tasks.Task:System.Threading.IThreadPoolWorkItem.ExecuteWorkItem ()
System.Threading.ThreadPoolWorkQueue:Dispatch ()
System.Threading._ThreadPoolWaitCallback:PerformWaitCallback ()

(Filename: ./Library/PackageCache/com.unity.ai.assistant@8d1e3e89e3a7/Modules/Unity.AI.MCP.Editor/Security/ProcessInfoCollector.cs Line: 93)

[INFO ] [relay] log Client disconnected - blocking and caching for recovery
[WARN ] [relay] connection.lost clientId=null
[WARN ] [relay] log Client disconnected - sessions will persist until auto-shutdown, reason: Client disconnected
[INFO ] [relay] log Auto-shutdown timer started due to client disconnection
Symbol file LoadedFromMemory is not a mono symbol file
Symbol file LoadedFromMemory is not a mono symbol file
Native extension for iOS target not found
Native extension for Android target not found
Native extension for WindowsStandalone target not found
Native extension for OSXStandalone target not found
[MODES] ModeService[none].Initialize
[MODES] ModeService[none].LoadModes
2026-10-07 17:23:50.204 Unity[95895:31765048] NSEventModifierFlagFunction specified to -setKeyEquivalentModifierMask: for item <NSMenuItem: 0x600003bf7f70 SDF, ke='Command-F12'>, but is only supported for system-provided menu items; will not be used
Start HTTP server: port:7800
[Licensing::Client] Error: Code 404 while processing request (status: Found 0 entitlement groups and 0 free entitlements matching requested entitlement ids)
[Licensing::Client] Error: Code 404 while processing request (status: Found 0 entitlement groups and 0 free entitlements matching requested entitlement ids)
[Licensing::Client] Error: Code 404 while processing request (status: Found 0 entitlement groups and 0 free entitlements matching requested entitlement ids)
ScheduleIndexationOnStartup MainProcess:True IndexOnStartup:True
Mono: successfully reloaded assembly
- Finished resetting the current domain, in  2.052 seconds
Domain Reload Profiling: 3384ms
	BeginReloadAssembly (1040ms)
		DisableScriptedObjects (29ms)
		CreateAndSetChildDomain (688ms)
	RebuildCommonClasses (5ms)
	RebuildNativeTypeToScriptingClass (11ms)
	initialDomainReloadingComplete (58ms)
	LoadAllAssembliesAndSetupDomain (218ms)
		LoadAssemblies (89ms)
		AnalyzeDomain (19ms)
			TypeCache.Refresh (9ms)
			ResolveRequiredComponents (6ms)
	FinalizeReload (2053ms)
		SetupLoadedEditorAssemblies (0ms)
			InitializePlatformSupportModulesInManaged (9ms)
			BeforeProcessingInitializeOnLoad (189ms)
			ProcessInitializeOnLoadAttributes (1292ms)
			ProcessInitializeOnLoadMethodAttributes (172ms)
		AwakeInstancesAfterBackupRestoration (20ms)

Asset Pipeline Refresh (id=2965c86066fbf428bb24c8a22a5dcc86): Total: 3.649 seconds - Initiated by StopAssetImportingV2(ForceSynchronousImport | ForceDomainReload)
	(Values over 0.05ms)
	Summary:
		Imports: total=0 (actual=0, local cache=0, cache server=0)
		Asset DB Process Time: managed=0 ms, native=2271 ms
		Asset DB Callback time: managed=14 ms, native=0 ms
		Scripting: domain reloads=1, domain reload time=1362 ms, compile time=1 ms, other=0 ms
		Project Asset Count: scripts=2801, non-scripts=9074
		Asset File Changes: new=0, changed=0, moved=0, deleted=0
		Scan Filter Count: 0
	InvokePackagesCallback: 0.519ms
	ApplyChangesToAssetFolders: 0.184ms
	Collect global state as custom dependencies: 1.656ms
	ProcessAssetsWithTransientArtifactChanges: 0.258ms
	CategorizeAssets: 102.833ms
	CompileScripts: 0.972ms
	ImportOutOfDateAssets: 2137.120ms (2069.534ms without children)
		CollectScriptTypesHashes: 0.799ms
		ReloadNativeAssets: 0.836ms
		UnloadImportedAssets: 0.127ms
		EnsureUptoDateAssetsAreRegisteredWithGuidPM: 1.233ms
		ImportSchedulerStart: 65.348ms
	PostProcessAllAssets: 14.893ms
		MonoPostProcessAllAssets: 14.888ms
			UniversalRenderPipelineGlobalSettingsPostprocessor.OnPostprocessAllAssets 4.907ms
			GraphRefreshPostprocessor.OnPostprocessAllAssets 0.973ms
			SpeedTree9Postprocessor.OnPostprocessAllAssets 0.768ms
			WindowAssetPostprocessingWatcher.OnPostprocessAllAssets 0.662ms
			SampleDependencyImporterPostProcessor.OnPostprocessAllAssets 0.573ms
			ShaderGraphAssetPostProcessor.OnPostprocessAllAssets 0.423ms
			AssetChangeDetector.OnPostprocessAllAssets 0.422ms
			RenderPipelineGlobalSettingsPostprocessor.OnPostprocessAllAssets 0.316ms
			ReferencedClipsPostProcessor.OnPostprocessAllAssets 0.155ms
			ShaderReflectionAssetPostProcessor.OnPostprocessAllAssets 0.145ms
			InputActionAssetPostprocessor.OnPostprocessAllAssets 0.118ms
			TerrainToolbarOverlayPostProcessor.OnPostprocessAllAssets 0.082ms
			ModelAssetProcessor.OnPostprocessAllAssets 0.082ms
			ProjectSettingsPostprocessor.OnPostprocessAllAssets 0.080ms
			TrackSelectedAssetsProcessor.OnPostprocessAllAssets 0.075ms
			AssetDatabaseCallbacks.OnPostprocessAllAssets 0.059ms
			RetainedModeAssetPostprocessor.OnPostprocessAllAssets 0.053ms
			AssetPostprocessor.OnPostprocessAllAssets 0.052ms
	GatherAllCurrentPrimaryImportResultRevisions: 0.218ms
	PersistCurrentRevisions: 0.249ms
	GenerateScriptTypeHashes: 3.045ms
	GenerateScriptTypeSerializationHashes: 4.802ms
	Untracked: 1388.513ms

[Licensing::Client] Successfully resolved entitlement details
<color=green><b>Thank you for using my asset!</b></color> If you like it, please take a moment to rate it on the Asset Store. It helps me a lot!
UnityEngine.Debug:ExtractStackTraceNoAlloc (byte*,int,string)
UnityEngine.StackTraceUtility:ExtractStackTrace () (at /Users/bokken/build/output/unity/unity/Runtime/Export/Scripting/StackTrace.cs:35)
UnityEngine.DebugLogHandler:Internal_Log (UnityEngine.LogType,UnityEngine.LogOption,string,UnityEngine.Object)
UnityEngine.DebugLogHandler:LogFormat (UnityEngine.LogType,UnityEngine.Object,string,object[])
UnityEngine.Logger:Log (UnityEngine.LogType,object)
UnityEngine.Debug:Log (object)
YourPackage.Editor.WelcomeWindow:OnEnable () (at Assets/ThirdParty/Zombies/ArtStore3D/Fat Zombie(Low Poly)/Editor/WelcomeWindow.cs:41)
UnityEngine.ScriptableObject:CreateScriptableObjectInstanceFromType (System.Type,bool)
UnityEngine.ScriptableObject:CreateInstance (System.Type) (at /Users/bokken/build/output/unity/unity/Runtime/Export/Scripting/ScriptableObject.bindings.cs:35)
UnityEditor.EditorWindow:GetWindowPrivate (System.Type,bool,string,bool,bool) (at /Users/bokken/build/output/unity/unity/Editor/Mono/EditorWindow.cs:780)
UnityEditor.EditorWindow:GetWindow (System.Type,bool,string,bool) (at /Users/bokken/build/output/unity/unity/Editor/Mono/EditorWindow.cs:805)
UnityEditor.EditorWindow:GetWindow<YourPackage.Editor.WelcomeWindow> (bool,string,bool) (at /Users/bokken/build/output/unity/unity/Editor/Mono/EditorWindow.cs:876)
UnityEditor.EditorWindow:GetWindow<YourPackage.Editor.WelcomeWindow> (string,bool) (at /Users/bokken/build/output/unity/unity/Editor/Mono/EditorWindow.cs:870)
UnityEditor.EditorWindow:GetWindow<YourPackage.Editor.WelcomeWindow> (string) (at /Users/bokken/build/output/unity/unity/Editor/Mono/EditorWindow.cs:865)
YourPackage.Editor.WelcomeWindow:Open () (at Assets/ThirdParty/Zombies/ArtStore3D/Fat Zombie(Low Poly)/Editor/WelcomeWindow.cs:27)
YourPackage.Editor.WelcomeWindow:RunOnce () (at Assets/ThirdParty/Zombies/ArtStore3D/Fat Zombie(Low Poly)/Editor/WelcomeWindow.cs:20)
UnityEditor.EditorApplication:Internal_CallUpdateFunctions () (at /Users/bokken/build/output/unity/unity/Editor/Mono/EditorApplication.cs:403)

(Filename: Assets/ThirdParty/Zombies/ArtStore3D/Fat Zombie(Low Poly)/Editor/WelcomeWindow.cs Line: 41)

2026-10-07 17:23:51.975 Unity[95895:31765048] CAMetalLayer ignoring invalid setDrawableSize width=0.000000 height=0.000000
2026-10-07 17:23:51.982 Unity[95895:31765048] CAMetalLayer ignoring invalid setDrawableSize width=0.000000 height=0.000000
[Licensing::Client] Successfully resolved entitlement details
DisplayProgressbar: Undo
[INFO ] [relay] log Unity client connected with ID: editor-95895-4fsp00 (relay 1.0.12-build.99)
[INFO ] [relay] connection.established clientId=editor-95895-4fsp00 port=9003
Test run completed. Exiting with code 0 (Ok). Run completed.
UnityEngine.Debug:ExtractStackTraceNoAlloc (byte*,int,string)
UnityEngine.StackTraceUtility:ExtractStackTrace () (at /Users/bokken/build/output/unity/unity/Runtime/Export/Scripting/StackTrace.cs:35)
UnityEngine.DebugLogHandler:Internal_Log (UnityEngine.LogType,UnityEngine.LogOption,string,UnityEngine.Object)
UnityEngine.DebugLogHandler:LogFormat (UnityEngine.LogType,UnityEngine.Object,string,object[])
UnityEngine.Logger:Log (UnityEngine.LogType,object)
UnityEngine.Debug:Log (object)
UnityEditor.TestTools.TestRunner.CommandLineTest.Executer:ExitApplication (UnityEditor.TestTools.TestRunner.CommandLineTest.Executer/ReturnCodes,string) (at ./Library/PackageCache/com.unity.test-framework@f3e6c9a02477/UnityEditor.TestRunner/CommandLineTest/Executer.cs:81)
UnityEditor.TestTools.TestRunner.CommandLineTest.Executer:ExitIfRunIsCompleted () (at ./Library/PackageCache/com.unity.test-framework@f3e6c9a02477/UnityEditor.TestRunner/CommandLineTest/Executer.cs:74)
UnityEditor.EditorApplication:Internal_CallUpdateFunctions () (at /Users/bokken/build/output/unity/unity/Editor/Mono/EditorApplication.cs:403)

(Filename: ./Library/PackageCache/com.unity.test-framework@f3e6c9a02477/UnityEditor.TestRunner/CommandLineTest/Executer.cs Line: 81)

MonoPathRemapper: Attempts to remap: 178147; Successful remaps: 51780
Serialized file version minimum: 22, current 23
Pipeline Server stopped
[INFO ] [relay] log Shutdown request received from client editor-95895-4fsp00
[INFO ] [relay] log Unity client requested immediate shutdown - shutting down now, reason: Shutdown requested by client
[INFO ] [relay] log Shutdown: Initiating graceful shutdown: Shutdown requested by client
Killing ADB server in 0.174661 seconds.
Importing 'GUID: 0000000000000000b000000000000000 - Path: ProjectSettings/EditorBuildSettings.asset' with importer (LibraryAssetImporter)
Imported 'GUID: 0000000000000000b000000000000000' -> (Import Result ID: '7d4ed8fbd0ab9140f7533c601adcfcf9') in 0.004 seconds [static dependencies only]. Details - ImportResultOutputID=4647dd083cfc32cebcd7526e8846440c DependenciesID=230f0018ae6f8e259ca09fd2162c232b StaticDependenciesID=d6314ac31c30171c0d0a734448bfd141 
Shutting down MSBuild server...
Asset Pipeline Refresh (id=6184687df79d44a5ebb16c755c5ba949): Total: 0.207 seconds - Initiated by StopAssetImportingV2(NoUpdateAssetOptions)
Shutting down VB/C# compiler server...
VB/C# compiler server shut down successfully.
MSBuild server shut down successfully.
Input System module state changed to: ShutdownInProgress.
Input Polling Thread exited.
Input System module state changed to: Shutdown.
[Physics::Module] Cleanup current backend.
[Physics::Module] Id: 0xf2b8ea05
[Licensing::IpcConnector] LicenseClient-burakcoskun-notifications channel disconnected successfully.
[Licensing::IpcConnector] LicenseClient-burakcoskun channel disconnected successfully.
Thread 0x17f0c7000 may have been prematurely finalized
Thread 0x17f153000 may have been prematurely finalized
Thread 0x17f1df000 may have been prematurely finalized
Thread 0x17f26b000 may have been prematurely finalized
Thread 0x17f2f7000 may have been prematurely finalized
Thread 0x17f40f000 may have been prematurely finalized
Thread 0x17f49b000 may have been prematurely finalized
Thread 0x17f383000 may have been prematurely finalized
Thread 0x17f527000 may have been prematurely finalized
Thread 0x17f5b3000 may have been prematurely finalized
Thread 0x17f63f000 may have been prematurely finalized
AcceleratorClientConnectionCallback - disconnected - :0
Thread 0x321363000 may have been prematurely finalized
Cleanup mono
CodeReloadManager destroyed
info: Microsoft.Hosting.Lifetime[0]
      Application is shutting down...
info: Unity.ILPP.Runner.PostProcessingAssemblyLoadContext[0]
      ALC ILPP context 1 is unloading
Failed to collect process info for PID 22650: Thread was being aborted.
debugger-agent: Unable to listen on 43
[usbmuxd] Stop listen thread
[usbmuxd] Error: 
[usbmuxd] Listen thread exiting
