Unity Editor version:    6000.5.0f1 (88b47c5e7076)
Branch:                  6000.5/staging
Build type:              Release
Batch mode:              YES
macOS version:           Version 15.5 (Build 24F74)
Darwin version:          24.5.0
Architecture:            arm64
Running under Rosetta:   NO
Available memory:        18432 MB
Date:                    2026-10-07T14:19:22Z
[Licensing::Module] Trying to connect to existing licensing client channel...
[Licensing::IpcConnector] Channel LicenseClient-burakcoskun doesn't exist
Launching external process: /Applications/Unity/Hub/Editor/6000.5.0f1/Unity.app/Contents/Helpers/UnityLicensingClient.app/Contents/MacOS/Unity.Licensing.Client
[Licensing::Module] Successfully launched the LicensingClient (PId: 94751)
Launching external process: /Applications/Unity/Hub/Editor/6000.5.0f1/Unity.app/Contents/Helpers/PackageManager/Server/UnityPackageManager

COMMAND LINE ARGUMENTS:
/Applications/Unity/Hub/Editor/6000.5.0f1/Unity.app/Contents/MacOS/Unity
-batchmode
-projectPath
/Users/burakcoskun/Last Signal
-runTests
-testPlatform
EditMode
-assemblyNames
LastSignal.EditModeTests
-testFilter
LastSignal.Tests.S015AudioTests
-testResults
/Users/burakcoskun/Last Signal/Docs/Implementation/S015/Evidence/20261007T141921-948030Z-focused-edit/tests.xml
-logFile
/Users/burakcoskun/Last Signal/Docs/Implementation/S015/Evidence/20261007T141921-948030Z-focused-edit/unity.log
Successfully changed project path to: /Users/burakcoskun/Last Signal
/Users/burakcoskun/Last Signal
[UnityMemory] Configuration Parameters - Can be set up in boot.config
    "memorysetup-temp-allocator-size-gi-baking-worker=262144"
    "memorysetup-temp-allocator-size-gi-baking-worker=262144"
    "memorysetup-temp-allocator-size-gi-baking-worker=262144"
    "memorysetup-temp-allocator-size-gi-baking-worker=262144"
    "memorysetup-temp-allocator-size-gi-baking-worker=262144"
    "memorysetup-temp-allocator-size-nav-mesh-worker=65536"
    "memorysetup-temp-allocator-size-audio-worker=65536"
    "memorysetup-temp-allocator-size-cloud-worker=32768"
    "memorysetup-allocator-temp-initial-block-size-main=262144"
    "memorysetup-allocator-temp-initial-block-size-worker=262144"
    "memorysetup-temp-allocator-size-preload-manager=33554432"
    "memorysetup-temp-allocator-size-gfx=262144"
    "memorysetup-temp-allocator-size-background-worker=32768"
    "memorysetup-temp-allocator-size-job-worker=262144"
    "memorysetup-bucket-allocator-granularity=16"
    "memorysetup-bucket-allocator-bucket-count=8"
    "memorysetup-bucket-allocator-block-size=33554432"
    "memorysetup-bucket-allocator-block-count=8"
    "memorysetup-main-allocator-block-size=16777216"
    "memorysetup-thread-allocator-block-size=16777216"
    "memorysetup-main-allocator-mimalloc-enabled=0"
    "memorysetup-gfx-main-allocator-block-size=16777216"
    "memorysetup-gfx-thread-allocator-block-size=16777216"
    "memorysetup-cache-allocator-block-size=4194304"
    "memorysetup-typetree-allocator-block-size=2097152"
    "memorysetup-profiler-bucket-allocator-granularity=16"
    "memorysetup-profiler-bucket-allocator-bucket-count=8"
    "memorysetup-profiler-bucket-allocator-block-size=33554432"
    "memorysetup-profiler-bucket-allocator-block-count=8"
    "memorysetup-profiler-allocator-block-size=16777216"
    "memorysetup-profiler-editor-allocator-block-size=1048576"
    "memorysetup-temp-allocator-size-main=16777216"
    "memorysetup-job-temp-allocator-block-size=2097152"
    "memorysetup-job-temp-allocator-block-size-background=1048576"
    "memorysetup-job-temp-allocator-reduction-small-platforms=262144"
Logging is directed to a specific file, skipping project log.Player connection [8519360256]  Target information:

Player connection [8519360256]  * "[IP] 192.168.1.126 [Port] 55504 [Flags] 2 [Guid] 1306927509 [EditorId] 1306927509 [Version] 1048832 [Id] OSXEditor(0,burak-MacBook-Pro.local) [Debug] 1 [PackageName] OSXEditor [ProjectName] Editor" 

Player connection [8519360256] Host joined multi-casting on [225.0.0.222:54997]...
Player connection [8519360256] Host joined alternative multi-casting on [225.0.0.222:34997]...
Input System module state changed to: Initialized.
[Physics::Module] Initialized fallback backend.
[Physics::Module] Id: 0xdecafbad
[Licensing::IpcConnector] Successfully connected to: "LicenseClient-burakcoskun" at "2026-10-07T14:19:22.546862Z"
[Package Manager] Connected to IPC stream "Upm-94746" after 0.2 seconds.
[Licensing::Module] Licensing is not yet initialized.
[Licensing::Client] Handshaking with LicensingClient:
  Version:                 1.18.1+9fbee8e
  Session Id:              dbb9e38c67a14cb1bb4e924e339aa16f
  Correlation Id:          4dc2a70e0c5025b3d55c572e6741d6fa
  External correlation Id: 5986455160528747895
  Machine Id:              fUC4kXJ62du+wdKBXRNn1puPjFw=
[Licensing::Module] Successfully connected to LicensingClient on channel: "LicenseClient-burakcoskun" (connect: 0.25s, validation: 0.02s, handshake: 0.21s)
[Licensing::IpcConnector] Successfully connected to: "LicenseClient-burakcoskun-notifications" at "2026-10-07T14:19:22.779756Z"
[Licensing::Module] Connected to LicensingClient (PId: 94751, launch time: 0.00, total connection time: 0.49s)
[Licensing::Module] Error: Access token is unavailable; failed to update
[Licensing::Client] Successfully resolved entitlement details
[Licensing::Module] License group:
  Id: 18967451638718-UnityPersXXXX
  Product: Unity Personal
  Type: Assigned
  Expiration: Unlimited
[Licensing::Client] Successfully updated license, isAsync: True, time: 0.00
[Licensing::Module] Licensing Background thread has ended after 0.50s
[Licensing::Module] Licensing is initialized (took 0.17s).
[Licensing::Client] Successfully resolved entitlement details
Library Redirect Path: Library/
[Physics::Module] Selected backend.
[Physics::Module] Name: PhysX
[Physics::Module] Id: 0xf2b8ea05
[Physics::Module] SDK Version: 4.1.2
[Physics::Module] Integration Version: 1.0.0
[Physics::Module] Threading Mode: Multi-Threaded
Artifact Garbage Collection - Removed 156 unused hashed content files
Initialize engine version: 6000.5.0f1 (88b47c5e7076)
[Subsystems] Discovering subsystems at path /Applications/Unity/Hub/Editor/6000.5.0f1/Unity.app/Contents/Resources/UnitySubsystems
[Subsystems] Discovering subsystems at path /Users/burakcoskun/Last Signal/Assets
GfxDevice: creating device client; kGfxThreadingModeNonThreaded
 preferred device: Apple M3 Pro (high power)
Metal devices available: 1
0: Apple M3 Pro (high power)
Using device Apple M3 Pro (high power)
Initializing Metal device caps: Apple M3 Pro
Mac GPU Family: 2
Apple GPU Family: 9
MSL Version: 3.0
Has Float MSAA: 1
Has Float Filtering: 1
ReadWrite Texture Tier: 2
Initialize mono
Mono path[0] = '/Applications/Unity/Hub/Editor/6000.5.0f1/Unity.app/Contents/Resources/Scripting/Managed'
Mono path[1] = '/Applications/Unity/Hub/Editor/6000.5.0f1/Unity.app/Contents/Resources/Scripting/BCLExtensions/runtime/netstandard2.1'
Mono path[2] = '/Applications/Unity/Hub/Editor/6000.5.0f1/Unity.app/Contents/Resources/Scripting/MonoBleedingEdge/lib/mono/unityjit-macos'
Mono config path = '/Applications/Unity/Hub/Editor/6000.5.0f1/Unity.app/Contents/Resources/Scripting/MonoBleedingEdge/etc'
Using monoOptions --debugger-agent=transport=dt_socket,embedding=1,server=y,suspend=n,address=127.0.0.1:56746
CodeReloadManager initialized
ImportWorker Server TCP listen port: 0
AcceleratorClientConnectionCallback - disconnected - :0
Begin MonoManager ReloadAssembly
Registering precompiled unity dll's ...
Register platform support module: /Applications/Unity/Hub/Editor/6000.5.0f1/PlaybackEngines/MacStandaloneSupport/UnityEditor.OSXStandalone.Extensions.dll
Register platform support module: /Applications/Unity/Hub/Editor/6000.5.0f1/PlaybackEngines/WindowsStandaloneSupport/UnityEditor.WindowsStandalone.Extensions.dll
[Licensing::Client] Successfully resolved entitlement details
Register platform support module: /Applications/Unity/Hub/Editor/6000.5.0f1/PlaybackEngines/AndroidPlayer/UnityEditor.Android.Extensions.dll
[Licensing::Client] Successfully resolved entitlement details
Register platform support module: /Applications/Unity/Hub/Editor/6000.5.0f1/PlaybackEngines/iOSSupport/UnityEditor.iOS.Extensions.dll
Registered in 0.003257 seconds.
[usbmuxd] Start listen thread
[usbmuxd] Listen thread started
[usbmuxd] Send listen message
Native extension for iOS target not found
Native extension for Android target not found
Native extension for WindowsStandalone target not found
Native extension for OSXStandalone target not found
Package Manager log level set to [2]
ScheduleIndexationOnStartup MainProcess:False IndexOnStartup:True
Mono: successfully reloaded assembly
- Finished resetting the current domain, in  0.597 seconds
Domain Reload Profiling: 913ms
	BeginReloadAssembly (83ms)
		CreateAndSetChildDomain (21ms)
	RebuildNativeTypeToScriptingClass (11ms)
	initialDomainReloadingComplete (31ms)
	LoadAllAssembliesAndSetupDomain (188ms)
		LoadAssemblies (64ms)
		AnalyzeDomain (136ms)
			TypeCache.Refresh (135ms)
				TypeCache.ScanAssembly (125ms)
	FinalizeReload (598ms)
		SetupLoadedEditorAssemblies (0ms)
			InitializePlatformSupportModulesInManaged (361ms)
			BeforeProcessingInitializeOnLoad (58ms)
			ProcessInitializeOnLoadAttributes (56ms)
			ProcessInitializeOnLoadMethodAttributes (80ms)
[Licensing::Client] Successfully resolved entitlement details
Application.AssetDatabase Initial Refresh Start
[Package Manager] Restoring resolved packages state from cache
[Licensing::Client] Successfully resolved entitlement details
[Package Manager] Registered 64 packages:
  Packages from [https://packages.unity.com]:
    com.unity.ai.assistant@2.19.0-pre.2 (location: /Users/burakcoskun/Last Signal/Library/PackageCache/com.unity.ai.assistant@8d1e3e89e3a7)
    com.unity.ai.inference@2.6.1 (location: /Users/burakcoskun/Last Signal/Library/PackageCache/com.unity.ai.inference@9a123aee5df7)
    com.unity.ai.navigation@2.0.13 (location: /Users/burakcoskun/Last Signal/Library/PackageCache/com.unity.ai.navigation@42d896194035)
    com.unity.collab-proxy@2.12.4 (location: /Users/burakcoskun/Last Signal/Library/PackageCache/com.unity.collab-proxy@0b1559bcd34e)
    com.unity.ide.rider@3.0.38 (location: /Users/burakcoskun/Last Signal/Library/PackageCache/com.unity.ide.rider@1f60b3138684)
    com.unity.ide.visualstudio@2.0.26 (location: /Users/burakcoskun/Last Signal/Library/PackageCache/com.unity.ide.visualstudio@a99d56dec63f)
    com.unity.inputsystem@1.19.0 (location: /Users/burakcoskun/Last Signal/Library/PackageCache/com.unity.inputsystem@21a28c3a6c83)
    com.unity.pipeline@0.7.0-exp.1 (location: /Users/burakcoskun/Last Signal/Library/PackageCache/com.unity.pipeline@ab05e9cd7f74)
    com.unity.timeline@1.8.12 (location: /Users/burakcoskun/Last Signal/Library/PackageCache/com.unity.timeline@8cd8509afae5)
    com.unity.visualscripting@1.9.11 (location: /Users/burakcoskun/Last Signal/Library/PackageCache/com.unity.visualscripting@8bed5ad90189)
    com.unity.nuget.mono-cecil@1.11.6 (location: /Users/burakcoskun/Last Signal/Library/PackageCache/com.unity.nuget.mono-cecil@ecb9724e46ff)
    com.unity.nuget.newtonsoft-json@3.2.2 (location: /Users/burakcoskun/Last Signal/Library/PackageCache/com.unity.nuget.newtonsoft-json@4dfd81071c64)
    com.unity.burst@1.8.29 (location: /Users/burakcoskun/Last Signal/Library/PackageCache/com.unity.burst@6bb9aca3ef38)
    com.unity.dt.app-ui@2.1.7 (location: /Users/burakcoskun/Last Signal/Library/PackageCache/com.unity.dt.app-ui@b097002a00c2)
    com.unity.searcher@4.9.4 (location: /Users/burakcoskun/Last Signal/Library/PackageCache/com.unity.searcher@d45a78918735)
    com.unity.test-framework.performance@3.5.0 (location: /Users/burakcoskun/Last Signal/Library/PackageCache/com.unity.test-framework.performance@8b56083ec0f0)
  Built-in packages:
    com.unity.multiplayer.center@1.0.1 (location: /Users/burakcoskun/Last Signal/Library/PackageCache/com.unity.multiplayer.center@b860850997d0)
    com.unity.render-pipelines.universal@17.5.0 (location: /Users/burakcoskun/Last Signal/Library/PackageCache/com.unity.render-pipelines.universal@0c18adc4ff89)
    com.unity.test-framework@1.7.0 (location: /Users/burakcoskun/Last Signal/Library/PackageCache/com.unity.test-framework@f3e6c9a02477)
    com.unity.ugui@2.5.0 (location: /Users/burakcoskun/Last Signal/Library/PackageCache/com.unity.ugui@4f9b15fd1386)
    com.unity.modules.accessibility@1.0.0 (location: /Users/burakcoskun/Last Signal/Library/PackageCache/com.unity.modules.accessibility)
    com.unity.modules.adaptiveperformance@1.0.0 (location: /Users/burakcoskun/Last Signal/Library/PackageCache/com.unity.modules.adaptiveperformance)
    com.unity.modules.ai@1.0.0 (location: /Users/burakcoskun/Last Signal/Library/PackageCache/com.unity.modules.ai)
    com.unity.modules.androidjni@1.0.0 (location: /Users/burakcoskun/Last Signal/Library/PackageCache/com.unity.modules.androidjni)
    com.unity.modules.animation@1.0.0 (location: /Users/burakcoskun/Last Signal/Library/PackageCache/com.unity.modules.animation)
    com.unity.modules.assetbundle@1.0.0 (location: /Users/burakcoskun/Last Signal/Library/PackageCache/com.unity.modules.assetbundle)
    com.unity.modules.audio@1.0.0 (location: /Users/burakcoskun/Last Signal/Library/PackageCache/com.unity.modules.audio)
    com.unity.modules.cloth@1.0.0 (location: /Users/burakcoskun/Last Signal/Library/PackageCache/com.unity.modules.cloth)
    com.unity.modules.director@1.0.0 (location: /Users/burakcoskun/Last Signal/Library/PackageCache/com.unity.modules.director)
    com.unity.modules.imageconversion@1.0.0 (location: /Users/burakcoskun/Last Signal/Library/PackageCache/com.unity.modules.imageconversion)
    com.unity.modules.imgui@1.0.0 (location: /Users/burakcoskun/Last Signal/Library/PackageCache/com.unity.modules.imgui)
    com.unity.modules.jsonserialize@1.0.0 (location: /Users/burakcoskun/Last Signal/Library/PackageCache/com.unity.modules.jsonserialize)
    com.unity.modules.particlesystem@1.0.0 (location: /Users/burakcoskun/Last Signal/Library/PackageCache/com.unity.modules.particlesystem)
    com.unity.modules.physics@1.0.0 (location: /Users/burakcoskun/Last Signal/Library/PackageCache/com.unity.modules.physics)
    com.unity.modules.physics2d@1.0.0 (location: /Users/burakcoskun/Last Signal/Library/PackageCache/com.unity.modules.physics2d)
    com.unity.modules.physicscore2d@1.0.0 (location: /Users/burakcoskun/Last Signal/Library/PackageCache/com.unity.modules.physicscore2d)
    com.unity.modules.screencapture@1.0.0 (location: /Users/burakcoskun/Last Signal/Library/PackageCache/com.unity.modules.screencapture)
    com.unity.modules.terrain@1.0.0 (location: /Users/burakcoskun/Last Signal/Library/PackageCache/com.unity.modules.terrain)
    com.unity.modules.terrainphysics@1.0.0 (location: /Users/burakcoskun/Last Signal/Library/PackageCache/com.unity.modules.terrainphysics)
    com.unity.modules.tilemap@1.0.0 (location: /Users/burakcoskun/Last Signal/Library/PackageCache/com.unity.modules.tilemap)
    com.unity.modules.ui@1.0.0 (location: /Users/burakcoskun/Last Signal/Library/PackageCache/com.unity.modules.ui)
    com.unity.modules.uielements@1.0.0 (location: /Users/burakcoskun/Last Signal/Library/PackageCache/com.unity.modules.uielements)
    com.unity.modules.umbra@1.0.0 (location: /Users/burakcoskun/Last Signal/Library/PackageCache/com.unity.modules.umbra)
    com.unity.modules.unityanalytics@1.0.0 (location: /Users/burakcoskun/Last Signal/Library/PackageCache/com.unity.modules.unityanalytics)
    com.unity.modules.unitywebrequest@1.0.0 (location: /Users/burakcoskun/Last Signal/Library/PackageCache/com.unity.modules.unitywebrequest)
    com.unity.modules.unitywebrequestassetbundle@1.0.0 (location: /Users/burakcoskun/Last Signal/Library/PackageCache/com.unity.modules.unitywebrequestassetbundle)
    com.unity.modules.unitywebrequestaudio@1.0.0 (location: /Users/burakcoskun/Last Signal/Library/PackageCache/com.unity.modules.unitywebrequestaudio)
    com.unity.modules.unitywebrequesttexture@1.0.0 (location: /Users/burakcoskun/Last Signal/Library/PackageCache/com.unity.modules.unitywebrequesttexture)
    com.unity.modules.unitywebrequestwww@1.0.0 (location: /Users/burakcoskun/Last Signal/Library/PackageCache/com.unity.modules.unitywebrequestwww)
    com.unity.modules.vectorgraphics@1.0.0 (location: /Users/burakcoskun/Last Signal/Library/PackageCache/com.unity.modules.vectorgraphics)
    com.unity.modules.vehicles@1.0.0 (location: /Users/burakcoskun/Last Signal/Library/PackageCache/com.unity.modules.vehicles)
    com.unity.modules.video@1.0.0 (location: /Users/burakcoskun/Last Signal/Library/PackageCache/com.unity.modules.video)
    com.unity.modules.wind@1.0.0 (location: /Users/burakcoskun/Last Signal/Library/PackageCache/com.unity.modules.wind)
    com.unity.modules.xr@1.0.0 (location: /Users/burakcoskun/Last Signal/Library/PackageCache/com.unity.modules.xr)
    com.unity.modules.subsystems@1.0.0 (location: /Users/burakcoskun/Last Signal/Library/PackageCache/com.unity.modules.subsystems)
    com.unity.modules.hierarchycore@1.0.0 (location: /Users/burakcoskun/Last Signal/Library/PackageCache/com.unity.modules.hierarchycore)
    com.unity.ext.nunit@2.1.0 (location: /Users/burakcoskun/Last Signal/Library/PackageCache/com.unity.ext.nunit@44f7d31723bd)
    com.unity.render-pipelines.core@17.5.0 (location: /Users/burakcoskun/Last Signal/Library/PackageCache/com.unity.render-pipelines.core@f43b729f1f6e)
    com.unity.shadergraph@17.5.0 (location: /Users/burakcoskun/Last Signal/Library/PackageCache/com.unity.shadergraph@3fa956880a81)
    com.unity.render-pipelines.universal-config@17.5.0 (location: /Users/burakcoskun/Last Signal/Library/PackageCache/com.unity.render-pipelines.universal-config@fdda01c80fe3)
    com.unity.collections@6.5.0 (location: /Users/burakcoskun/Last Signal/Library/PackageCache/com.unity.collections@a43cabe808ca)
    com.unity.2d.sprite@1.0.0 (location: /Users/burakcoskun/Last Signal/Library/PackageCache/com.unity.2d.sprite@053a968eab56)
    com.unity.mathematics@1.4.0 (location: /Users/burakcoskun/Last Signal/Library/PackageCache/com.unity.mathematics@981956d94fb6)
  Git packages:
    com.coplaydev.unity-mcp@https://github.com/CoplayDev/unity-mcp.git?path=/MCPForUnity#v10.0.0 (location: /Users/burakcoskun/Last Signal/Library/PackageCache/com.coplaydev.unity-mcp@7b7db7b31f4e)
[Subsystems] No new subsystems found in resolved package list.
[Package Manager] Done registering packages in 0.01 seconds
Assembly for Assembly Definition File 'Assets/ThirdParty/FirstPersonARPGStarterPack/Scripts/Utility Scripts/NavMeshComponents/Scripts/NavMeshComponents.asmdef' will not be compiled, because it has no scripts associated with it.
UnityEngine.Debug:ExtractStackTraceNoAlloc (byte*,int,string)
UnityEngine.StackTraceUtility:ExtractStackTrace () (at /Users/bokken/build/output/unity/unity/Runtime/Export/Scripting/StackTrace.cs:35)
UnityEngine.DebugLogHandler:Internal_Log (UnityEngine.LogType,UnityEngine.LogOption,string,UnityEngine.Object)
UnityEngine.DebugLogHandler:LogFormat (UnityEngine.LogType,UnityEngine.Object,string,object[])
UnityEngine.Logger:LogFormat (UnityEngine.LogType,string,object[])
UnityEngine.Debug:LogWarningFormat (string,object[])
UnityEditor.Scripting.ScriptCompilation.EditorCompilation:WarnIfThereAreAssembliesWithoutAnyScripts (UnityEditor.Scripting.ScriptCompilation.ScriptAssemblySettings,UnityEditor.Scripting.ScriptCompilation.ScriptAssembly[]) (at /Users/bokken/build/output/unity/unity/Editor/Mono/Scripting/ScriptCompilation/EditorCompilation.cs:814)
UnityEditor.Scripting.ScriptCompilation.EditorCompilation:CompileScriptsWithSettings (UnityEditor.Scripting.ScriptCompilation.ScriptAssemblySettings) (at /Users/bokken/build/output/unity/unity/Editor/Mono/Scripting/ScriptCompilation/EditorCompilation.cs:871)
UnityEditor.Scripting.ScriptCompilation.EditorCompilation:CompileScripts (UnityEditor.Scripting.ScriptCompilation.EditorScriptCompilationOptions,UnityEditor.BuildTarget,int,string[]) (at /Users/bokken/build/output/unity/unity/Editor/Mono/Scripting/ScriptCompilation/EditorCompilation.cs:748)
UnityEditor.Scripting.ScriptCompilation.EditorCompilationInterface/<>c__DisplayClass21_0:<CompileScripts>b__0 () (at /Users/bokken/build/output/unity/unity/Editor/Mono/Scripting/ScriptCompilation/EditorCompilationInterface.cs:187)
UnityEditor.Scripting.ScriptCompilation.EditorCompilationInterface:EmitExceptionAsError<UnityEditor.Scripting.ScriptCompilation.EditorCompilation/CompileStatus> (System.Func`1<UnityEditor.Scripting.ScriptCompilation.EditorCompilation/CompileStatus>,UnityEditor.Scripting.ScriptCompilation.EditorCompilation/CompileStatus) (at /Users/bokken/build/output/unity/unity/Editor/Mono/Scripting/ScriptCompilation/EditorCompilationInterface.cs:52)
UnityEditor.Scripting.ScriptCompilation.EditorCompilationInterface:CompileScripts (UnityEditor.Scripting.ScriptCompilation.EditorScriptCompilationOptions,UnityEditor.BuildTarget,int,string[]) (at /Users/bokken/build/output/unity/unity/Editor/Mono/Scripting/ScriptCompilation/EditorCompilationInterface.cs:187)

(Filename: /Users/bokken/build/output/unity/unity/Editor/Mono/Scripting/ScriptCompilation/EditorCompilation.cs Line: 814)

info: Microsoft.Hosting.Lifetime[14]
      Now listening on: http://unix:/tmp/ilpp.sock-c157d1345e8ae35f64f7854987e59748
info: Microsoft.Hosting.Lifetime[0]
      Application started. Press Ctrl+C to shut down.
info: Microsoft.Hosting.Lifetime[0]
      Hosting environment: Production
info: Microsoft.Hosting.Lifetime[0]
      Content root path: /Users/burakcoskun/Last Signal
info: Microsoft.AspNetCore.Hosting.Diagnostics[1]
      Request starting HTTP/2 POST http://ilpp/UnityILPP.PostProcessing/Ping - application/grpc -
info: Microsoft.AspNetCore.Routing.EndpointMiddleware[0]
      Executing endpoint 'gRPC - /UnityILPP.PostProcessing/Ping'
info: Microsoft.AspNetCore.Routing.EndpointMiddleware[1]
      Executed endpoint 'gRPC - /UnityILPP.PostProcessing/Ping'
info: Microsoft.AspNetCore.Hosting.Diagnostics[2]
      Request finished HTTP/2 POST http://ilpp/UnityILPP.PostProcessing/Ping - 200 - application/grpc 23.9127ms
Starting: /Applications/Unity/Hub/Editor/6000.5.0f1/Unity.app/Contents/Resources/BuildPipeline/bee_backend --ipc --defer-dag-verification --dagfile="Library/Bee/200b0aE.dag" --continue-on-failure --profile="Library/Bee/backend1.traceevents" ScriptAssemblies
WorkingDir: /Users/burakcoskun/Last Signal
DisplayProgressbar: Compiling Scripts
ExitCode: 4 Duration: 0s195ms
Rebuilding DAG because FileSignature timestamp changed: Library/Bee/200b0aE-inputdata.json
*** Tundra requires additional run (0.18 seconds), 0 items updated, 815 evaluated
Starting: /Applications/Unity/Hub/Editor/6000.5.0f1/Unity.app/Contents/Resources/Scripting/netcorerun/netcorerun "/Applications/Unity/Hub/Editor/6000.5.0f1/Unity.app/Contents/Resources/BuildPipeline/ScriptCompilationBuildProgram.exe" "Library/Bee/200b0aE.dag.json" "Library/Bee/200b0aE-inputdata.json" "Library/Bee/buildprogram0.traceevents"
WorkingDir: /Users/burakcoskun/Last Signal
ExitCode: 0 Duration: 1s672ms
Starting: /Applications/Unity/Hub/Editor/6000.5.0f1/Unity.app/Contents/Resources/BuildPipeline/bee_backend --ipc --defer-dag-verification --dagfile="Library/Bee/200b0aE.dag" --continue-on-failure --dagfilejson="Library/Bee/200b0aE.dag.json" --profile="Library/Bee/backend2.traceevents" ScriptAssemblies
WorkingDir: /Users/burakcoskun/Last Signal
info: Microsoft.AspNetCore.Hosting.Diagnostics[1]
      Request starting HTTP/2 POST http://ilpp/UnityILPP.PostProcessing/ConfigurePostProcessors - application/grpc -
info: Microsoft.AspNetCore.Routing.EndpointMiddleware[0]
      Executing endpoint 'gRPC - /UnityILPP.PostProcessing/ConfigurePostProcessors'
warn: Unity.ILPP.Runner.PostProcessingAssemblyLoadContext[0]
      Assembly unityeditor.ios.extensions.xcode has duplicate hint path. Ignoring "/Applications/Unity/Hub/Editor/6000.5.0f1/PlaybackEngines/iOSSupport/UnityEditor.iOS.Extensions.Xcode.dll" in favor of "/Applications/Unity/Hub/Editor/6000.5.0f1/PlaybackEngines/MacStandaloneSupport/UnityEditor.iOS.Extensions.Xcode.dll"
warn: Unity.ILPP.Runner.PostProcessingAssemblyLoadContext[0]
      Assembly system.runtime.interopservices.windowsruntime has duplicate hint path. Ignoring "/Applications/Unity/Hub/Editor/6000.5.0f1/Unity.app/Contents/Resources/Scripting/NetStandard/Extensions/2.0.0/System.Runtime.InteropServices.WindowsRuntime.dll" in favor of "/Applications/Unity/Hub/Editor/6000.5.0f1/Unity.app/Contents/Resources/Scripting/UnityReferenceAssemblies/unity-4.8-api/Facades/System.Runtime.InteropServices.WindowsRuntime.dll"
warn: Unity.ILPP.Runner.PostProcessingAssemblyLoadContext[0]
      Assembly system.componentmodel.composition has duplicate hint path. Ignoring "/Applications/Unity/Hub/Editor/6000.5.0f1/Unity.app/Contents/Resources/Scripting/NetStandard/compat/2.1.0/shims/netfx/System.ComponentModel.Composition.dll" in favor of "/Applications/Unity/Hub/Editor/6000.5.0f1/Unity.app/Contents/Resources/Scripting/UnityReferenceAssemblies/unity-4.8-api/System.ComponentModel.Composition.dll"
info: Unity.ILPP.Runner.PostProcessingAssemblyLoadContext[0]
      Resolved Mono.Cecil, Version=0.11.5.0, Culture=neutral, PublicKeyToken=50cebf1cceb9d05e with Library/PackageCache/com.unity.nuget.mono-cecil@ecb9724e46ff/Mono.Cecil.dll
info: Unity.ILPP.Runner.PostProcessingAssemblyLoadContext[0]
      Resolved Unity.Burst.Cecil, Version=0.11.6.0, Culture=neutral, PublicKeyToken=50cebf1cceb9d05e with Library/PackageCache/com.unity.burst@6bb9aca3ef38/Unity.Burst.CodeGen/Unity.Burst.Cecil.dll
info: Microsoft.AspNetCore.Routing.EndpointMiddleware[1]
      Executed endpoint 'gRPC - /UnityILPP.PostProcessing/ConfigurePostProcessors'
info: Microsoft.AspNetCore.Hosting.Diagnostics[2]
      Request finished HTTP/2 POST http://ilpp/UnityILPP.PostProcessing/ConfigurePostProcessors - 200 - application/grpc 14.3077ms
ExitCode: 0 Duration: 0s704ms
Finished compiling graph: 1592 nodes, 39022 flattened edges (31788 ToBuild, 288 ToUse), maximum node priority 1933
[1177/1589  0s] ILPP-Configuration Library/ilpp-configuration.nevergeneratedoutput
*** Tundra build success (0.69 seconds), 1 items updated, 1589 evaluated
AssetDatabase: script compilation time: 3.332344s
Begin MonoManager ReloadAssembly
Total cache size 268338544
Total cache size after purge 268338544, took 00:00:00.2007725
Symbol file LoadedFromMemory is not a mono symbol file
Symbol file LoadedFromMemory is not a mono symbol file
Native extension for iOS target not found
Native extension for Android target not found
Native extension for WindowsStandalone target not found
Native extension for OSXStandalone target not found
Start HTTP server: port:7800
[ScriptCompilation] Requested script compilation because: Define symbols changed
[Licensing::Client] Error: Code 404 while processing request (status: Found 0 entitlement groups and 0 free entitlements matching requested entitlement ids)
[Licensing::Client] Error: Code 404 while processing request (status: Found 0 entitlement groups and 0 free entitlements matching requested entitlement ids)
[Licensing::Client] Error: Code 404 while processing request (status: Found 0 entitlement groups and 0 free entitlements matching requested entitlement ids)
ScheduleIndexationOnStartup MainProcess:True IndexOnStartup:True
Mono: successfully reloaded assembly
- Finished resetting the current domain, in  4.218 seconds
Domain Reload Profiling: 4932ms
	BeginReloadAssembly (92ms)
		DisableScriptedObjects (9ms)
		CreateAndSetChildDomain (23ms)
	RebuildCommonClasses (5ms)
	RebuildNativeTypeToScriptingClass (10ms)
	initialDomainReloadingComplete (41ms)
	LoadAllAssembliesAndSetupDomain (565ms)
		LoadAssemblies (217ms)
		AnalyzeDomain (311ms)
			TypeCache.Refresh (262ms)
				TypeCache.ScanAssembly (242ms)
			BuildScriptInfoCaches (45ms)
			ResolveRequiredComponents (4ms)
	FinalizeReload (4218ms)
		SetupLoadedEditorAssemblies (0ms)
			InitializePlatformSupportModulesInManaged (8ms)
			BeforeProcessingInitializeOnLoad (67ms)
			ProcessInitializeOnLoadAttributes (3776ms)
			ProcessInitializeOnLoadMethodAttributes (155ms)
		AwakeInstancesAfterBackupRestoration (7ms)
Assembly for Assembly Definition File 'Assets/ThirdParty/FirstPersonARPGStarterPack/Scripts/Utility Scripts/NavMeshComponents/Scripts/NavMeshComponents.asmdef' will not be compiled, because it has no scripts associated with it.
UnityEngine.Debug:ExtractStackTraceNoAlloc (byte*,int,string)
UnityEngine.StackTraceUtility:ExtractStackTrace () (at /Users/bokken/build/output/unity/unity/Runtime/Export/Scripting/StackTrace.cs:35)
UnityEngine.DebugLogHandler:Internal_Log (UnityEngine.LogType,UnityEngine.LogOption,string,UnityEngine.Object)
UnityEngine.DebugLogHandler:LogFormat (UnityEngine.LogType,UnityEngine.Object,string,object[])
UnityEngine.Logger:LogFormat (UnityEngine.LogType,string,object[])
UnityEngine.Debug:LogWarningFormat (string,object[])
UnityEditor.Scripting.ScriptCompilation.EditorCompilation:WarnIfThereAreAssembliesWithoutAnyScripts (UnityEditor.Scripting.ScriptCompilation.ScriptAssemblySettings,UnityEditor.Scripting.ScriptCompilation.ScriptAssembly[]) (at /Users/bokken/build/output/unity/unity/Editor/Mono/Scripting/ScriptCompilation/EditorCompilation.cs:814)
UnityEditor.Scripting.ScriptCompilation.EditorCompilation:CompileScriptsWithSettings (UnityEditor.Scripting.ScriptCompilation.ScriptAssemblySettings) (at /Users/bokken/build/output/unity/unity/Editor/Mono/Scripting/ScriptCompilation/EditorCompilation.cs:871)
UnityEditor.Scripting.ScriptCompilation.EditorCompilation:CompileScripts (UnityEditor.Scripting.ScriptCompilation.EditorScriptCompilationOptions,UnityEditor.BuildTarget,int,string[]) (at /Users/bokken/build/output/unity/unity/Editor/Mono/Scripting/ScriptCompilation/EditorCompilation.cs:748)
UnityEditor.Scripting.ScriptCompilation.EditorCompilation:TickCompilationPipeline (UnityEditor.Scripting.ScriptCompilation.EditorScriptCompilationOptions,UnityEditor.BuildTarget,int,string[],bool) (at /Users/bokken/build/output/unity/unity/Editor/Mono/Scripting/ScriptCompilation/EditorCompilation.cs:1134)
UnityEditor.Scripting.ScriptCompilation.EditorCompilationInterface:TickCompilationPipeline (UnityEditor.Scripting.ScriptCompilation.EditorScriptCompilationOptions,UnityEditor.BuildTarget,int,string[],bool) (at /Users/bokken/build/output/unity/unity/Editor/Mono/Scripting/ScriptCompilation/EditorCompilationInterface.cs:230)

(Filename: /Users/bokken/build/output/unity/unity/Editor/Mono/Scripting/ScriptCompilation/EditorCompilation.cs Line: 814)

info: Microsoft.AspNetCore.Hosting.Diagnostics[1]
      Request starting HTTP/2 POST http://ilpp/UnityILPP.PostProcessing/Ping - application/grpc -
info: Microsoft.AspNetCore.Routing.EndpointMiddleware[0]
      Executing endpoint 'gRPC - /UnityILPP.PostProcessing/Ping'
info: Microsoft.AspNetCore.Routing.EndpointMiddleware[1]
      Executed endpoint 'gRPC - /UnityILPP.PostProcessing/Ping'
info: Microsoft.AspNetCore.Hosting.Diagnostics[2]
      Request finished HTTP/2 POST http://ilpp/UnityILPP.PostProcessing/Ping - 200 - application/grpc 0.4212ms
Starting: /Applications/Unity/Hub/Editor/6000.5.0f1/Unity.app/Contents/Resources/BuildPipeline/bee_backend --ipc --defer-dag-verification --dagfile="Library/Bee/200b0aE.dag" --continue-on-failure --profile="Library/Bee/backend1.traceevents" ScriptAssemblies
WorkingDir: /Users/burakcoskun/Last Signal
info: Microsoft.AspNetCore.Hosting.Diagnostics[1]
      Request starting HTTP/2 POST http://ilpp/UnityILPP.PostProcessing/ConfigurePostProcessors - application/grpc -
info: Microsoft.AspNetCore.Routing.EndpointMiddleware[0]
      Executing endpoint 'gRPC - /UnityILPP.PostProcessing/ConfigurePostProcessors'
info: Unity.ILPP.Runner.PostProcessingAssemblyLoadContext[0]
      Current configuration matches the requested one, skipping
info: Microsoft.AspNetCore.Routing.EndpointMiddleware[1]
      Executed endpoint 'gRPC - /UnityILPP.PostProcessing/ConfigurePostProcessors'
info: Microsoft.AspNetCore.Hosting.Diagnostics[2]
      Request finished HTTP/2 POST http://ilpp/UnityILPP.PostProcessing/ConfigurePostProcessors - 200 - application/grpc 1.7598ms
ExitCode: 4 Duration: 0s229ms
Rebuilding DAG because FileSignature timestamp changed: Library/Bee/200b0aE-inputdata.json
[1177/1589  0s] ILPP-Configuration Library/ilpp-configuration.nevergeneratedoutput
*** Tundra requires additional run (0.20 seconds), 1 items updated, 1176 evaluated
Starting: /Applications/Unity/Hub/Editor/6000.5.0f1/Unity.app/Contents/Resources/Scripting/netcorerun/netcorerun "/Applications/Unity/Hub/Editor/6000.5.0f1/Unity.app/Contents/Resources/BuildPipeline/ScriptCompilationBuildProgram.exe" "Library/Bee/200b0aE.dag.json" "Library/Bee/200b0aE-inputdata.json" "Library/Bee/buildprogram0.traceevents"
WorkingDir: /Users/burakcoskun/Last Signal
ExitCode: 0 Duration: 1s570ms
Starting: /Applications/Unity/Hub/Editor/6000.5.0f1/Unity.app/Contents/Resources/BuildPipeline/bee_backend --ipc --defer-dag-verification --dagfile="Library/Bee/200b0aE.dag" --continue-on-failure --dagfilejson="Library/Bee/200b0aE.dag.json" --profile="Library/Bee/backend2.traceevents" ScriptAssemblies
WorkingDir: /Users/burakcoskun/Last Signal
info: Microsoft.AspNetCore.Hosting.Diagnostics[1]
      Request starting HTTP/2 POST http://ilpp/UnityILPP.PostProcessing/ConfigurePostProcessors - application/grpc -
info: Microsoft.AspNetCore.Routing.EndpointMiddleware[0]
      Executing endpoint 'gRPC - /UnityILPP.PostProcessing/ConfigurePostProcessors'
info: Unity.ILPP.Runner.PostProcessingAssemblyLoadContext[0]
      ALC ILPP context 1 is unloading
warn: Unity.ILPP.Runner.PostProcessingAssemblyLoadContext[0]
      Assembly unityeditor.ios.extensions.xcode has duplicate hint path. Ignoring "/Applications/Unity/Hub/Editor/6000.5.0f1/PlaybackEngines/iOSSupport/UnityEditor.iOS.Extensions.Xcode.dll" in favor of "/Applications/Unity/Hub/Editor/6000.5.0f1/PlaybackEngines/MacStandaloneSupport/UnityEditor.iOS.Extensions.Xcode.dll"
warn: Unity.ILPP.Runner.PostProcessingAssemblyLoadContext[0]
      Assembly system.runtime.interopservices.windowsruntime has duplicate hint path. Ignoring "/Applications/Unity/Hub/Editor/6000.5.0f1/Unity.app/Contents/Resources/Scripting/NetStandard/Extensions/2.0.0/System.Runtime.InteropServices.WindowsRuntime.dll" in favor of "/Applications/Unity/Hub/Editor/6000.5.0f1/Unity.app/Contents/Resources/Scripting/UnityReferenceAssemblies/unity-4.8-api/Facades/System.Runtime.InteropServices.WindowsRuntime.dll"
warn: Unity.ILPP.Runner.PostProcessingAssemblyLoadContext[0]
      Assembly system.componentmodel.composition has duplicate hint path. Ignoring "/Applications/Unity/Hub/Editor/6000.5.0f1/Unity.app/Contents/Resources/Scripting/NetStandard/compat/2.1.0/shims/netfx/System.ComponentModel.Composition.dll" in favor of "/Applications/Unity/Hub/Editor/6000.5.0f1/Unity.app/Contents/Resources/Scripting/UnityReferenceAssemblies/unity-4.8-api/System.ComponentModel.Composition.dll"
info: Unity.ILPP.Runner.PostProcessingAssemblyLoadContext[0]
      Resolved Mono.Cecil, Version=0.11.5.0, Culture=neutral, PublicKeyToken=50cebf1cceb9d05e with Library/PackageCache/com.unity.nuget.mono-cecil@ecb9724e46ff/Mono.Cecil.dll
info: Unity.ILPP.Runner.PostProcessingAssemblyLoadContext[0]
      Resolved Unity.Burst.Cecil, Version=0.11.6.0, Culture=neutral, PublicKeyToken=50cebf1cceb9d05e with Library/PackageCache/com.unity.burst@6bb9aca3ef38/Unity.Burst.CodeGen/Unity.Burst.Cecil.dll
info: Microsoft.AspNetCore.Routing.EndpointMiddleware[1]
      Executed endpoint 'gRPC - /UnityILPP.PostProcessing/ConfigurePostProcessors'
info: Microsoft.AspNetCore.Hosting.Diagnostics[2]
      Request finished HTTP/2 POST http://ilpp/UnityILPP.PostProcessing/ConfigurePostProcessors - 200 - application/grpc 9.6351ms
info: Microsoft.AspNetCore.Hosting.Diagnostics[1]
      Request starting HTTP/2 POST http://ilpp/UnityILPP.PostProcessing/PostProcessAssembly - application/grpc -
info: Microsoft.AspNetCore.Routing.EndpointMiddleware[0]
      Executing endpoint 'gRPC - /UnityILPP.PostProcessing/PostProcessAssembly'
info: Microsoft.AspNetCore.Hosting.Diagnostics[1]
      Request starting HTTP/2 POST http://ilpp/UnityILPP.PostProcessing/PostProcessAssembly - application/grpc -
info: Microsoft.AspNetCore.Routing.EndpointMiddleware[0]
      Executing endpoint 'gRPC - /UnityILPP.PostProcessing/PostProcessAssembly'
info: Microsoft.AspNetCore.Hosting.Diagnostics[1]
      Request starting HTTP/2 POST http://ilpp/UnityILPP.PostProcessing/PostProcessAssembly - application/grpc -
info: Microsoft.AspNetCore.Hosting.Diagnostics[1]
      Request starting HTTP/2 POST http://ilpp/UnityILPP.PostProcessing/PostProcessAssembly - application/grpc -
info: Microsoft.AspNetCore.Routing.EndpointMiddleware[0]
      Executing endpoint 'gRPC - /UnityILPP.PostProcessing/PostProcessAssembly'
info: Microsoft.AspNetCore.Routing.EndpointMiddleware[0]
      Executing endpoint 'gRPC - /UnityILPP.PostProcessing/PostProcessAssembly'
info: Microsoft.AspNetCore.Hosting.Diagnostics[1]
      Request starting HTTP/2 POST http://ilpp/UnityILPP.PostProcessing/PostProcessAssembly - application/grpc -
info: Microsoft.AspNetCore.Routing.EndpointMiddleware[0]
      Executing endpoint 'gRPC - /UnityILPP.PostProcessing/PostProcessAssembly'
info: Microsoft.AspNetCore.Hosting.Diagnostics[1]
      Request starting HTTP/2 POST http://ilpp/UnityILPP.PostProcessing/PostProcessAssembly - application/grpc -
info: Microsoft.AspNetCore.Hosting.Diagnostics[1]
      Request starting HTTP/2 POST http://ilpp/UnityILPP.PostProcessing/PostProcessAssembly - application/grpc -
info: Microsoft.AspNetCore.Routing.EndpointMiddleware[0]
      Executing endpoint 'gRPC - /UnityILPP.PostProcessing/PostProcessAssembly'
info: Microsoft.AspNetCore.Routing.EndpointMiddleware[0]
      Executing endpoint 'gRPC - /UnityILPP.PostProcessing/PostProcessAssembly'
info: Microsoft.AspNetCore.Hosting.Diagnostics[1]
      Request starting HTTP/2 POST http://ilpp/UnityILPP.PostProcessing/PostProcessAssembly - application/grpc -
info: Microsoft.AspNetCore.Routing.EndpointMiddleware[0]
      Executing endpoint 'gRPC - /UnityILPP.PostProcessing/PostProcessAssembly'
info: Unity.ILPP.Runner.PostProcessingPipeline[0]
      Processing assembly Library/Bee/artifacts/200b0aE.dag/Unity.VisualScripting.DocCodeExamples.dll, with 137 defines and 292 references
info: Unity.ILPP.Runner.PostProcessingPipeline[0]
      Processing assembly Library/Bee/artifacts/200b0aE.dag/Unity.AppUI.MVVM.dll, with 138 defines and 297 references
info: Unity.ILPP.Runner.PostProcessingPipeline[0]
      Processing assembly Library/Bee/artifacts/200b0aE.dag/Unity.Multiplayer.Center.Common.dll, with 137 defines and 311 references
info: Unity.ILPP.Runner.PostProcessingPipeline[0]
      Processing assembly Library/Bee/artifacts/200b0aE.dag/Unity.Timeline.dll, with 138 defines and 311 references
info: Unity.ILPP.Runner.PostProcessingPipeline[0]
      Processing assembly Library/Bee/artifacts/200b0aE.dag/Unity.Mathematics.dll, with 137 defines and 311 references
info: Unity.ILPP.Runner.PostProcessingPipeline[0]
      Processing assembly Library/Bee/artifacts/200b0aE.dag/Unity.PerformanceTesting.dll, with 138 defines and 287 references
info: Unity.ILPP.Runner.PostProcessingPipeline[0]
      Processing assembly Library/Bee/artifacts/200b0aE.dag/Unity.InputSystem.TestFramework.dll, with 138 defines and 289 references
info: Unity.ILPP.Runner.PostProcessingPipeline[0]
      processors: Unity.Jobs.CodeGen.JobsILPostProcessor, Unity.Pipeline.CodeGen.CodeReloadInPlaceILPostProcessor, zzzUnity.Burst.CodeGen.BurstILPostProcessor
info: Unity.ILPP.Runner.PostProcessingPipeline[0]
      processors: Unity.Jobs.CodeGen.JobsILPostProcessor, Unity.Pipeline.CodeGen.CodeReloadInPlaceILPostProcessor, zzzUnity.Burst.CodeGen.BurstILPostProcessor
info: Unity.ILPP.Runner.PostProcessingPipeline[0]
      processors: Unity.Jobs.CodeGen.JobsILPostProcessor, Unity.Pipeline.CodeGen.CodeReloadInPlaceILPostProcessor, zzzUnity.Burst.CodeGen.BurstILPostProcessor
info: Unity.ILPP.Runner.PostProcessingPipeline[0]
      processors: Unity.Jobs.CodeGen.JobsILPostProcessor, Unity.Pipeline.CodeGen.CodeReloadInPlaceILPostProcessor, zzzUnity.Burst.CodeGen.BurstILPostProcessor
info: Unity.ILPP.Runner.PostProcessingPipeline[0]
      processors: Unity.Jobs.CodeGen.JobsILPostProcessor, Unity.Pipeline.CodeGen.CodeReloadInPlaceILPostProcessor, zzzUnity.Burst.CodeGen.BurstILPostProcessor
info: Unity.ILPP.Runner.PostProcessingPipeline[0]
      processors: Unity.Jobs.CodeGen.JobsILPostProcessor, Unity.Pipeline.CodeGen.CodeReloadInPlaceILPostProcessor, zzzUnity.Burst.CodeGen.BurstILPostProcessor
info: Unity.ILPP.Runner.PostProcessingPipeline[0]
      processors: Unity.Jobs.CodeGen.JobsILPostProcessor, Unity.Pipeline.CodeGen.CodeReloadInPlaceILPostProcessor, zzzUnity.Burst.CodeGen.BurstILPostProcessor
info: Unity.ILPP.Runner.PostProcessingPipeline[0]
      running Unity.Jobs.CodeGen.JobsILPostProcessor
info: Unity.ILPP.Runner.PostProcessingPipeline[0]
      running Unity.Jobs.CodeGen.JobsILPostProcessor
info: Unity.ILPP.Runner.PostProcessingPipeline[0]
      running Unity.Jobs.CodeGen.JobsILPostProcessor
info: Unity.ILPP.Runner.PostProcessingPipeline[0]
      running Unity.Jobs.CodeGen.JobsILPostProcessor
info: Unity.ILPP.Runner.PostProcessingPipeline[0]
      running Unity.Jobs.CodeGen.JobsILPostProcessor
info: Unity.ILPP.Runner.PostProcessingPipeline[0]
      running Unity.Jobs.CodeGen.JobsILPostProcessor
info: Unity.ILPP.Runner.PostProcessingPipeline[0]
      running Unity.Jobs.CodeGen.JobsILPostProcessor
info: Unity.ILPP.Runner.PostProcessingPipeline[0]
      running Unity.Pipeline.CodeGen.CodeReloadInPlaceILPostProcessor
info: Unity.ILPP.Runner.PostProcessingPipeline[0]
      running Unity.Pipeline.CodeGen.CodeReloadInPlaceILPostProcessor
info: Unity.ILPP.Runner.PostProcessingPipeline[0]
      running Unity.Pipeline.CodeGen.CodeReloadInPlaceILPostProcessor
info: Unity.ILPP.Runner.PostProcessingPipeline[0]
      running Unity.Pipeline.CodeGen.CodeReloadInPlaceILPostProcessor
info: Unity.ILPP.Runner.PostProcessingPipeline[0]
      running Unity.Pipeline.CodeGen.CodeReloadInPlaceILPostProcessor
info: Unity.ILPP.Runner.PostProcessingPipeline[0]
      running Unity.Pipeline.CodeGen.CodeReloadInPlaceILPostProcessor
info: Unity.ILPP.Runner.PostProcessingPipeline[0]
      running Unity.Pipeline.CodeGen.CodeReloadInPlaceILPostProcessor
info: Unity.ILPP.Runner.PostProcessingPipeline[0]
      running zzzUnity.Burst.CodeGen.BurstILPostProcessor
info: Unity.ILPP.Runner.PostProcessingPipeline[0]
      running zzzUnity.Burst.CodeGen.BurstILPostProcessor
info: Unity.ILPP.Runner.PostProcessingPipeline[0]
      running zzzUnity.Burst.CodeGen.BurstILPostProcessor
info: Unity.ILPP.Runner.PostProcessingPipeline[0]
      running zzzUnity.Burst.CodeGen.BurstILPostProcessor
info: Unity.ILPP.Runner.PostProcessingPipeline[0]
      running zzzUnity.Burst.CodeGen.BurstILPostProcessor
info: Unity.ILPP.Runner.PostProcessingPipeline[0]
      running zzzUnity.Burst.CodeGen.BurstILPostProcessor
info: Unity.ILPP.Runner.PostProcessingPipeline[0]
      running zzzUnity.Burst.CodeGen.BurstILPostProcessor
info: Microsoft.AspNetCore.Routing.EndpointMiddleware[1]
      Executed endpoint 'gRPC - /UnityILPP.PostProcessing/PostProcessAssembly'
info: Microsoft.AspNetCore.Hosting.Diagnostics[2]
      Request finished HTTP/2 POST http://ilpp/UnityILPP.PostProcessing/PostProcessAssembly - 200 - application/grpc 24.8965ms
info: Microsoft.AspNetCore.Routing.EndpointMiddleware[1]
      Executed endpoint 'gRPC - /UnityILPP.PostProcessing/PostProcessAssembly'
info: Microsoft.AspNetCore.Hosting.Diagnostics[2]
      Request finished HTTP/2 POST http://ilpp/UnityILPP.PostProcessing/PostProcessAssembly - 200 - application/grpc 13.8131ms
info: Microsoft.AspNetCore.Routing.EndpointMiddleware[1]
      Executed endpoint 'gRPC - /UnityILPP.PostProcessing/PostProcessAssembly'
info: Microsoft.AspNetCore.Routing.EndpointMiddleware[1]
      Executed endpoint 'gRPC - /UnityILPP.PostProcessing/PostProcessAssembly'
info: Microsoft.AspNetCore.Hosting.Diagnostics[2]
      Request finished HTTP/2 POST http://ilpp/UnityILPP.PostProcessing/PostProcessAssembly - 200 - application/grpc 15.5738ms
info: Microsoft.AspNetCore.Hosting.Diagnostics[2]
      Request finished HTTP/2 POST http://ilpp/UnityILPP.PostProcessing/PostProcessAssembly - 200 - application/grpc 15.5309ms
info: Unity.ILPP.Runner.PostProcessingPipeline[0]
      Processing assembly Library/Bee/artifacts/200b0aE.dag/Unity.InferenceEngine.Tokenization.dll, with 137 defines and 291 references
info: Unity.ILPP.Runner.PostProcessingPipeline[0]
      processors: Unity.Jobs.CodeGen.JobsILPostProcessor, Unity.Pipeline.CodeGen.CodeReloadInPlaceILPostProcessor, zzzUnity.Burst.CodeGen.BurstILPostProcessor
info: Unity.ILPP.Runner.PostProcessingPipeline[0]
      running Unity.Jobs.CodeGen.JobsILPostProcessor
info: Unity.ILPP.Runner.PostProcessingPipeline[0]
      running Unity.Pipeline.CodeGen.CodeReloadInPlaceILPostProcessor
info: Unity.ILPP.Runner.PostProcessingPipeline[0]
      running zzzUnity.Burst.CodeGen.BurstILPostProcessor
info: Microsoft.AspNetCore.Routing.EndpointMiddleware[1]
      Executed endpoint 'gRPC - /UnityILPP.PostProcessing/PostProcessAssembly'
info: Microsoft.AspNetCore.Hosting.Diagnostics[2]
      Request finished HTTP/2 POST http://ilpp/UnityILPP.PostProcessing/PostProcessAssembly - 200 - application/grpc 17.6908ms
info: Microsoft.AspNetCore.Hosting.Diagnostics[1]
      Request starting HTTP/2 POST http://ilpp/UnityILPP.PostProcessing/PostProcessAssembly - application/grpc -
info: Microsoft.AspNetCore.Routing.EndpointMiddleware[0]
      Executing endpoint 'gRPC - /UnityILPP.PostProcessing/PostProcessAssembly'
info: Microsoft.AspNetCore.Routing.EndpointMiddleware[1]
      Executed endpoint 'gRPC - /UnityILPP.PostProcessing/PostProcessAssembly'
info: Microsoft.AspNetCore.Hosting.Diagnostics[2]
      Request finished HTTP/2 POST http://ilpp/UnityILPP.PostProcessing/PostProcessAssembly - 200 - application/grpc 28.9924ms
info: Microsoft.AspNetCore.Routing.EndpointMiddleware[1]
      Executed endpoint 'gRPC - /UnityILPP.PostProcessing/PostProcessAssembly'
info: Microsoft.AspNetCore.Hosting.Diagnostics[2]
      Request finished HTTP/2 POST http://ilpp/UnityILPP.PostProcessing/PostProcessAssembly - 200 - application/grpc 49.6442ms
info: Microsoft.AspNetCore.Routing.EndpointMiddleware[1]
      Executed endpoint 'gRPC - /UnityILPP.PostProcessing/PostProcessAssembly'
info: Microsoft.AspNetCore.Hosting.Diagnostics[2]
      Request finished HTTP/2 POST http://ilpp/UnityILPP.PostProcessing/PostProcessAssembly - 200 - application/grpc 42.9407ms
info: Unity.ILPP.Runner.PostProcessingPipeline[0]
      Processing assembly Library/Bee/artifacts/200b0aE.dag/Unity.InferenceEngine.iOSBLAS.dll, with 137 defines and 312 references
info: Unity.ILPP.Runner.PostProcessingPipeline[0]
      processors: Unity.Jobs.CodeGen.JobsILPostProcessor, Unity.Pipeline.CodeGen.CodeReloadInPlaceILPostProcessor, zzzUnity.Burst.CodeGen.BurstILPostProcessor
info: Unity.ILPP.Runner.PostProcessingPipeline[0]
      running Unity.Jobs.CodeGen.JobsILPostProcessor
info: Unity.ILPP.Runner.PostProcessingPipeline[0]
      running Unity.Pipeline.CodeGen.CodeReloadInPlaceILPostProcessor
info: Unity.ILPP.Runner.PostProcessingPipeline[0]
      running zzzUnity.Burst.CodeGen.BurstILPostProcessor
info: Microsoft.AspNetCore.Routing.EndpointMiddleware[1]
      Executed endpoint 'gRPC - /UnityILPP.PostProcessing/PostProcessAssembly'
info: Microsoft.AspNetCore.Hosting.Diagnostics[2]
      Request finished HTTP/2 POST http://ilpp/UnityILPP.PostProcessing/PostProcessAssembly - 200 - application/grpc 18.5179ms
info: Microsoft.AspNetCore.Hosting.Diagnostics[1]
      Request starting HTTP/2 POST http://ilpp/UnityILPP.PostProcessing/PostProcessAssembly - application/grpc -
info: Microsoft.AspNetCore.Hosting.Diagnostics[1]
      Request starting HTTP/2 POST http://ilpp/UnityILPP.PostProcessing/PostProcessAssembly - application/grpc -
info: Microsoft.AspNetCore.Hosting.Diagnostics[1]
      Request starting HTTP/2 POST http://ilpp/UnityILPP.PostProcessing/PostProcessAssembly - application/grpc -
info: Microsoft.AspNetCore.Routing.EndpointMiddleware[0]
      Executing endpoint 'gRPC - /UnityILPP.PostProcessing/PostProcessAssembly'
info: Microsoft.AspNetCore.Routing.EndpointMiddleware[0]
      Executing endpoint 'gRPC - /UnityILPP.PostProcessing/PostProcessAssembly'
info: Microsoft.AspNetCore.Routing.EndpointMiddleware[0]
      Executing endpoint 'gRPC - /UnityILPP.PostProcessing/PostProcessAssembly'
info: Microsoft.AspNetCore.Hosting.Diagnostics[1]
      Request starting HTTP/2 POST http://ilpp/UnityILPP.PostProcessing/PostProcessAssembly - application/grpc -
info: Microsoft.AspNetCore.Routing.EndpointMiddleware[0]
      Executing endpoint 'gRPC - /UnityILPP.PostProcessing/PostProcessAssembly'
info: Microsoft.AspNetCore.Hosting.Diagnostics[1]
      Request starting HTTP/2 POST http://ilpp/UnityILPP.PostProcessing/PostProcessAssembly - application/grpc -
info: Microsoft.AspNetCore.Routing.EndpointMiddleware[0]
      Executing endpoint 'gRPC - /UnityILPP.PostProcessing/PostProcessAssembly'
info: Microsoft.AspNetCore.Hosting.Diagnostics[1]
      Request starting HTTP/2 POST http://ilpp/UnityILPP.PostProcessing/PostProcessAssembly - application/grpc -
info: Microsoft.AspNetCore.Routing.EndpointMiddleware[0]
      Executing endpoint 'gRPC - /UnityILPP.PostProcessing/PostProcessAssembly'
info: Microsoft.AspNetCore.Hosting.Diagnostics[1]
      Request starting HTTP/2 POST http://ilpp/UnityILPP.PostProcessing/PostProcessAssembly - application/grpc -
info: Microsoft.AspNetCore.Routing.EndpointMiddleware[0]
      Executing endpoint 'gRPC - /UnityILPP.PostProcessing/PostProcessAssembly'
info: Unity.ILPP.Runner.PostProcessingPipeline[0]
      Processing assembly Library/Bee/artifacts/200b0aE.dag/Unity.Pipeline.Attributes.dll, with 137 defines and 311 references
info: Unity.ILPP.Runner.PostProcessingPipeline[0]
      Processing assembly Library/Bee/artifacts/200b0aE.dag/Unity.RenderPipelines.Universal.2D.Runtime.dll, with 139 defines and 316 references
info: Unity.ILPP.Runner.PostProcessingPipeline[0]
      processors: Unity.Jobs.CodeGen.JobsILPostProcessor, Unity.Pipeline.CodeGen.CodeReloadInPlaceILPostProcessor, zzzUnity.Burst.CodeGen.BurstILPostProcessor
info: Unity.ILPP.Runner.PostProcessingPipeline[0]
      processors: Unity.Jobs.CodeGen.JobsILPostProcessor, Unity.Pipeline.CodeGen.CodeReloadInPlaceILPostProcessor, zzzUnity.Burst.CodeGen.BurstILPostProcessor
info: Microsoft.AspNetCore.Hosting.Diagnostics[1]
      Request starting HTTP/2 POST http://ilpp/UnityILPP.PostProcessing/PostProcessAssembly - application/grpc -
info: Microsoft.AspNetCore.Routing.EndpointMiddleware[0]
      Executing endpoint 'gRPC - /UnityILPP.PostProcessing/PostProcessAssembly'
info: Unity.ILPP.Runner.PostProcessingPipeline[0]
      running Unity.Jobs.CodeGen.JobsILPostProcessor
info: Unity.ILPP.Runner.PostProcessingPipeline[0]
      running Unity.Jobs.CodeGen.JobsILPostProcessor
info: Unity.ILPP.Runner.PostProcessingPipeline[0]
      Processing assembly Library/Bee/artifacts/200b0aE.dag/Unity.Pipeline.dll, with 138 defines and 294 references
info: Unity.ILPP.Runner.PostProcessingPipeline[0]
      Processing assembly Library/Bee/artifacts/200b0aE.dag/Unity.InternalAPIEngineBridge.004.dll, with 137 defines and 311 references
info: Unity.ILPP.Runner.PostProcessingPipeline[0]
      running Unity.Pipeline.CodeGen.CodeReloadInPlaceILPostProcessor
info: Unity.ILPP.Runner.PostProcessingPipeline[0]
      processors: Unity.Jobs.CodeGen.JobsILPostProcessor, Unity.Pipeline.CodeGen.CodeReloadInPlaceILPostProcessor, zzzUnity.Burst.CodeGen.BurstILPostProcessor
info: Unity.ILPP.Runner.PostProcessingPipeline[0]
      running Unity.Pipeline.CodeGen.CodeReloadInPlaceILPostProcessor
info: Unity.ILPP.Runner.PostProcessingPipeline[0]
      processors: Unity.Jobs.CodeGen.JobsILPostProcessor, Unity.Pipeline.CodeGen.CodeReloadInPlaceILPostProcessor, zzzUnity.Burst.CodeGen.BurstILPostProcessor
info: Unity.ILPP.Runner.PostProcessingPipeline[0]
      running zzzUnity.Burst.CodeGen.BurstILPostProcessor
info: Unity.ILPP.Runner.PostProcessingPipeline[0]
      running zzzUnity.Burst.CodeGen.BurstILPostProcessor
info: Unity.ILPP.Runner.PostProcessingPipeline[0]
      running Unity.Jobs.CodeGen.JobsILPostProcessor
info: Unity.ILPP.Runner.PostProcessingPipeline[0]
      running Unity.Pipeline.CodeGen.CodeReloadInPlaceILPostProcessor
info: Unity.ILPP.Runner.PostProcessingPipeline[0]
      running zzzUnity.Burst.CodeGen.BurstILPostProcessor
info: Unity.ILPP.Runner.PostProcessingPipeline[0]
      running Unity.Jobs.CodeGen.JobsILPostProcessor
info: Unity.ILPP.Runner.PostProcessingPipeline[0]
      running Unity.Pipeline.CodeGen.CodeReloadInPlaceILPostProcessor
info: Unity.ILPP.Runner.PostProcessingPipeline[0]
      running zzzUnity.Burst.CodeGen.BurstILPostProcessor
info: Unity.ILPP.Runner.PostProcessingPipeline[0]
      Processing assembly Library/Bee/artifacts/200b0aE.dag/Unity.RenderPipelines.Core.Runtime.Shared.dll, with 137 defines and 314 references
info: Unity.ILPP.Runner.PostProcessingPipeline[0]
      processors: Unity.Jobs.CodeGen.JobsILPostProcessor, Unity.Pipeline.CodeGen.CodeReloadInPlaceILPostProcessor, zzzUnity.Burst.CodeGen.BurstILPostProcessor
info: Microsoft.AspNetCore.Hosting.Diagnostics[1]
      Request starting HTTP/2 POST http://ilpp/UnityILPP.PostProcessing/PostProcessAssembly - application/grpc -
info: Microsoft.AspNetCore.Routing.EndpointMiddleware[0]
      Executing endpoint 'gRPC - /UnityILPP.PostProcessing/PostProcessAssembly'
info: Unity.ILPP.Runner.PostProcessingPipeline[0]
      running Unity.Jobs.CodeGen.JobsILPostProcessor
info: Unity.ILPP.Runner.PostProcessingPipeline[0]
      Processing assembly Library/Bee/artifacts/200b0aE.dag/Unity.InferenceEngine.MacBLAS.dll, with 137 defines and 312 references
info: Unity.ILPP.Runner.PostProcessingPipeline[0]
      processors: Unity.Jobs.CodeGen.JobsILPostProcessor, Unity.Pipeline.CodeGen.CodeReloadInPlaceILPostProcessor, zzzUnity.Burst.CodeGen.BurstILPostProcessor
info: Unity.ILPP.Runner.PostProcessingAssemblyLoadContext[0]
      Resolved Unity.Collections, Version=0.0.0.0, Culture=neutral, PublicKeyToken=null with Library/Bee/artifacts/200b0aE.dag/Unity.Collections.dll
info: Unity.ILPP.Runner.PostProcessingPipeline[0]
      running Unity.Jobs.CodeGen.JobsILPostProcessor
info: Unity.ILPP.Runner.PostProcessingPipeline[0]
      running Unity.Pipeline.CodeGen.CodeReloadInPlaceILPostProcessor
info: Unity.ILPP.Runner.PostProcessingPipeline[0]
      running zzzUnity.Burst.CodeGen.BurstILPostProcessor
info: Unity.ILPP.Runner.PostProcessingPipeline[0]
      Processing assembly Library/Bee/artifacts/200b0aE.dag/Unity.AppUI.InternalAPIBridge.dll, with 138 defines and 295 references
info: Unity.ILPP.Runner.PostProcessingPipeline[0]
      processors: Unity.Jobs.CodeGen.JobsILPostProcessor, Unity.Pipeline.CodeGen.CodeReloadInPlaceILPostProcessor, zzzUnity.Burst.CodeGen.BurstILPostProcessor
info: Unity.ILPP.Runner.PostProcessingPipeline[0]
      running Unity.Jobs.CodeGen.JobsILPostProcessor
info: Unity.ILPP.Runner.PostProcessingPipeline[0]
      running Unity.Pipeline.CodeGen.CodeReloadInPlaceILPostProcessor
info: Unity.ILPP.Runner.PostProcessingPipeline[0]
      running zzzUnity.Burst.CodeGen.BurstILPostProcessor
info: Microsoft.AspNetCore.Hosting.Diagnostics[1]
      Request starting HTTP/2 POST http://ilpp/UnityILPP.PostProcessing/PostProcessAssembly - application/grpc -
info: Microsoft.AspNetCore.Routing.EndpointMiddleware[0]
      Executing endpoint 'gRPC - /UnityILPP.PostProcessing/PostProcessAssembly'
info: Unity.ILPP.Runner.PostProcessingPipeline[0]
      Processing assembly Library/Bee/artifacts/200b0aE.dag/Unity.AppUI.dll, with 146 defines and 297 references
info: Unity.ILPP.Runner.PostProcessingPipeline[0]
      processors: Unity.Jobs.CodeGen.JobsILPostProcessor, Unity.Pipeline.CodeGen.CodeReloadInPlaceILPostProcessor, zzzUnity.Burst.CodeGen.BurstILPostProcessor
info: Unity.ILPP.Runner.PostProcessingPipeline[0]
      running Unity.Jobs.CodeGen.JobsILPostProcessor
info: Unity.ILPP.Runner.PostProcessingPipeline[0]
      running Unity.Pipeline.CodeGen.CodeReloadInPlaceILPostProcessor
info: Unity.ILPP.Runner.PostProcessingPipeline[0]
      running zzzUnity.Burst.CodeGen.BurstILPostProcessor
info: Microsoft.AspNetCore.Routing.EndpointMiddleware[1]
      Executed endpoint 'gRPC - /UnityILPP.PostProcessing/PostProcessAssembly'
info: Microsoft.AspNetCore.Hosting.Diagnostics[2]
      Request finished HTTP/2 POST http://ilpp/UnityILPP.PostProcessing/PostProcessAssembly - 200 - application/grpc 28.3892ms
info: Microsoft.AspNetCore.Routing.EndpointMiddleware[1]
      Executed endpoint 'gRPC - /UnityILPP.PostProcessing/PostProcessAssembly'
info: Microsoft.AspNetCore.Hosting.Diagnostics[2]
      Request finished HTTP/2 POST http://ilpp/UnityILPP.PostProcessing/PostProcessAssembly - 200 - application/grpc 8.0882ms
info: Microsoft.AspNetCore.Routing.EndpointMiddleware[1]
      Executed endpoint 'gRPC - /UnityILPP.PostProcessing/PostProcessAssembly'
info: Microsoft.AspNetCore.Hosting.Diagnostics[2]
      Request finished HTTP/2 POST http://ilpp/UnityILPP.PostProcessing/PostProcessAssembly - 200 - application/grpc 22.2340ms
info: Microsoft.AspNetCore.Routing.EndpointMiddleware[1]
      Executed endpoint 'gRPC - /UnityILPP.PostProcessing/PostProcessAssembly'
info: Microsoft.AspNetCore.Hosting.Diagnostics[2]
      Request finished HTTP/2 POST http://ilpp/UnityILPP.PostProcessing/PostProcessAssembly - 200 - application/grpc 21.0147ms
info: Microsoft.AspNetCore.Routing.EndpointMiddleware[1]
      Executed endpoint 'gRPC - /UnityILPP.PostProcessing/PostProcessAssembly'
info: Microsoft.AspNetCore.Hosting.Diagnostics[2]
      Request finished HTTP/2 POST http://ilpp/UnityILPP.PostProcessing/PostProcessAssembly - 200 - application/grpc 34.9247ms
info: Microsoft.AspNetCore.Routing.EndpointMiddleware[1]
      Executed endpoint 'gRPC - /UnityILPP.PostProcessing/PostProcessAssembly'
info: Microsoft.AspNetCore.Hosting.Diagnostics[2]
      Request finished HTTP/2 POST http://ilpp/UnityILPP.PostProcessing/PostProcessAssembly - 200 - application/grpc 27.0460ms
info: Unity.ILPP.Runner.PostProcessingPipeline[0]
      Processing assembly Library/Bee/artifacts/200b0aE.dag/Unity.Burst.dll, with 137 defines and 291 references
info: Unity.ILPP.Runner.PostProcessingPipeline[0]
      processors: Unity.Jobs.CodeGen.JobsILPostProcessor, Unity.Pipeline.CodeGen.CodeReloadInPlaceILPostProcessor, zzzUnity.Burst.CodeGen.BurstILPostProcessor
info: Unity.ILPP.Runner.PostProcessingPipeline[0]
      Processing assembly Library/Bee/artifacts/200b0aE.dag/Unity.RenderPipelines.Core.ShaderLibrary.dll, with 137 defines and 311 references
info: Unity.ILPP.Runner.PostProcessingPipeline[0]
      processors: Unity.Jobs.CodeGen.JobsILPostProcessor, Unity.Pipeline.CodeGen.CodeReloadInPlaceILPostProcessor, zzzUnity.Burst.CodeGen.BurstILPostProcessor
info: Unity.ILPP.Runner.PostProcessingPipeline[0]
      running Unity.Jobs.CodeGen.JobsILPostProcessor
info: Unity.ILPP.Runner.PostProcessingPipeline[0]
      running Unity.Pipeline.CodeGen.CodeReloadInPlaceILPostProcessor
info: Unity.ILPP.Runner.PostProcessingPipeline[0]
      running zzzUnity.Burst.CodeGen.BurstILPostProcessor
info: Unity.ILPP.Runner.PostProcessingPipeline[0]
      running Unity.Jobs.CodeGen.JobsILPostProcessor
info: Unity.ILPP.Runner.PostProcessingPipeline[0]
      running Unity.Pipeline.CodeGen.CodeReloadInPlaceILPostProcessor
info: Unity.ILPP.Runner.PostProcessingPipeline[0]
      running zzzUnity.Burst.CodeGen.BurstILPostProcessor
info: Microsoft.AspNetCore.Routing.EndpointMiddleware[1]
      Executed endpoint 'gRPC - /UnityILPP.PostProcessing/PostProcessAssembly'
info: Microsoft.AspNetCore.Hosting.Diagnostics[2]
      Request finished HTTP/2 POST http://ilpp/UnityILPP.PostProcessing/PostProcessAssembly - 200 - application/grpc 19.5040ms
info: Microsoft.AspNetCore.Hosting.Diagnostics[1]
      Request starting HTTP/2 POST http://ilpp/UnityILPP.PostProcessing/PostProcessAssembly - application/grpc -
info: Microsoft.AspNetCore.Routing.EndpointMiddleware[0]
      Executing endpoint 'gRPC - /UnityILPP.PostProcessing/PostProcessAssembly'
info: Microsoft.AspNetCore.Hosting.Diagnostics[1]
      Request starting HTTP/2 POST http://ilpp/UnityILPP.PostProcessing/PostProcessAssembly - application/grpc -
info: Microsoft.AspNetCore.Routing.EndpointMiddleware[0]
      Executing endpoint 'gRPC - /UnityILPP.PostProcessing/PostProcessAssembly'
info: Unity.ILPP.Runner.PostProcessingPipeline[0]
      Processing assembly Library/Bee/artifacts/200b0aE.dag/UnityEngine.UI.dll, with 143 defines and 309 references
info: Unity.ILPP.Runner.PostProcessingPipeline[0]
      processors: Unity.Jobs.CodeGen.JobsILPostProcessor, Unity.Pipeline.CodeGen.CodeReloadInPlaceILPostProcessor, zzzUnity.Burst.CodeGen.BurstILPostProcessor
info: Unity.ILPP.Runner.PostProcessingPipeline[0]
      running Unity.Jobs.CodeGen.JobsILPostProcessor
info: Unity.ILPP.Runner.PostProcessingPipeline[0]
      running Unity.Pipeline.CodeGen.CodeReloadInPlaceILPostProcessor
info: Unity.ILPP.Runner.PostProcessingPipeline[0]
      running zzzUnity.Burst.CodeGen.BurstILPostProcessor
info: Microsoft.AspNetCore.Routing.EndpointMiddleware[1]
      Executed endpoint 'gRPC - /UnityILPP.PostProcessing/PostProcessAssembly'
info: Microsoft.AspNetCore.Hosting.Diagnostics[2]
      Request finished HTTP/2 POST http://ilpp/UnityILPP.PostProcessing/PostProcessAssembly - 200 - application/grpc 3.4933ms
info: Unity.ILPP.Runner.PostProcessingPipeline[0]
      Processing assembly Library/Bee/artifacts/200b0aE.dag/Unity.RenderPipelines.Core.Runtime.dll, with 141 defines and 315 references
info: Unity.ILPP.Runner.PostProcessingPipeline[0]
      processors: Unity.Jobs.CodeGen.JobsILPostProcessor, Unity.Pipeline.CodeGen.CodeReloadInPlaceILPostProcessor, zzzUnity.Burst.CodeGen.BurstILPostProcessor
info: Unity.ILPP.Runner.PostProcessingPipeline[0]
      running Unity.Jobs.CodeGen.JobsILPostProcessor
info: Microsoft.AspNetCore.Hosting.Diagnostics[1]
      Request starting HTTP/2 POST http://ilpp/UnityILPP.PostProcessing/PostProcessAssembly - application/grpc -
info: Microsoft.AspNetCore.Routing.EndpointMiddleware[0]
      Executing endpoint 'gRPC - /UnityILPP.PostProcessing/PostProcessAssembly'
info: Unity.ILPP.Runner.PostProcessingPipeline[0]
      Processing assembly Library/Bee/artifacts/200b0aE.dag/Unity.VisualScripting.Flow.dll, with 145 defines and 313 references
info: Unity.ILPP.Runner.PostProcessingPipeline[0]
      processors: Unity.Jobs.CodeGen.JobsILPostProcessor, Unity.Pipeline.CodeGen.CodeReloadInPlaceILPostProcessor, zzzUnity.Burst.CodeGen.BurstILPostProcessor
info: Unity.ILPP.Runner.PostProcessingPipeline[0]
      running Unity.Jobs.CodeGen.JobsILPostProcessor
info: Unity.ILPP.Runner.PostProcessingPipeline[0]
      running Unity.Pipeline.CodeGen.CodeReloadInPlaceILPostProcessor
info: Unity.ILPP.Runner.PostProcessingPipeline[0]
      running zzzUnity.Burst.CodeGen.BurstILPostProcessor
info: Microsoft.AspNetCore.Routing.EndpointMiddleware[1]
      Executed endpoint 'gRPC - /UnityILPP.PostProcessing/PostProcessAssembly'
info: Microsoft.AspNetCore.Hosting.Diagnostics[2]
      Request finished HTTP/2 POST http://ilpp/UnityILPP.PostProcessing/PostProcessAssembly - 200 - application/grpc 6.0364ms
info: Unity.ILPP.Runner.PostProcessingAssemblyLoadContext[0]
      Resolved Unity.Burst.Cecil.Rocks, Version=0.11.6.0, Culture=neutral, PublicKeyToken=50cebf1cceb9d05e with Library/PackageCache/com.unity.burst@6bb9aca3ef38/Unity.Burst.CodeGen/Unity.Burst.Cecil.Rocks.dll
info: Unity.ILPP.Runner.PostProcessingAssemblyLoadContext[0]
      Resolved UnityEditor.CoreModule, Version=0.0.0.0, Culture=neutral, PublicKeyToken=null with /Applications/Unity/Hub/Editor/6000.5.0f1/Unity.app/Contents/Resources/Scripting/Managed/UnityEngine/UnityEditor.CoreModule.dll
info: Unity.ILPP.Runner.PostProcessingAssemblyLoadContext[0]
      Resolved UnityEngine.CoreModule, Version=0.0.0.0, Culture=neutral, PublicKeyToken=null with /Applications/Unity/Hub/Editor/6000.5.0f1/Unity.app/Contents/Resources/Scripting/Managed/UnityEngine/UnityEngine.CoreModule.dll
info: Unity.ILPP.Runner.PostProcessingAssemblyLoadContext[0]
      Resolved Unity.Scripting, Version=0.0.0.0, Culture=neutral, PublicKeyToken=null with /Applications/Unity/Hub/Editor/6000.5.0f1/Unity.app/Contents/Resources/Scripting/Managed/UnityEngine/Unity.Scripting.dll
info: Unity.ILPP.Runner.PostProcessingPipeline[0]
      running Unity.Pipeline.CodeGen.CodeReloadInPlaceILPostProcessor
info: Unity.ILPP.Runner.PostProcessingPipeline[0]
      running zzzUnity.Burst.CodeGen.BurstILPostProcessor
info: Microsoft.AspNetCore.Routing.EndpointMiddleware[1]
      Executed endpoint 'gRPC - /UnityILPP.PostProcessing/PostProcessAssembly'
info: Microsoft.AspNetCore.Hosting.Diagnostics[2]
      Request finished HTTP/2 POST http://ilpp/UnityILPP.PostProcessing/PostProcessAssembly - 200 - application/grpc 253.4477ms
info: Unity.ILPP.Runner.PostProcessingPipeline[0]
      running Unity.Pipeline.CodeGen.CodeReloadInPlaceILPostProcessor
info: Unity.ILPP.Runner.PostProcessingPipeline[0]
      running zzzUnity.Burst.CodeGen.BurstILPostProcessor
info: Microsoft.AspNetCore.Hosting.Diagnostics[1]
      Request starting HTTP/2 POST http://ilpp/UnityILPP.PostProcessing/PostProcessAssembly - application/grpc -
info: Microsoft.AspNetCore.Routing.EndpointMiddleware[0]
      Executing endpoint 'gRPC - /UnityILPP.PostProcessing/PostProcessAssembly'
info: Unity.ILPP.Runner.PostProcessingPipeline[0]
      Processing assembly Library/Bee/artifacts/200b0aE.dag/Unity.AI.Assistant.Runtime.dll, with 137 defines and 287 references
info: Unity.ILPP.Runner.PostProcessingPipeline[0]
      processors: Unity.Jobs.CodeGen.JobsILPostProcessor, Unity.Pipeline.CodeGen.CodeReloadInPlaceILPostProcessor, zzzUnity.Burst.CodeGen.BurstILPostProcessor
info: Unity.ILPP.Runner.PostProcessingPipeline[0]
      running Unity.Jobs.CodeGen.JobsILPostProcessor
info: Unity.ILPP.Runner.PostProcessingPipeline[0]
      running Unity.Pipeline.CodeGen.CodeReloadInPlaceILPostProcessor
info: Unity.ILPP.Runner.PostProcessingPipeline[0]
      running zzzUnity.Burst.CodeGen.BurstILPostProcessor
info: Microsoft.AspNetCore.Routing.EndpointMiddleware[1]
      Executed endpoint 'gRPC - /UnityILPP.PostProcessing/PostProcessAssembly'
info: Microsoft.AspNetCore.Hosting.Diagnostics[2]
      Request finished HTTP/2 POST http://ilpp/UnityILPP.PostProcessing/PostProcessAssembly - 200 - application/grpc 17.1417ms
info: Microsoft.AspNetCore.Hosting.Diagnostics[1]
      Request starting HTTP/2 POST http://ilpp/UnityILPP.PostProcessing/PostProcessAssembly - application/grpc -
info: Microsoft.AspNetCore.Routing.EndpointMiddleware[0]
      Executing endpoint 'gRPC - /UnityILPP.PostProcessing/PostProcessAssembly'
info: Microsoft.AspNetCore.Routing.EndpointMiddleware[1]
      Executed endpoint 'gRPC - /UnityILPP.PostProcessing/PostProcessAssembly'
info: Microsoft.AspNetCore.Hosting.Diagnostics[2]
      Request finished HTTP/2 POST http://ilpp/UnityILPP.PostProcessing/PostProcessAssembly - 200 - application/grpc 228.3530ms
info: Microsoft.AspNetCore.Hosting.Diagnostics[1]
      Request starting HTTP/2 POST http://ilpp/UnityILPP.PostProcessing/PostProcessAssembly - application/grpc -
info: Microsoft.AspNetCore.Routing.EndpointMiddleware[0]
      Executing endpoint 'gRPC - /UnityILPP.PostProcessing/PostProcessAssembly'
info: Unity.ILPP.Runner.PostProcessingPipeline[0]
      Processing assembly Library/Bee/artifacts/200b0aE.dag/Unity.TextMeshPro.dll, with 138 defines and 312 references
info: Unity.ILPP.Runner.PostProcessingPipeline[0]
      processors: Unity.Jobs.CodeGen.JobsILPostProcessor, Unity.Pipeline.CodeGen.CodeReloadInPlaceILPostProcessor, zzzUnity.Burst.CodeGen.BurstILPostProcessor
info: Unity.ILPP.Runner.PostProcessingPipeline[0]
      running Unity.Jobs.CodeGen.JobsILPostProcessor
info: Unity.ILPP.Runner.PostProcessingPipeline[0]
      running Unity.Pipeline.CodeGen.CodeReloadInPlaceILPostProcessor
info: Unity.ILPP.Runner.PostProcessingPipeline[0]
      running zzzUnity.Burst.CodeGen.BurstILPostProcessor
info: Microsoft.AspNetCore.Routing.EndpointMiddleware[1]
      Executed endpoint 'gRPC - /UnityILPP.PostProcessing/PostProcessAssembly'
info: Microsoft.AspNetCore.Hosting.Diagnostics[2]
      Request finished HTTP/2 POST http://ilpp/UnityILPP.PostProcessing/PostProcessAssembly - 200 - application/grpc 9.5180ms
info: Unity.ILPP.Runner.PostProcessingPipeline[0]
      Processing assembly Library/Bee/artifacts/200b0aE.dag/Unity.RenderPipelines.GPUDriven.Runtime.dll, with 137 defines and 315 references
info: Unity.ILPP.Runner.PostProcessingPipeline[0]
      processors: Unity.Jobs.CodeGen.JobsILPostProcessor, Unity.Pipeline.CodeGen.CodeReloadInPlaceILPostProcessor, zzzUnity.Burst.CodeGen.BurstILPostProcessor
info: Unity.ILPP.Runner.PostProcessingPipeline[0]
      running Unity.Jobs.CodeGen.JobsILPostProcessor
info: Unity.ILPP.Runner.PostProcessingAssemblyLoadContext[0]
      Resolved Mono.Cecil.Rocks, Version=0.11.5.0, Culture=neutral, PublicKeyToken=50cebf1cceb9d05e with Library/PackageCache/com.unity.nuget.mono-cecil@ecb9724e46ff/Mono.Cecil.Rocks.dll
info: Microsoft.AspNetCore.Routing.EndpointMiddleware[1]
      Executed endpoint 'gRPC - /UnityILPP.PostProcessing/PostProcessAssembly'
info: Microsoft.AspNetCore.Hosting.Diagnostics[2]
      Request finished HTTP/2 POST http://ilpp/UnityILPP.PostProcessing/PostProcessAssembly - 200 - application/grpc 587.7892ms
info: Microsoft.AspNetCore.Routing.EndpointMiddleware[1]
      Executed endpoint 'gRPC - /UnityILPP.PostProcessing/PostProcessAssembly'
info: Microsoft.AspNetCore.Hosting.Diagnostics[2]
      Request finished HTTP/2 POST http://ilpp/UnityILPP.PostProcessing/PostProcessAssembly - 200 - application/grpc 629.0023ms
info: Microsoft.AspNetCore.Hosting.Diagnostics[1]
      Request starting HTTP/2 POST http://ilpp/UnityILPP.PostProcessing/PostProcessAssembly - application/grpc -
info: Microsoft.AspNetCore.Routing.EndpointMiddleware[0]
      Executing endpoint 'gRPC - /UnityILPP.PostProcessing/PostProcessAssembly'
info: Unity.ILPP.Runner.PostProcessingPipeline[0]
      Processing assembly Library/Bee/artifacts/200b0aE.dag/Unity.AppUI.Redux.dll, with 137 defines and 297 references
info: Unity.ILPP.Runner.PostProcessingPipeline[0]
      processors: Unity.Jobs.CodeGen.JobsILPostProcessor, Unity.Pipeline.CodeGen.CodeReloadInPlaceILPostProcessor, zzzUnity.Burst.CodeGen.BurstILPostProcessor
info: Unity.ILPP.Runner.PostProcessingPipeline[0]
      running Unity.Jobs.CodeGen.JobsILPostProcessor
info: Unity.ILPP.Runner.PostProcessingPipeline[0]
      running Unity.Pipeline.CodeGen.CodeReloadInPlaceILPostProcessor
info: Unity.ILPP.Runner.PostProcessingPipeline[0]
      running zzzUnity.Burst.CodeGen.BurstILPostProcessor
info: Microsoft.AspNetCore.Routing.EndpointMiddleware[1]
      Executed endpoint 'gRPC - /UnityILPP.PostProcessing/PostProcessAssembly'
info: Microsoft.AspNetCore.Hosting.Diagnostics[2]
      Request finished HTTP/2 POST http://ilpp/UnityILPP.PostProcessing/PostProcessAssembly - 200 - application/grpc 15.0411ms
info: Microsoft.AspNetCore.Hosting.Diagnostics[1]
      Request starting HTTP/2 POST http://ilpp/UnityILPP.PostProcessing/PostProcessAssembly - application/grpc -
info: Microsoft.AspNetCore.Routing.EndpointMiddleware[0]
      Executing endpoint 'gRPC - /UnityILPP.PostProcessing/PostProcessAssembly'
info: Microsoft.AspNetCore.Hosting.Diagnostics[1]
      Request starting HTTP/2 POST http://ilpp/UnityILPP.PostProcessing/PostProcessAssembly - application/grpc -
info: Unity.ILPP.Runner.PostProcessingPipeline[0]
      Processing assembly Library/Bee/artifacts/200b0aE.dag/Unity.SurfaceCache.Runtime.dll, with 137 defines and 315 references
info: Microsoft.AspNetCore.Routing.EndpointMiddleware[0]
      Executing endpoint 'gRPC - /UnityILPP.PostProcessing/PostProcessAssembly'
info: Unity.ILPP.Runner.PostProcessingPipeline[0]
      processors: Unity.Jobs.CodeGen.JobsILPostProcessor, Unity.Pipeline.CodeGen.CodeReloadInPlaceILPostProcessor, zzzUnity.Burst.CodeGen.BurstILPostProcessor
info: Unity.ILPP.Runner.PostProcessingPipeline[0]
      running Unity.Jobs.CodeGen.JobsILPostProcessor
info: Unity.ILPP.Runner.PostProcessingPipeline[0]
      running Unity.Pipeline.CodeGen.CodeReloadInPlaceILPostProcessor
info: Unity.ILPP.Runner.PostProcessingPipeline[0]
      running zzzUnity.Burst.CodeGen.BurstILPostProcessor
info: Microsoft.AspNetCore.Routing.EndpointMiddleware[1]
      Executed endpoint 'gRPC - /UnityILPP.PostProcessing/PostProcessAssembly'
info: Microsoft.AspNetCore.Hosting.Diagnostics[2]
      Request finished HTTP/2 POST http://ilpp/UnityILPP.PostProcessing/PostProcessAssembly - 200 - application/grpc 38.0399ms
info: Unity.ILPP.Runner.PostProcessingPipeline[0]
      Processing assembly Library/Bee/artifacts/200b0aE.dag/Unity.AppUI.Undo.dll, with 137 defines and 295 references
info: Unity.ILPP.Runner.PostProcessingPipeline[0]
      processors: Unity.Jobs.CodeGen.JobsILPostProcessor, Unity.Pipeline.CodeGen.CodeReloadInPlaceILPostProcessor, zzzUnity.Burst.CodeGen.BurstILPostProcessor
info: Unity.ILPP.Runner.PostProcessingPipeline[0]
      running Unity.Jobs.CodeGen.JobsILPostProcessor
info: Unity.ILPP.Runner.PostProcessingPipeline[0]
      running Unity.Pipeline.CodeGen.CodeReloadInPlaceILPostProcessor
info: Unity.ILPP.Runner.PostProcessingPipeline[0]
      running zzzUnity.Burst.CodeGen.BurstILPostProcessor
info: Microsoft.AspNetCore.Routing.EndpointMiddleware[1]
      Executed endpoint 'gRPC - /UnityILPP.PostProcessing/PostProcessAssembly'
info: Microsoft.AspNetCore.Hosting.Diagnostics[2]
      Request finished HTTP/2 POST http://ilpp/UnityILPP.PostProcessing/PostProcessAssembly - 200 - application/grpc 5.4599ms
info: Microsoft.AspNetCore.Hosting.Diagnostics[1]
      Request starting HTTP/2 POST http://ilpp/UnityILPP.PostProcessing/PostProcessAssembly - application/grpc -
info: Microsoft.AspNetCore.Routing.EndpointMiddleware[0]
      Executing endpoint 'gRPC - /UnityILPP.PostProcessing/PostProcessAssembly'
info: Unity.ILPP.Runner.PostProcessingPipeline[0]
      Processing assembly Library/Bee/artifacts/200b0aE.dag/Unity.InputSystem.ForUI.dll, with 137 defines and 312 references
info: Unity.ILPP.Runner.PostProcessingPipeline[0]
      processors: Unity.Jobs.CodeGen.JobsILPostProcessor, Unity.Pipeline.CodeGen.CodeReloadInPlaceILPostProcessor, zzzUnity.Burst.CodeGen.BurstILPostProcessor
info: Unity.ILPP.Runner.PostProcessingPipeline[0]
      running Unity.Jobs.CodeGen.JobsILPostProcessor
info: Unity.ILPP.Runner.PostProcessingPipeline[0]
      running Unity.Pipeline.CodeGen.CodeReloadInPlaceILPostProcessor
info: Unity.ILPP.Runner.PostProcessingPipeline[0]
      running zzzUnity.Burst.CodeGen.BurstILPostProcessor
info: Microsoft.AspNetCore.Routing.EndpointMiddleware[1]
      Executed endpoint 'gRPC - /UnityILPP.PostProcessing/PostProcessAssembly'
info: Microsoft.AspNetCore.Hosting.Diagnostics[2]
      Request finished HTTP/2 POST http://ilpp/UnityILPP.PostProcessing/PostProcessAssembly - 200 - application/grpc 8.5509ms
info: Unity.ILPP.Runner.PostProcessingPipeline[0]
      running Unity.Pipeline.CodeGen.CodeReloadInPlaceILPostProcessor
info: Unity.ILPP.Runner.PostProcessingPipeline[0]
      running zzzUnity.Burst.CodeGen.BurstILPostProcessor
info: Microsoft.AspNetCore.Routing.EndpointMiddleware[1]
      Executed endpoint 'gRPC - /UnityILPP.PostProcessing/PostProcessAssembly'
info: Microsoft.AspNetCore.Hosting.Diagnostics[2]
      Request finished HTTP/2 POST http://ilpp/UnityILPP.PostProcessing/PostProcessAssembly - 200 - application/grpc 538.9631ms
info: Microsoft.AspNetCore.Hosting.Diagnostics[1]
      Request starting HTTP/2 POST http://ilpp/UnityILPP.PostProcessing/PostProcessAssembly - application/grpc -
info: Microsoft.AspNetCore.Routing.EndpointMiddleware[0]
      Executing endpoint 'gRPC - /UnityILPP.PostProcessing/PostProcessAssembly'
info: Microsoft.AspNetCore.Hosting.Diagnostics[1]
      Request starting HTTP/2 POST http://ilpp/UnityILPP.PostProcessing/PostProcessAssembly - application/grpc -
info: Microsoft.AspNetCore.Routing.EndpointMiddleware[0]
      Executing endpoint 'gRPC - /UnityILPP.PostProcessing/PostProcessAssembly'
info: Unity.ILPP.Runner.PostProcessingPipeline[0]
      Processing assembly Library/Bee/artifacts/200b0aE.dag/Unity.RenderPipelines.ShaderGraph.ShaderGraphLibrary.dll, with 137 defines and 311 references
info: Unity.ILPP.Runner.PostProcessingPipeline[0]
      processors: Unity.Jobs.CodeGen.JobsILPostProcessor, Unity.Pipeline.CodeGen.CodeReloadInPlaceILPostProcessor, zzzUnity.Burst.CodeGen.BurstILPostProcessor
info: Unity.ILPP.Runner.PostProcessingPipeline[0]
      running Unity.Jobs.CodeGen.JobsILPostProcessor
info: Unity.ILPP.Runner.PostProcessingPipeline[0]
      running Unity.Pipeline.CodeGen.CodeReloadInPlaceILPostProcessor
info: Unity.ILPP.Runner.PostProcessingPipeline[0]
      running zzzUnity.Burst.CodeGen.BurstILPostProcessor
info: Microsoft.AspNetCore.Routing.EndpointMiddleware[1]
      Executed endpoint 'gRPC - /UnityILPP.PostProcessing/PostProcessAssembly'
info: Microsoft.AspNetCore.Hosting.Diagnostics[2]
      Request finished HTTP/2 POST http://ilpp/UnityILPP.PostProcessing/PostProcessAssembly - 200 - application/grpc 19.1969ms
info: Microsoft.AspNetCore.Hosting.Diagnostics[1]
      Request starting HTTP/2 POST http://ilpp/UnityILPP.PostProcessing/PostProcessAssembly - application/grpc -
info: Microsoft.AspNetCore.Routing.EndpointMiddleware[0]
      Executing endpoint 'gRPC - /UnityILPP.PostProcessing/PostProcessAssembly'
info: Microsoft.AspNetCore.Hosting.Diagnostics[1]
      Request starting HTTP/2 POST http://ilpp/UnityILPP.PostProcessing/PostProcessAssembly - application/grpc -
info: Microsoft.AspNetCore.Routing.EndpointMiddleware[0]
      Executing endpoint 'gRPC - /UnityILPP.PostProcessing/PostProcessAssembly'
info: Unity.ILPP.Runner.PostProcessingPipeline[0]
      Processing assembly Library/Bee/artifacts/200b0aE.dag/Unity.RenderPipeline.Universal.ShaderLibrary.dll, with 137 defines and 312 references
info: Unity.ILPP.Runner.PostProcessingPipeline[0]
      processors: Unity.Jobs.CodeGen.JobsILPostProcessor, Unity.Pipeline.CodeGen.CodeReloadInPlaceILPostProcessor, zzzUnity.Burst.CodeGen.BurstILPostProcessor
info: Unity.ILPP.Runner.PostProcessingPipeline[0]
      running Unity.Jobs.CodeGen.JobsILPostProcessor
info: Unity.ILPP.Runner.PostProcessingPipeline[0]
      running Unity.Pipeline.CodeGen.CodeReloadInPlaceILPostProcessor
info: Unity.ILPP.Runner.PostProcessingPipeline[0]
      running zzzUnity.Burst.CodeGen.BurstILPostProcessor
info: Microsoft.AspNetCore.Routing.EndpointMiddleware[1]
      Executed endpoint 'gRPC - /UnityILPP.PostProcessing/PostProcessAssembly'
info: Microsoft.AspNetCore.Hosting.Diagnostics[2]
      Request finished HTTP/2 POST http://ilpp/UnityILPP.PostProcessing/PostProcessAssembly - 200 - application/grpc 19.3841ms
info: Unity.ILPP.Runner.PostProcessingPipeline[0]
      Processing assembly Library/Bee/artifacts/200b0aE.dag/Unity.RenderPipelines.Universal.Config.Runtime.dll, with 137 defines and 312 references
info: Unity.ILPP.Runner.PostProcessingPipeline[0]
      processors: Unity.Jobs.CodeGen.JobsILPostProcessor, Unity.Pipeline.CodeGen.CodeReloadInPlaceILPostProcessor, zzzUnity.Burst.CodeGen.BurstILPostProcessor
info: Unity.ILPP.Runner.PostProcessingPipeline[0]
      running Unity.Jobs.CodeGen.JobsILPostProcessor
info: Unity.ILPP.Runner.PostProcessingPipeline[0]
      running Unity.Pipeline.CodeGen.CodeReloadInPlaceILPostProcessor
info: Unity.ILPP.Runner.PostProcessingPipeline[0]
      running zzzUnity.Burst.CodeGen.BurstILPostProcessor
info: Microsoft.AspNetCore.Hosting.Diagnostics[1]
      Request starting HTTP/2 POST http://ilpp/UnityILPP.PostProcessing/PostProcessAssembly - application/grpc -
info: Microsoft.AspNetCore.Routing.EndpointMiddleware[0]
      Executing endpoint 'gRPC - /UnityILPP.PostProcessing/PostProcessAssembly'
info: Microsoft.AspNetCore.Routing.EndpointMiddleware[1]
      Executed endpoint 'gRPC - /UnityILPP.PostProcessing/PostProcessAssembly'
info: Microsoft.AspNetCore.Hosting.Diagnostics[2]
      Request finished HTTP/2 POST http://ilpp/UnityILPP.PostProcessing/PostProcessAssembly - 200 - application/grpc 19.8097ms
info: Unity.ILPP.Runner.PostProcessingPipeline[0]
      Processing assembly Library/Bee/artifacts/200b0aE.dag/Unity.UnifiedRayTracing.Runtime.dll, with 138 defines and 314 references
info: Unity.ILPP.Runner.PostProcessingPipeline[0]
      processors: Unity.Jobs.CodeGen.JobsILPostProcessor, Unity.Pipeline.CodeGen.CodeReloadInPlaceILPostProcessor, zzzUnity.Burst.CodeGen.BurstILPostProcessor
info: Unity.ILPP.Runner.PostProcessingPipeline[0]
      running Unity.Jobs.CodeGen.JobsILPostProcessor
info: Unity.ILPP.Runner.PostProcessingPipeline[0]
      Processing assembly Library/Bee/artifacts/200b0aE.dag/Unity.PathTracing.Runtime.dll, with 138 defines and 315 references
info: Unity.ILPP.Runner.PostProcessingPipeline[0]
      processors: Unity.Jobs.CodeGen.JobsILPostProcessor, Unity.Pipeline.CodeGen.CodeReloadInPlaceILPostProcessor, zzzUnity.Burst.CodeGen.BurstILPostProcessor
info: Unity.ILPP.Runner.PostProcessingPipeline[0]
      running Unity.Jobs.CodeGen.JobsILPostProcessor
info: Microsoft.AspNetCore.Hosting.Diagnostics[1]
      Request starting HTTP/2 POST http://ilpp/UnityILPP.PostProcessing/PostProcessAssembly - application/grpc -
info: Microsoft.AspNetCore.Routing.EndpointMiddleware[0]
      Executing endpoint 'gRPC - /UnityILPP.PostProcessing/PostProcessAssembly'
info: Microsoft.AspNetCore.Hosting.Diagnostics[1]
      Request starting HTTP/2 POST http://ilpp/UnityILPP.PostProcessing/PostProcessAssembly - application/grpc -
info: Microsoft.AspNetCore.Routing.EndpointMiddleware[0]
      Executing endpoint 'gRPC - /UnityILPP.PostProcessing/PostProcessAssembly'
info: Microsoft.AspNetCore.Hosting.Diagnostics[1]
      Request starting HTTP/2 POST http://ilpp/UnityILPP.PostProcessing/PostProcessAssembly - application/grpc -
info: Microsoft.AspNetCore.Routing.EndpointMiddleware[0]
      Executing endpoint 'gRPC - /UnityILPP.PostProcessing/PostProcessAssembly'
info: Unity.ILPP.Runner.PostProcessingPipeline[0]
      running Unity.Pipeline.CodeGen.CodeReloadInPlaceILPostProcessor
info: Unity.ILPP.Runner.PostProcessingPipeline[0]
      running zzzUnity.Burst.CodeGen.BurstILPostProcessor
info: Unity.ILPP.Runner.PostProcessingPipeline[0]
      Processing assembly Library/Bee/artifacts/200b0aE.dag/MCPForUnity.Runtime.dll, with 137 defines and 311 references
info: Unity.ILPP.Runner.PostProcessingPipeline[0]
      processors: Unity.Jobs.CodeGen.JobsILPostProcessor, Unity.Pipeline.CodeGen.CodeReloadInPlaceILPostProcessor, zzzUnity.Burst.CodeGen.BurstILPostProcessor
info: Unity.ILPP.Runner.PostProcessingPipeline[0]
      running Unity.Jobs.CodeGen.JobsILPostProcessor
info: Unity.ILPP.Runner.PostProcessingPipeline[0]
      running Unity.Pipeline.CodeGen.CodeReloadInPlaceILPostProcessor
info: Unity.ILPP.Runner.PostProcessingPipeline[0]
      running zzzUnity.Burst.CodeGen.BurstILPostProcessor
info: Unity.ILPP.Runner.PostProcessingPipeline[0]
      Processing assembly Library/Bee/artifacts/200b0aE.dag/Unity.RenderPipelines.Universal.Runtime.dll, with 143 defines and 321 references
info: Unity.ILPP.Runner.PostProcessingPipeline[0]
      processors: Unity.Jobs.CodeGen.JobsILPostProcessor, Unity.Pipeline.CodeGen.CodeReloadInPlaceILPostProcessor, zzzUnity.Burst.CodeGen.BurstILPostProcessor
info: Unity.ILPP.Runner.PostProcessingPipeline[0]
      running Unity.Jobs.CodeGen.JobsILPostProcessor
info: Unity.ILPP.Runner.PostProcessingPipeline[0]
      running Unity.Pipeline.CodeGen.CodeReloadInPlaceILPostProcessor
info: Unity.ILPP.Runner.PostProcessingPipeline[0]
      running zzzUnity.Burst.CodeGen.BurstILPostProcessor
info: Microsoft.AspNetCore.Hosting.Diagnostics[1]
      Request starting HTTP/2 POST http://ilpp/UnityILPP.PostProcessing/PostProcessAssembly - application/grpc -
info: Microsoft.AspNetCore.Routing.EndpointMiddleware[1]
      Executed endpoint 'gRPC - /UnityILPP.PostProcessing/PostProcessAssembly'
info: Microsoft.AspNetCore.Routing.EndpointMiddleware[0]
      Executing endpoint 'gRPC - /UnityILPP.PostProcessing/PostProcessAssembly'
info: Microsoft.AspNetCore.Hosting.Diagnostics[2]
      Request finished HTTP/2 POST http://ilpp/UnityILPP.PostProcessing/PostProcessAssembly - 200 - application/grpc 29.0528ms
info: Unity.ILPP.Runner.PostProcessingPipeline[0]
      running Unity.Pipeline.CodeGen.CodeReloadInPlaceILPostProcessor
info: Unity.ILPP.Runner.PostProcessingPipeline[0]
      running zzzUnity.Burst.CodeGen.BurstILPostProcessor
info: Microsoft.AspNetCore.Routing.EndpointMiddleware[1]
      Executed endpoint 'gRPC - /UnityILPP.PostProcessing/PostProcessAssembly'
info: Microsoft.AspNetCore.Hosting.Diagnostics[2]
      Request finished HTTP/2 POST http://ilpp/UnityILPP.PostProcessing/PostProcessAssembly - 200 - application/grpc 82.2658ms
info: Microsoft.AspNetCore.Routing.EndpointMiddleware[1]
      Executed endpoint 'gRPC - /UnityILPP.PostProcessing/PostProcessAssembly'
info: Microsoft.AspNetCore.Hosting.Diagnostics[2]
      Request finished HTTP/2 POST http://ilpp/UnityILPP.PostProcessing/PostProcessAssembly - 200 - application/grpc 71.7294ms
info: Unity.ILPP.Runner.PostProcessingPipeline[0]
      Processing assembly Library/Bee/artifacts/200b0aE.dag/Unity.Collections.dll, with 139 defines and 313 references
info: Unity.ILPP.Runner.PostProcessingPipeline[0]
      processors: Unity.Jobs.CodeGen.JobsILPostProcessor, Unity.Pipeline.CodeGen.CodeReloadInPlaceILPostProcessor, zzzUnity.Burst.CodeGen.BurstILPostProcessor
info: Unity.ILPP.Runner.PostProcessingPipeline[0]
      running Unity.Jobs.CodeGen.JobsILPostProcessor
info: Microsoft.AspNetCore.Hosting.Diagnostics[1]
      Request starting HTTP/2 POST http://ilpp/UnityILPP.PostProcessing/PostProcessAssembly - application/grpc -
info: Microsoft.AspNetCore.Routing.EndpointMiddleware[0]
      Executing endpoint 'gRPC - /UnityILPP.PostProcessing/PostProcessAssembly'
info: Unity.ILPP.Runner.PostProcessingPipeline[0]
      Processing assembly Library/Bee/artifacts/200b0aE.dag/Unity.AI.Tracing.dll, with 137 defines and 291 references
info: Unity.ILPP.Runner.PostProcessingPipeline[0]
      processors: Unity.Jobs.CodeGen.JobsILPostProcessor, Unity.Pipeline.CodeGen.CodeReloadInPlaceILPostProcessor, zzzUnity.Burst.CodeGen.BurstILPostProcessor
info: Unity.ILPP.Runner.PostProcessingPipeline[0]
      running Unity.Jobs.CodeGen.JobsILPostProcessor
info: Unity.ILPP.Runner.PostProcessingPipeline[0]
      running Unity.Pipeline.CodeGen.CodeReloadInPlaceILPostProcessor
info: Unity.ILPP.Runner.PostProcessingPipeline[0]
      running zzzUnity.Burst.CodeGen.BurstILPostProcessor
info: Microsoft.AspNetCore.Routing.EndpointMiddleware[1]
      Executed endpoint 'gRPC - /UnityILPP.PostProcessing/PostProcessAssembly'
info: Microsoft.AspNetCore.Hosting.Diagnostics[2]
      Request finished HTTP/2 POST http://ilpp/UnityILPP.PostProcessing/PostProcessAssembly - 200 - application/grpc 59.3645ms
info: Microsoft.AspNetCore.Routing.EndpointMiddleware[1]
      Executed endpoint 'gRPC - /UnityILPP.PostProcessing/PostProcessAssembly'
info: Microsoft.AspNetCore.Hosting.Diagnostics[2]
      Request finished HTTP/2 POST http://ilpp/UnityILPP.PostProcessing/PostProcessAssembly - 200 - application/grpc 79.4699ms
info: Unity.ILPP.Runner.PostProcessingPipeline[0]
      Processing assembly Library/Bee/artifacts/200b0aE.dag/Unity.VisualScripting.State.dll, with 137 defines and 313 references
info: Unity.ILPP.Runner.PostProcessingPipeline[0]
      processors: Unity.Jobs.CodeGen.JobsILPostProcessor, Unity.Pipeline.CodeGen.CodeReloadInPlaceILPostProcessor, zzzUnity.Burst.CodeGen.BurstILPostProcessor
info: Unity.ILPP.Runner.PostProcessingPipeline[0]
      running Unity.Jobs.CodeGen.JobsILPostProcessor
info: Unity.ILPP.Runner.PostProcessingPipeline[0]
      running Unity.Pipeline.CodeGen.CodeReloadInPlaceILPostProcessor
info: Unity.ILPP.Runner.PostProcessingPipeline[0]
      running zzzUnity.Burst.CodeGen.BurstILPostProcessor
info: Microsoft.AspNetCore.Routing.EndpointMiddleware[1]
      Executed endpoint 'gRPC - /UnityILPP.PostProcessing/PostProcessAssembly'
info: Microsoft.AspNetCore.Hosting.Diagnostics[2]
      Request finished HTTP/2 POST http://ilpp/UnityILPP.PostProcessing/PostProcessAssembly - 200 - application/grpc 18.2093ms
info: Microsoft.AspNetCore.Hosting.Diagnostics[1]
      Request starting HTTP/2 POST http://ilpp/UnityILPP.PostProcessing/PostProcessAssembly - application/grpc -
info: Microsoft.AspNetCore.Routing.EndpointMiddleware[0]
      Executing endpoint 'gRPC - /UnityILPP.PostProcessing/PostProcessAssembly'
info: Microsoft.AspNetCore.Hosting.Diagnostics[1]
      Request starting HTTP/2 POST http://ilpp/UnityILPP.PostProcessing/PostProcessAssembly - application/grpc -
info: Microsoft.AspNetCore.Routing.EndpointMiddleware[0]
      Executing endpoint 'gRPC - /UnityILPP.PostProcessing/PostProcessAssembly'
info: Microsoft.AspNetCore.Hosting.Diagnostics[1]
      Request starting HTTP/2 POST http://ilpp/UnityILPP.PostProcessing/PostProcessAssembly - application/grpc -
info: Microsoft.AspNetCore.Routing.EndpointMiddleware[0]
      Executing endpoint 'gRPC - /UnityILPP.PostProcessing/PostProcessAssembly'
info: Unity.ILPP.Runner.PostProcessingPipeline[0]
      Processing assembly Library/Bee/artifacts/200b0aE.dag/Unity.AI.Navigation.dll, with 138 defines and 311 references
info: Unity.ILPP.Runner.PostProcessingPipeline[0]
      processors: Unity.Jobs.CodeGen.JobsILPostProcessor, Unity.Pipeline.CodeGen.CodeReloadInPlaceILPostProcessor, zzzUnity.Burst.CodeGen.BurstILPostProcessor
info: Microsoft.AspNetCore.Hosting.Diagnostics[1]
      Request starting HTTP/2 POST http://ilpp/UnityILPP.PostProcessing/PostProcessAssembly - application/grpc -
info: Microsoft.AspNetCore.Routing.EndpointMiddleware[0]
      Executing endpoint 'gRPC - /UnityILPP.PostProcessing/PostProcessAssembly'
info: Unity.ILPP.Runner.PostProcessingPipeline[0]
      running Unity.Jobs.CodeGen.JobsILPostProcessor
info: Unity.ILPP.Runner.PostProcessingPipeline[0]
      running Unity.Pipeline.CodeGen.CodeReloadInPlaceILPostProcessor
info: Unity.ILPP.Runner.PostProcessingPipeline[0]
      running zzzUnity.Burst.CodeGen.BurstILPostProcessor
info: Unity.ILPP.Runner.PostProcessingPipeline[0]
      Processing assembly Library/Bee/artifacts/200b0aE.dag/Unity.InternalAPIEngineBridge.RenderPipelines.Core.Runtime.Shared.dll, with 137 defines and 311 references
info: Unity.ILPP.Runner.PostProcessingPipeline[0]
      processors: Unity.Jobs.CodeGen.JobsILPostProcessor, Unity.Pipeline.CodeGen.CodeReloadInPlaceILPostProcessor, zzzUnity.Burst.CodeGen.BurstILPostProcessor
info: Unity.ILPP.Runner.PostProcessingPipeline[0]
      running Unity.Jobs.CodeGen.JobsILPostProcessor
info: Unity.ILPP.Runner.PostProcessingPipeline[0]
      running Unity.Pipeline.CodeGen.CodeReloadInPlaceILPostProcessor
info: Unity.ILPP.Runner.PostProcessingPipeline[0]
      running zzzUnity.Burst.CodeGen.BurstILPostProcessor
info: Microsoft.AspNetCore.Routing.EndpointMiddleware[1]
      Executed endpoint 'gRPC - /UnityILPP.PostProcessing/PostProcessAssembly'
info: Microsoft.AspNetCore.Routing.EndpointMiddleware[1]
      Executed endpoint 'gRPC - /UnityILPP.PostProcessing/PostProcessAssembly'
info: Microsoft.AspNetCore.Hosting.Diagnostics[2]
      Request finished HTTP/2 POST http://ilpp/UnityILPP.PostProcessing/PostProcessAssembly - 200 - application/grpc 2.6804ms
info: Microsoft.AspNetCore.Hosting.Diagnostics[2]
      Request finished HTTP/2 POST http://ilpp/UnityILPP.PostProcessing/PostProcessAssembly - 200 - application/grpc 5.7303ms
info: Unity.ILPP.Runner.PostProcessingPipeline[0]
      Processing assembly Library/Bee/artifacts/200b0aE.dag/Unity.Pipeline.IlInterpreter.dll, with 137 defines and 295 references
info: Unity.ILPP.Runner.PostProcessingPipeline[0]
      processors: Unity.Jobs.CodeGen.JobsILPostProcessor, Unity.Pipeline.CodeGen.CodeReloadInPlaceILPostProcessor, zzzUnity.Burst.CodeGen.BurstILPostProcessor
info: Unity.ILPP.Runner.PostProcessingPipeline[0]
      running Unity.Jobs.CodeGen.JobsILPostProcessor
info: Unity.ILPP.Runner.PostProcessingPipeline[0]
      running Unity.Pipeline.CodeGen.CodeReloadInPlaceILPostProcessor
info: Unity.ILPP.Runner.PostProcessingPipeline[0]
      running zzzUnity.Burst.CodeGen.BurstILPostProcessor
info: Microsoft.AspNetCore.Routing.EndpointMiddleware[1]
      Executed endpoint 'gRPC - /UnityILPP.PostProcessing/PostProcessAssembly'
info: Microsoft.AspNetCore.Hosting.Diagnostics[2]
      Request finished HTTP/2 POST http://ilpp/UnityILPP.PostProcessing/PostProcessAssembly - 200 - application/grpc 14.6035ms
info: Unity.ILPP.Runner.PostProcessingPipeline[0]
      Processing assembly Library/Bee/artifacts/200b0aE.dag/Unity.InferenceEngine.dll, with 137 defines and 314 references
info: Unity.ILPP.Runner.PostProcessingPipeline[0]
      processors: Unity.Jobs.CodeGen.JobsILPostProcessor, Unity.Pipeline.CodeGen.CodeReloadInPlaceILPostProcessor, zzzUnity.Burst.CodeGen.BurstILPostProcessor
info: Microsoft.AspNetCore.Hosting.Diagnostics[1]
      Request starting HTTP/2 POST http://ilpp/UnityILPP.PostProcessing/PostProcessAssembly - application/grpc -
info: Microsoft.AspNetCore.Routing.EndpointMiddleware[0]
      Executing endpoint 'gRPC - /UnityILPP.PostProcessing/PostProcessAssembly'
info: Unity.ILPP.Runner.PostProcessingPipeline[0]
      running Unity.Jobs.CodeGen.JobsILPostProcessor
info: Unity.ILPP.Runner.PostProcessingPipeline[0]
      Processing assembly Library/Bee/artifacts/200b0aE.dag/Unity.AppUI.Navigation.dll, with 139 defines and 297 references
info: Unity.ILPP.Runner.PostProcessingPipeline[0]
      processors: Unity.Jobs.CodeGen.JobsILPostProcessor, Unity.Pipeline.CodeGen.CodeReloadInPlaceILPostProcessor, zzzUnity.Burst.CodeGen.BurstILPostProcessor
info: Unity.ILPP.Runner.PostProcessingPipeline[0]
      running Unity.Jobs.CodeGen.JobsILPostProcessor
info: Unity.ILPP.Runner.PostProcessingPipeline[0]
      running Unity.Pipeline.CodeGen.CodeReloadInPlaceILPostProcessor
info: Unity.ILPP.Runner.PostProcessingPipeline[0]
      running zzzUnity.Burst.CodeGen.BurstILPostProcessor
info: Microsoft.AspNetCore.Routing.EndpointMiddleware[1]
      Executed endpoint 'gRPC - /UnityILPP.PostProcessing/PostProcessAssembly'
info: Microsoft.AspNetCore.Hosting.Diagnostics[2]
      Request finished HTTP/2 POST http://ilpp/UnityILPP.PostProcessing/PostProcessAssembly - 200 - application/grpc 28.6183ms
info: Microsoft.AspNetCore.Hosting.Diagnostics[1]
      Request starting HTTP/2 POST http://ilpp/UnityILPP.PostProcessing/PostProcessAssembly - application/grpc -
info: Microsoft.AspNetCore.Routing.EndpointMiddleware[0]
      Executing endpoint 'gRPC - /UnityILPP.PostProcessing/PostProcessAssembly'
info: Unity.ILPP.Runner.PostProcessingPipeline[0]
      Processing assembly Library/Bee/artifacts/200b0aE.dag/Unity.InputSystem.dll, with 149 defines and 311 references
info: Unity.ILPP.Runner.PostProcessingPipeline[0]
      processors: Unity.Jobs.CodeGen.JobsILPostProcessor, Unity.Pipeline.CodeGen.CodeReloadInPlaceILPostProcessor, zzzUnity.Burst.CodeGen.BurstILPostProcessor
info: Unity.ILPP.Runner.PostProcessingPipeline[0]
      running Unity.Jobs.CodeGen.JobsILPostProcessor
info: Unity.ILPP.Runner.PostProcessingPipeline[0]
      running Unity.Pipeline.CodeGen.CodeReloadInPlaceILPostProcessor
info: Unity.ILPP.Runner.PostProcessingPipeline[0]
      running zzzUnity.Burst.CodeGen.BurstILPostProcessor
info: Microsoft.AspNetCore.Routing.EndpointMiddleware[1]
      Executed endpoint 'gRPC - /UnityILPP.PostProcessing/PostProcessAssembly'
info: Microsoft.AspNetCore.Hosting.Diagnostics[2]
      Request finished HTTP/2 POST http://ilpp/UnityILPP.PostProcessing/PostProcessAssembly - 200 - application/grpc 4.1134ms
info: Microsoft.AspNetCore.Hosting.Diagnostics[1]
      Request starting HTTP/2 POST http://ilpp/UnityILPP.PostProcessing/PostProcessAssembly - application/grpc -
info: Microsoft.AspNetCore.Routing.EndpointMiddleware[0]
      Executing endpoint 'gRPC - /UnityILPP.PostProcessing/PostProcessAssembly'
info: Unity.ILPP.Runner.PostProcessingPipeline[0]
      Processing assembly Library/Bee/artifacts/200b0aE.dag/Unity.VisualScripting.Core.dll, with 142 defines and 312 references
info: Unity.ILPP.Runner.PostProcessingPipeline[0]
      processors: Unity.Jobs.CodeGen.JobsILPostProcessor, Unity.Pipeline.CodeGen.CodeReloadInPlaceILPostProcessor, zzzUnity.Burst.CodeGen.BurstILPostProcessor
info: Unity.ILPP.Runner.PostProcessingPipeline[0]
      running Unity.Jobs.CodeGen.JobsILPostProcessor
info: Unity.ILPP.Runner.PostProcessingPipeline[0]
      running Unity.Pipeline.CodeGen.CodeReloadInPlaceILPostProcessor
info: Unity.ILPP.Runner.PostProcessingPipeline[0]
      running zzzUnity.Burst.CodeGen.BurstILPostProcessor
info: Microsoft.AspNetCore.Routing.EndpointMiddleware[1]
      Executed endpoint 'gRPC - /UnityILPP.PostProcessing/PostProcessAssembly'
info: Microsoft.AspNetCore.Hosting.Diagnostics[2]
      Request finished HTTP/2 POST http://ilpp/UnityILPP.PostProcessing/PostProcessAssembly - 200 - application/grpc 2.0639ms
info: Microsoft.AspNetCore.Hosting.Diagnostics[1]
      Request starting HTTP/2 POST http://ilpp/UnityILPP.PostProcessing/PostProcessAssembly - application/grpc -
info: Microsoft.AspNetCore.Routing.EndpointMiddleware[0]
      Executing endpoint 'gRPC - /UnityILPP.PostProcessing/PostProcessAssembly'
info: Microsoft.AspNetCore.Hosting.Diagnostics[1]
      Request starting HTTP/2 POST http://ilpp/UnityILPP.PostProcessing/PostProcessAssembly - application/grpc -
info: Microsoft.AspNetCore.Routing.EndpointMiddleware[0]
      Executing endpoint 'gRPC - /UnityILPP.PostProcessing/PostProcessAssembly'
info: Unity.ILPP.Runner.PostProcessingPipeline[0]
      Processing assembly Library/Bee/artifacts/200b0aE.dag/MotionCore.Vehicle.Core.dll, with 137 defines and 312 references
info: Unity.ILPP.Runner.PostProcessingPipeline[0]
      processors: Unity.Jobs.CodeGen.JobsILPostProcessor, Unity.Pipeline.CodeGen.CodeReloadInPlaceILPostProcessor, zzzUnity.Burst.CodeGen.BurstILPostProcessor
info: Unity.ILPP.Runner.PostProcessingPipeline[0]
      running Unity.Jobs.CodeGen.JobsILPostProcessor
info: Unity.ILPP.Runner.PostProcessingPipeline[0]
      running Unity.Pipeline.CodeGen.CodeReloadInPlaceILPostProcessor
info: Unity.ILPP.Runner.PostProcessingPipeline[0]
      running zzzUnity.Burst.CodeGen.BurstILPostProcessor
info: Microsoft.AspNetCore.Routing.EndpointMiddleware[1]
      Executed endpoint 'gRPC - /UnityILPP.PostProcessing/PostProcessAssembly'
info: Microsoft.AspNetCore.Hosting.Diagnostics[2]
      Request finished HTTP/2 POST http://ilpp/UnityILPP.PostProcessing/PostProcessAssembly - 200 - application/grpc 1.8697ms
info: Unity.ILPP.Runner.PostProcessingPipeline[0]
      running Unity.Pipeline.CodeGen.CodeReloadInPlaceILPostProcessor
info: Unity.ILPP.Runner.PostProcessingPipeline[0]
      running zzzUnity.Burst.CodeGen.BurstILPostProcessor
info: Unity.ILPP.Runner.PostProcessingPipeline[0]
      Processing assembly Library/Bee/artifacts/200b0aE.dag/Unity.RenderPipelines.Universal.Shaders.dll, with 137 defines and 311 references
info: Unity.ILPP.Runner.PostProcessingPipeline[0]
      processors: Unity.Jobs.CodeGen.JobsILPostProcessor, Unity.Pipeline.CodeGen.CodeReloadInPlaceILPostProcessor, zzzUnity.Burst.CodeGen.BurstILPostProcessor
info: Unity.ILPP.Runner.PostProcessingPipeline[0]
      running Unity.Jobs.CodeGen.JobsILPostProcessor
info: Unity.ILPP.Runner.PostProcessingPipeline[0]
      running Unity.Pipeline.CodeGen.CodeReloadInPlaceILPostProcessor
info: Unity.ILPP.Runner.PostProcessingPipeline[0]
      running zzzUnity.Burst.CodeGen.BurstILPostProcessor
info: Microsoft.AspNetCore.Routing.EndpointMiddleware[1]
      Executed endpoint 'gRPC - /UnityILPP.PostProcessing/PostProcessAssembly'
info: Microsoft.AspNetCore.Hosting.Diagnostics[2]
      Request finished HTTP/2 POST http://ilpp/UnityILPP.PostProcessing/PostProcessAssembly - 200 - application/grpc 25.3824ms
info: Microsoft.AspNetCore.Hosting.Diagnostics[1]
      Request starting HTTP/2 POST http://ilpp/UnityILPP.PostProcessing/PostProcessAssembly - application/grpc -
info: Microsoft.AspNetCore.Routing.EndpointMiddleware[0]
      Executing endpoint 'gRPC - /UnityILPP.PostProcessing/PostProcessAssembly'
info: Unity.ILPP.Runner.PostProcessingPipeline[0]
      Processing assembly Library/Bee/artifacts/200b0aE.dag/Unity.AI.MCP.Runtime.dll, with 137 defines and 311 references
info: Unity.ILPP.Runner.PostProcessingPipeline[0]
      processors: Unity.Jobs.CodeGen.JobsILPostProcessor, Unity.Pipeline.CodeGen.CodeReloadInPlaceILPostProcessor, zzzUnity.Burst.CodeGen.BurstILPostProcessor
info: Unity.ILPP.Runner.PostProcessingPipeline[0]
      running Unity.Jobs.CodeGen.JobsILPostProcessor
info: Unity.ILPP.Runner.PostProcessingPipeline[0]
      running Unity.Pipeline.CodeGen.CodeReloadInPlaceILPostProcessor
info: Unity.ILPP.Runner.PostProcessingPipeline[0]
      running zzzUnity.Burst.CodeGen.BurstILPostProcessor
info: Microsoft.AspNetCore.Routing.EndpointMiddleware[1]
      Executed endpoint 'gRPC - /UnityILPP.PostProcessing/PostProcessAssembly'
info: Microsoft.AspNetCore.Hosting.Diagnostics[2]
      Request finished HTTP/2 POST http://ilpp/UnityILPP.PostProcessing/PostProcessAssembly - 200 - application/grpc 2.1300ms
info: Microsoft.AspNetCore.Hosting.Diagnostics[1]
      Request starting HTTP/2 POST http://ilpp/UnityILPP.PostProcessing/PostProcessAssembly - application/grpc -
info: Microsoft.AspNetCore.Routing.EndpointMiddleware[0]
      Executing endpoint 'gRPC - /UnityILPP.PostProcessing/PostProcessAssembly'
info: Unity.ILPP.Runner.PostProcessingPipeline[0]
      Processing assembly Library/Bee/artifacts/200b0aE.dag/Unity.AI.Animate.Motion.Runtime.dll, with 137 defines and 295 references
info: Unity.ILPP.Runner.PostProcessingPipeline[0]
      processors: Unity.Jobs.CodeGen.JobsILPostProcessor, Unity.Pipeline.CodeGen.CodeReloadInPlaceILPostProcessor, zzzUnity.Burst.CodeGen.BurstILPostProcessor
info: Unity.ILPP.Runner.PostProcessingPipeline[0]
      running Unity.Jobs.CodeGen.JobsILPostProcessor
info: Unity.ILPP.Runner.PostProcessingPipeline[0]
      running Unity.Pipeline.CodeGen.CodeReloadInPlaceILPostProcessor
info: Unity.ILPP.Runner.PostProcessingPipeline[0]
      running zzzUnity.Burst.CodeGen.BurstILPostProcessor
info: Microsoft.AspNetCore.Routing.EndpointMiddleware[1]
      Executed endpoint 'gRPC - /UnityILPP.PostProcessing/PostProcessAssembly'
info: Microsoft.AspNetCore.Hosting.Diagnostics[2]
      Request finished HTTP/2 POST http://ilpp/UnityILPP.PostProcessing/PostProcessAssembly - 200 - application/grpc 3.5070ms
info: Microsoft.AspNetCore.Hosting.Diagnostics[1]
      Request starting HTTP/2 POST http://ilpp/UnityILPP.PostProcessing/PostProcessAssembly - application/grpc -
info: Microsoft.AspNetCore.Hosting.Diagnostics[1]
      Request starting HTTP/2 POST http://ilpp/UnityILPP.PostProcessing/PostProcessAssembly - application/grpc -
info: Microsoft.AspNetCore.Routing.EndpointMiddleware[0]
      Executing endpoint 'gRPC - /UnityILPP.PostProcessing/PostProcessAssembly'
info: Microsoft.AspNetCore.Routing.EndpointMiddleware[0]
      Executing endpoint 'gRPC - /UnityILPP.PostProcessing/PostProcessAssembly'
info: Microsoft.AspNetCore.Hosting.Diagnostics[1]
      Request starting HTTP/2 POST http://ilpp/UnityILPP.PostProcessing/PostProcessAssembly - application/grpc -
info: Microsoft.AspNetCore.Routing.EndpointMiddleware[0]
      Executing endpoint 'gRPC - /UnityILPP.PostProcessing/PostProcessAssembly'
info: Unity.ILPP.Runner.PostProcessingPipeline[0]
      Processing assembly Library/Bee/artifacts/200b0aE.dag/Unity.AI.Assistant.Editor.dll, with 135 defines and 310 references
info: Unity.ILPP.Runner.PostProcessingPipeline[0]
      processors: Unity.Jobs.CodeGen.JobsILPostProcessor, Unity.Pipeline.CodeGen.CodeReloadInPlaceILPostProcessor, zzzUnity.Burst.CodeGen.BurstILPostProcessor
info: Unity.ILPP.Runner.PostProcessingPipeline[0]
      Processing assembly Library/Bee/artifacts/200b0aE.dag/Unity.AI.Toolkit.Accounts.dll, with 135 defines and 322 references
info: Unity.ILPP.Runner.PostProcessingPipeline[0]
      processors: Unity.Jobs.CodeGen.JobsILPostProcessor, Unity.Pipeline.CodeGen.CodeReloadInPlaceILPostProcessor, zzzUnity.Burst.CodeGen.BurstILPostProcessor
info: Unity.ILPP.Runner.PostProcessingPipeline[0]
      running Unity.Jobs.CodeGen.JobsILPostProcessor
info: Unity.ILPP.Runner.PostProcessingPipeline[0]
      running Unity.Pipeline.CodeGen.CodeReloadInPlaceILPostProcessor
info: Unity.ILPP.Runner.PostProcessingPipeline[0]
      running zzzUnity.Burst.CodeGen.BurstILPostProcessor
info: Unity.ILPP.Runner.PostProcessingPipeline[0]
      running Unity.Jobs.CodeGen.JobsILPostProcessor
info: Unity.ILPP.Runner.PostProcessingPipeline[0]
      running Unity.Pipeline.CodeGen.CodeReloadInPlaceILPostProcessor
info: Unity.ILPP.Runner.PostProcessingPipeline[0]
      running zzzUnity.Burst.CodeGen.BurstILPostProcessor
info: Microsoft.AspNetCore.Routing.EndpointMiddleware[1]
      Executed endpoint 'gRPC - /UnityILPP.PostProcessing/PostProcessAssembly'
info: Microsoft.AspNetCore.Hosting.Diagnostics[2]
      Request finished HTTP/2 POST http://ilpp/UnityILPP.PostProcessing/PostProcessAssembly - 200 - application/grpc 17.2321ms
info: Microsoft.AspNetCore.Routing.EndpointMiddleware[1]
      Executed endpoint 'gRPC - /UnityILPP.PostProcessing/PostProcessAssembly'
info: Microsoft.AspNetCore.Hosting.Diagnostics[2]
      Request finished HTTP/2 POST http://ilpp/UnityILPP.PostProcessing/PostProcessAssembly - 200 - application/grpc 17.5622ms
info: Unity.ILPP.Runner.PostProcessingPipeline[0]
      Processing assembly Library/Bee/artifacts/200b0aE.dag/Unity.AI.Assistant.AssetGenerators.Editor.dll, with 135 defines and 305 references
info: Unity.ILPP.Runner.PostProcessingPipeline[0]
      processors: Unity.Jobs.CodeGen.JobsILPostProcessor, Unity.Pipeline.CodeGen.CodeReloadInPlaceILPostProcessor, zzzUnity.Burst.CodeGen.BurstILPostProcessor
info: Microsoft.AspNetCore.Hosting.Diagnostics[1]
      Request starting HTTP/2 POST http://ilpp/UnityILPP.PostProcessing/PostProcessAssembly - application/grpc -
info: Microsoft.AspNetCore.Routing.EndpointMiddleware[0]
      Executing endpoint 'gRPC - /UnityILPP.PostProcessing/PostProcessAssembly'
info: Unity.ILPP.Runner.PostProcessingPipeline[0]
      running Unity.Jobs.CodeGen.JobsILPostProcessor
info: Unity.ILPP.Runner.PostProcessingPipeline[0]
      running Unity.Pipeline.CodeGen.CodeReloadInPlaceILPostProcessor
info: Unity.ILPP.Runner.PostProcessingPipeline[0]
      running zzzUnity.Burst.CodeGen.BurstILPostProcessor
info: Microsoft.AspNetCore.Routing.EndpointMiddleware[1]
      Executed endpoint 'gRPC - /UnityILPP.PostProcessing/PostProcessAssembly'
info: Microsoft.AspNetCore.Hosting.Diagnostics[2]
      Request finished HTTP/2 POST http://ilpp/UnityILPP.PostProcessing/PostProcessAssembly - 200 - application/grpc 33.9996ms
info: Microsoft.AspNetCore.Hosting.Diagnostics[1]
      Request starting HTTP/2 POST http://ilpp/UnityILPP.PostProcessing/PostProcessAssembly - application/grpc -
info: Microsoft.AspNetCore.Routing.EndpointMiddleware[0]
      Executing endpoint 'gRPC - /UnityILPP.PostProcessing/PostProcessAssembly'
info: Unity.ILPP.Runner.PostProcessingPipeline[0]
      Processing assembly Library/Bee/artifacts/200b0aE.dag/Unity.InferenceEngine.Microsoft.Msagl.dll, with 135 defines and 320 references
info: Unity.ILPP.Runner.PostProcessingPipeline[0]
      processors: Unity.Jobs.CodeGen.JobsILPostProcessor, Unity.Pipeline.CodeGen.CodeReloadInPlaceILPostProcessor, zzzUnity.Burst.CodeGen.BurstILPostProcessor
info: Unity.ILPP.Runner.PostProcessingPipeline[0]
      running Unity.Jobs.CodeGen.JobsILPostProcessor
info: Unity.ILPP.Runner.PostProcessingPipeline[0]
      running Unity.Pipeline.CodeGen.CodeReloadInPlaceILPostProcessor
info: Unity.ILPP.Runner.PostProcessingPipeline[0]
      running zzzUnity.Burst.CodeGen.BurstILPostProcessor
info: Microsoft.AspNetCore.Routing.EndpointMiddleware[1]
      Executed endpoint 'gRPC - /UnityILPP.PostProcessing/PostProcessAssembly'
info: Microsoft.AspNetCore.Hosting.Diagnostics[2]
      Request finished HTTP/2 POST http://ilpp/UnityILPP.PostProcessing/PostProcessAssembly - 200 - application/grpc 22.9191ms
info: Unity.ILPP.Runner.PostProcessingPipeline[0]
      Processing assembly Library/Bee/artifacts/200b0aE.dag/Unity.Searcher.Editor.dll, with 135 defines and 320 references
info: Unity.ILPP.Runner.PostProcessingPipeline[0]
      processors: Unity.Jobs.CodeGen.JobsILPostProcessor, Unity.Pipeline.CodeGen.CodeReloadInPlaceILPostProcessor, zzzUnity.Burst.CodeGen.BurstILPostProcessor
info: Unity.ILPP.Runner.PostProcessingPipeline[0]
      running Unity.Jobs.CodeGen.JobsILPostProcessor
info: Unity.ILPP.Runner.PostProcessingPipeline[0]
      running Unity.Pipeline.CodeGen.CodeReloadInPlaceILPostProcessor
info: Unity.ILPP.Runner.PostProcessingPipeline[0]
      running zzzUnity.Burst.CodeGen.BurstILPostProcessor
info: Microsoft.AspNetCore.Routing.EndpointMiddleware[1]
      Executed endpoint 'gRPC - /UnityILPP.PostProcessing/PostProcessAssembly'
info: Microsoft.AspNetCore.Hosting.Diagnostics[2]
      Request finished HTTP/2 POST http://ilpp/UnityILPP.PostProcessing/PostProcessAssembly - 200 - application/grpc 19.8941ms
info: Microsoft.AspNetCore.Hosting.Diagnostics[1]
      Request starting HTTP/2 POST http://ilpp/UnityILPP.PostProcessing/PostProcessAssembly - application/grpc -
info: Microsoft.AspNetCore.Hosting.Diagnostics[1]
      Request starting HTTP/2 POST http://ilpp/UnityILPP.PostProcessing/PostProcessAssembly - application/grpc -
info: Microsoft.AspNetCore.Routing.EndpointMiddleware[0]
      Executing endpoint 'gRPC - /UnityILPP.PostProcessing/PostProcessAssembly'
info: Microsoft.AspNetCore.Routing.EndpointMiddleware[0]
      Executing endpoint 'gRPC - /UnityILPP.PostProcessing/PostProcessAssembly'
info: Microsoft.AspNetCore.Hosting.Diagnostics[1]
      Request starting HTTP/2 POST http://ilpp/UnityILPP.PostProcessing/PostProcessAssembly - application/grpc -
info: Microsoft.AspNetCore.Routing.EndpointMiddleware[0]
      Executing endpoint 'gRPC - /UnityILPP.PostProcessing/PostProcessAssembly'
info: Microsoft.AspNetCore.Hosting.Diagnostics[1]
      Request starting HTTP/2 POST http://ilpp/UnityILPP.PostProcessing/PostProcessAssembly - application/grpc -
info: Microsoft.AspNetCore.Routing.EndpointMiddleware[0]
      Executing endpoint 'gRPC - /UnityILPP.PostProcessing/PostProcessAssembly'
info: Microsoft.AspNetCore.Hosting.Diagnostics[1]
      Request starting HTTP/2 POST http://ilpp/UnityILPP.PostProcessing/PostProcessAssembly - application/grpc -
info: Microsoft.AspNetCore.Routing.EndpointMiddleware[0]
      Executing endpoint 'gRPC - /UnityILPP.PostProcessing/PostProcessAssembly'
info: Unity.ILPP.Runner.PostProcessingPipeline[0]
      Processing assembly Library/Bee/artifacts/200b0aE.dag/Unity.AI.Navigation.Editor.ConversionSystem.dll, with 135 defines and 320 references
info: Unity.ILPP.Runner.PostProcessingPipeline[0]
      processors: Unity.Jobs.CodeGen.JobsILPostProcessor, Unity.Pipeline.CodeGen.CodeReloadInPlaceILPostProcessor, zzzUnity.Burst.CodeGen.BurstILPostProcessor
info: Unity.ILPP.Runner.PostProcessingPipeline[0]
      running Unity.Jobs.CodeGen.JobsILPostProcessor
info: Unity.ILPP.Runner.PostProcessingPipeline[0]
      running Unity.Pipeline.CodeGen.CodeReloadInPlaceILPostProcessor
info: Unity.ILPP.Runner.PostProcessingPipeline[0]
      running zzzUnity.Burst.CodeGen.BurstILPostProcessor
info: Unity.ILPP.Runner.PostProcessingPipeline[0]
      Processing assembly Library/Bee/artifacts/200b0aE.dag/Unity.AI.Sound.dll, with 135 defines and 336 references
info: Unity.ILPP.Runner.PostProcessingPipeline[0]
      processors: Unity.Jobs.CodeGen.JobsILPostProcessor, Unity.Pipeline.CodeGen.CodeReloadInPlaceILPostProcessor, zzzUnity.Burst.CodeGen.BurstILPostProcessor
info: Microsoft.AspNetCore.Routing.EndpointMiddleware[1]
      Executed endpoint 'gRPC - /UnityILPP.PostProcessing/PostProcessAssembly'
info: Microsoft.AspNetCore.Hosting.Diagnostics[2]
      Request finished HTTP/2 POST http://ilpp/UnityILPP.PostProcessing/PostProcessAssembly - 200 - application/grpc 483.6670ms
info: Unity.ILPP.Runner.PostProcessingPipeline[0]
      running Unity.Jobs.CodeGen.JobsILPostProcessor
info: Unity.ILPP.Runner.PostProcessingPipeline[0]
      running Unity.Pipeline.CodeGen.CodeReloadInPlaceILPostProcessor
info: Unity.ILPP.Runner.PostProcessingPipeline[0]
      running zzzUnity.Burst.CodeGen.BurstILPostProcessor
info: Unity.ILPP.Runner.PostProcessingPipeline[0]
      Processing assembly Library/Bee/artifacts/200b0aE.dag/Unity.AppUI.Redux.Editor.dll, with 139 defines and 304 references
info: Unity.ILPP.Runner.PostProcessingPipeline[0]
      processors: Unity.Jobs.CodeGen.JobsILPostProcessor, Unity.Pipeline.CodeGen.CodeReloadInPlaceILPostProcessor, zzzUnity.Burst.CodeGen.BurstILPostProcessor
info: Unity.ILPP.Runner.PostProcessingPipeline[0]
      running Unity.Jobs.CodeGen.JobsILPostProcessor
info: Unity.ILPP.Runner.PostProcessingPipeline[0]
      running Unity.Pipeline.CodeGen.CodeReloadInPlaceILPostProcessor
info: Unity.ILPP.Runner.PostProcessingPipeline[0]
      running zzzUnity.Burst.CodeGen.BurstILPostProcessor
info: Unity.ILPP.Runner.PostProcessingPipeline[0]
      Processing assembly Library/Bee/artifacts/200b0aE.dag/Unity.AI.Toolkit.GenerationContextMenu.dll, with 135 defines and 321 references
info: Unity.ILPP.Runner.PostProcessingPipeline[0]
      processors: Unity.Jobs.CodeGen.JobsILPostProcessor, Unity.Pipeline.CodeGen.CodeReloadInPlaceILPostProcessor, zzzUnity.Burst.CodeGen.BurstILPostProcessor
info: Unity.ILPP.Runner.PostProcessingPipeline[0]
      running Unity.Jobs.CodeGen.JobsILPostProcessor
info: Unity.ILPP.Runner.PostProcessingPipeline[0]
      running Unity.Pipeline.CodeGen.CodeReloadInPlaceILPostProcessor
info: Unity.ILPP.Runner.PostProcessingPipeline[0]
      running zzzUnity.Burst.CodeGen.BurstILPostProcessor
info: Microsoft.AspNetCore.Routing.EndpointMiddleware[1]
      Executed endpoint 'gRPC - /UnityILPP.PostProcessing/PostProcessAssembly'
info: Microsoft.AspNetCore.Hosting.Diagnostics[2]
      Request finished HTTP/2 POST http://ilpp/UnityILPP.PostProcessing/PostProcessAssembly - 200 - application/grpc 4.3827ms
info: Unity.ILPP.Runner.PostProcessingPipeline[0]
      Processing assembly Library/Bee/artifacts/200b0aE.dag/Unity.AI.Assistant.Annotations.Editor.dll, with 135 defines and 320 references
info: Unity.ILPP.Runner.PostProcessingPipeline[0]
      processors: Unity.Jobs.CodeGen.JobsILPostProcessor, Unity.Pipeline.CodeGen.CodeReloadInPlaceILPostProcessor, zzzUnity.Burst.CodeGen.BurstILPostProcessor
info: Microsoft.AspNetCore.Routing.EndpointMiddleware[1]
      Executed endpoint 'gRPC - /UnityILPP.PostProcessing/PostProcessAssembly'
info: Microsoft.AspNetCore.Hosting.Diagnostics[2]
      Request finished HTTP/2 POST http://ilpp/UnityILPP.PostProcessing/PostProcessAssembly - 200 - application/grpc 14.7645ms
info: Microsoft.AspNetCore.Routing.EndpointMiddleware[1]
      Executed endpoint 'gRPC - /UnityILPP.PostProcessing/PostProcessAssembly'
info: Microsoft.AspNetCore.Hosting.Diagnostics[2]
      Request finished HTTP/2 POST http://ilpp/UnityILPP.PostProcessing/PostProcessAssembly - 200 - application/grpc 14.9947ms
info: Microsoft.AspNetCore.Routing.EndpointMiddleware[1]
      Executed endpoint 'gRPC - /UnityILPP.PostProcessing/PostProcessAssembly'
info: Microsoft.AspNetCore.Hosting.Diagnostics[2]
      Request finished HTTP/2 POST http://ilpp/UnityILPP.PostProcessing/PostProcessAssembly - 200 - application/grpc 14.9220ms
info: Unity.ILPP.Runner.PostProcessingPipeline[0]
      running Unity.Jobs.CodeGen.JobsILPostProcessor
info: Unity.ILPP.Runner.PostProcessingPipeline[0]
      running Unity.Pipeline.CodeGen.CodeReloadInPlaceILPostProcessor
info: Unity.ILPP.Runner.PostProcessingPipeline[0]
      running zzzUnity.Burst.CodeGen.BurstILPostProcessor
info: Microsoft.AspNetCore.Routing.EndpointMiddleware[1]
      Executed endpoint 'gRPC - /UnityILPP.PostProcessing/PostProcessAssembly'
info: Microsoft.AspNetCore.Hosting.Diagnostics[2]
      Request finished HTTP/2 POST http://ilpp/UnityILPP.PostProcessing/PostProcessAssembly - 200 - application/grpc 17.7372ms
info: Unity.ILPP.Runner.PostProcessingPipeline[0]
      running Unity.Pipeline.CodeGen.CodeReloadInPlaceILPostProcessor
info: Unity.ILPP.Runner.PostProcessingPipeline[0]
      running zzzUnity.Burst.CodeGen.BurstILPostProcessor
info: Microsoft.AspNetCore.Hosting.Diagnostics[1]
      Request starting HTTP/2 POST http://ilpp/UnityILPP.PostProcessing/PostProcessAssembly - application/grpc -
info: Microsoft.AspNetCore.Hosting.Diagnostics[1]
      Request starting HTTP/2 POST http://ilpp/UnityILPP.PostProcessing/PostProcessAssembly - application/grpc -
info: Microsoft.AspNetCore.Hosting.Diagnostics[1]
      Request starting HTTP/2 POST http://ilpp/UnityILPP.PostProcessing/PostProcessAssembly - application/grpc -
info: Microsoft.AspNetCore.Routing.EndpointMiddleware[0]
      Executing endpoint 'gRPC - /UnityILPP.PostProcessing/PostProcessAssembly'
info: Microsoft.AspNetCore.Routing.EndpointMiddleware[0]
      Executing endpoint 'gRPC - /UnityILPP.PostProcessing/PostProcessAssembly'
info: Microsoft.AspNetCore.Routing.EndpointMiddleware[0]
      Executing endpoint 'gRPC - /UnityILPP.PostProcessing/PostProcessAssembly'
info: Microsoft.AspNetCore.Hosting.Diagnostics[1]
      Request starting HTTP/2 POST http://ilpp/UnityILPP.PostProcessing/PostProcessAssembly - application/grpc -
info: Microsoft.AspNetCore.Routing.EndpointMiddleware[0]
      Executing endpoint 'gRPC - /UnityILPP.PostProcessing/PostProcessAssembly'
info: Unity.ILPP.Runner.PostProcessingPipeline[0]
      Processing assembly Library/Bee/artifacts/200b0aE.dag/Unity.AI.Assistant.UI.Editor.dll, with 135 defines and 313 references
info: Unity.ILPP.Runner.PostProcessingPipeline[0]
      processors: Unity.Jobs.CodeGen.JobsILPostProcessor, Unity.Pipeline.CodeGen.CodeReloadInPlaceILPostProcessor, zzzUnity.Burst.CodeGen.BurstILPostProcessor
info: Unity.ILPP.Runner.PostProcessingPipeline[0]
      Processing assembly Library/Bee/artifacts/200b0aE.dag/Unity.AI.Toolkit.GenerationObjectPicker.dll, with 136 defines and 323 references
info: Unity.ILPP.Runner.PostProcessingPipeline[0]
      processors: Unity.Jobs.CodeGen.JobsILPostProcessor, Unity.Pipeline.CodeGen.CodeReloadInPlaceILPostProcessor, zzzUnity.Burst.CodeGen.BurstILPostProcessor
info: Unity.ILPP.Runner.PostProcessingPipeline[0]
      Processing assembly Library/Bee/artifacts/200b0aE.dag/Unity.AI.Generators.Tools.dll, with 135 defines and 333 references
info: Unity.ILPP.Runner.PostProcessingPipeline[0]
      processors: Unity.Jobs.CodeGen.JobsILPostProcessor, Unity.Pipeline.CodeGen.CodeReloadInPlaceILPostProcessor, zzzUnity.Burst.CodeGen.BurstILPostProcessor
info: Unity.ILPP.Runner.PostProcessingPipeline[0]
      running Unity.Jobs.CodeGen.JobsILPostProcessor
info: Unity.ILPP.Runner.PostProcessingPipeline[0]
      running Unity.Jobs.CodeGen.JobsILPostProcessor
info: Unity.ILPP.Runner.PostProcessingPipeline[0]
      running Unity.Pipeline.CodeGen.CodeReloadInPlaceILPostProcessor
info: Unity.ILPP.Runner.PostProcessingPipeline[0]
      running Unity.Pipeline.CodeGen.CodeReloadInPlaceILPostProcessor
info: Unity.ILPP.Runner.PostProcessingPipeline[0]
      running zzzUnity.Burst.CodeGen.BurstILPostProcessor
info: Unity.ILPP.Runner.PostProcessingPipeline[0]
      running zzzUnity.Burst.CodeGen.BurstILPostProcessor
info: Unity.ILPP.Runner.PostProcessingPipeline[0]
      running Unity.Jobs.CodeGen.JobsILPostProcessor
info: Unity.ILPP.Runner.PostProcessingPipeline[0]
      running Unity.Pipeline.CodeGen.CodeReloadInPlaceILPostProcessor
info: Unity.ILPP.Runner.PostProcessingPipeline[0]
      running zzzUnity.Burst.CodeGen.BurstILPostProcessor
info: Microsoft.AspNetCore.Routing.EndpointMiddleware[1]
      Executed endpoint 'gRPC - /UnityILPP.PostProcessing/PostProcessAssembly'
info: Microsoft.AspNetCore.Routing.EndpointMiddleware[1]
      Executed endpoint 'gRPC - /UnityILPP.PostProcessing/PostProcessAssembly'
info: Microsoft.AspNetCore.Hosting.Diagnostics[2]
      Request finished HTTP/2 POST http://ilpp/UnityILPP.PostProcessing/PostProcessAssembly - 200 - application/grpc 3.5254ms
info: Microsoft.AspNetCore.Hosting.Diagnostics[2]
      Request finished HTTP/2 POST http://ilpp/UnityILPP.PostProcessing/PostProcessAssembly - 200 - application/grpc 3.5254ms
info: Microsoft.AspNetCore.Routing.EndpointMiddleware[1]
      Executed endpoint 'gRPC - /UnityILPP.PostProcessing/PostProcessAssembly'
info: Microsoft.AspNetCore.Hosting.Diagnostics[2]
      Request finished HTTP/2 POST http://ilpp/UnityILPP.PostProcessing/PostProcessAssembly - 200 - application/grpc 3.5820ms
info: Unity.ILPP.Runner.PostProcessingPipeline[0]
      Processing assembly Library/Bee/artifacts/200b0aE.dag/Unity.Pipeline.Editor.dll, with 135 defines and 323 references
info: Unity.ILPP.Runner.PostProcessingPipeline[0]
      processors: Unity.Jobs.CodeGen.JobsILPostProcessor, Unity.Pipeline.CodeGen.CodeReloadInPlaceILPostProcessor, zzzUnity.Burst.CodeGen.BurstILPostProcessor
info: Unity.ILPP.Runner.PostProcessingPipeline[0]
      running Unity.Jobs.CodeGen.JobsILPostProcessor
info: Unity.ILPP.Runner.PostProcessingPipeline[0]
      running Unity.Pipeline.CodeGen.CodeReloadInPlaceILPostProcessor
info: Unity.ILPP.Runner.PostProcessingPipeline[0]
      running zzzUnity.Burst.CodeGen.BurstILPostProcessor
info: Microsoft.AspNetCore.Routing.EndpointMiddleware[1]
      Executed endpoint 'gRPC - /UnityILPP.PostProcessing/PostProcessAssembly'
info: Microsoft.AspNetCore.Hosting.Diagnostics[2]
      Request finished HTTP/2 POST http://ilpp/UnityILPP.PostProcessing/PostProcessAssembly - 200 - application/grpc 64.1728ms
info: Microsoft.AspNetCore.Hosting.Diagnostics[1]
      Request starting HTTP/2 POST http://ilpp/UnityILPP.PostProcessing/PostProcessAssembly - application/grpc -
info: Microsoft.AspNetCore.Routing.EndpointMiddleware[0]
      Executing endpoint 'gRPC - /UnityILPP.PostProcessing/PostProcessAssembly'
info: Unity.ILPP.Runner.PostProcessingPipeline[0]
      Processing assembly Library/Bee/artifacts/200b0aE.dag/Unity.InternalAPIEditorBridge.ShaderGraph.Editor.dll, with 135 defines and 320 references
info: Unity.ILPP.Runner.PostProcessingPipeline[0]
      processors: Unity.Jobs.CodeGen.JobsILPostProcessor, Unity.Pipeline.CodeGen.CodeReloadInPlaceILPostProcessor, zzzUnity.Burst.CodeGen.BurstILPostProcessor
info: Unity.ILPP.Runner.PostProcessingPipeline[0]
      running Unity.Jobs.CodeGen.JobsILPostProcessor
info: Unity.ILPP.Runner.PostProcessingPipeline[0]
      running Unity.Pipeline.CodeGen.CodeReloadInPlaceILPostProcessor
info: Unity.ILPP.Runner.PostProcessingPipeline[0]
      running zzzUnity.Burst.CodeGen.BurstILPostProcessor
info: Microsoft.AspNetCore.Routing.EndpointMiddleware[1]
      Executed endpoint 'gRPC - /UnityILPP.PostProcessing/PostProcessAssembly'
info: Microsoft.AspNetCore.Hosting.Diagnostics[2]
      Request finished HTTP/2 POST http://ilpp/UnityILPP.PostProcessing/PostProcessAssembly - 200 - application/grpc 2.4935ms
info: Microsoft.AspNetCore.Hosting.Diagnostics[1]
      Request starting HTTP/2 POST http://ilpp/UnityILPP.PostProcessing/PostProcessAssembly - application/grpc -
info: Microsoft.AspNetCore.Routing.EndpointMiddleware[0]
      Executing endpoint 'gRPC - /UnityILPP.PostProcessing/PostProcessAssembly'
info: Microsoft.AspNetCore.Routing.EndpointMiddleware[1]
      Executed endpoint 'gRPC - /UnityILPP.PostProcessing/PostProcessAssembly'
info: Microsoft.AspNetCore.Hosting.Diagnostics[2]
      Request finished HTTP/2 POST http://ilpp/UnityILPP.PostProcessing/PostProcessAssembly - 200 - application/grpc 660.2809ms
info: Unity.ILPP.Runner.PostProcessingPipeline[0]
      Processing assembly Library/Bee/artifacts/200b0aE.dag/Unity.ShaderGraph.Editor.dll, with 135 defines and 325 references
info: Unity.ILPP.Runner.PostProcessingPipeline[0]
      processors: Unity.Jobs.CodeGen.JobsILPostProcessor, Unity.Pipeline.CodeGen.CodeReloadInPlaceILPostProcessor, zzzUnity.Burst.CodeGen.BurstILPostProcessor
info: Unity.ILPP.Runner.PostProcessingPipeline[0]
      running Unity.Jobs.CodeGen.JobsILPostProcessor
info: Unity.ILPP.Runner.PostProcessingPipeline[0]
      running Unity.Pipeline.CodeGen.CodeReloadInPlaceILPostProcessor
info: Unity.ILPP.Runner.PostProcessingPipeline[0]
      running zzzUnity.Burst.CodeGen.BurstILPostProcessor
info: Microsoft.AspNetCore.Routing.EndpointMiddleware[1]
      Executed endpoint 'gRPC - /UnityILPP.PostProcessing/PostProcessAssembly'
info: Microsoft.AspNetCore.Hosting.Diagnostics[2]
      Request finished HTTP/2 POST http://ilpp/UnityILPP.PostProcessing/PostProcessAssembly - 200 - application/grpc 6.5540ms
info: Microsoft.AspNetCore.Hosting.Diagnostics[1]
      Request starting HTTP/2 POST http://ilpp/UnityILPP.PostProcessing/PostProcessAssembly - application/grpc -
info: Microsoft.AspNetCore.Routing.EndpointMiddleware[0]
      Executing endpoint 'gRPC - /UnityILPP.PostProcessing/PostProcessAssembly'
info: Unity.ILPP.Runner.PostProcessingPipeline[0]
      Processing assembly Library/Bee/artifacts/200b0aE.dag/Unity.VisualScripting.SettingsProvider.Editor.dll, with 135 defines and 325 references
info: Unity.ILPP.Runner.PostProcessingPipeline[0]
      processors: Unity.Jobs.CodeGen.JobsILPostProcessor, Unity.Pipeline.CodeGen.CodeReloadInPlaceILPostProcessor, zzzUnity.Burst.CodeGen.BurstILPostProcessor
info: Unity.ILPP.Runner.PostProcessingPipeline[0]
      running Unity.Jobs.CodeGen.JobsILPostProcessor
info: Unity.ILPP.Runner.PostProcessingPipeline[0]
      running Unity.Pipeline.CodeGen.CodeReloadInPlaceILPostProcessor
info: Unity.ILPP.Runner.PostProcessingPipeline[0]
      running zzzUnity.Burst.CodeGen.BurstILPostProcessor
info: Microsoft.AspNetCore.Routing.EndpointMiddleware[1]
      Executed endpoint 'gRPC - /UnityILPP.PostProcessing/PostProcessAssembly'
info: Microsoft.AspNetCore.Hosting.Diagnostics[2]
      Request finished HTTP/2 POST http://ilpp/UnityILPP.PostProcessing/PostProcessAssembly - 200 - application/grpc 2.1050ms
info: Microsoft.AspNetCore.Hosting.Diagnostics[1]
      Request starting HTTP/2 POST http://ilpp/UnityILPP.PostProcessing/PostProcessAssembly - application/grpc -
info: Microsoft.AspNetCore.Routing.EndpointMiddleware[0]
      Executing endpoint 'gRPC - /UnityILPP.PostProcessing/PostProcessAssembly'
info: Unity.ILPP.Runner.PostProcessingPipeline[0]
      Processing assembly Library/Bee/artifacts/200b0aE.dag/Unity.VisualScripting.Flow.Editor.dll, with 137 defines and 324 references
info: Unity.ILPP.Runner.PostProcessingPipeline[0]
      processors: Unity.Jobs.CodeGen.JobsILPostProcessor, Unity.Pipeline.CodeGen.CodeReloadInPlaceILPostProcessor, zzzUnity.Burst.CodeGen.BurstILPostProcessor
info: Unity.ILPP.Runner.PostProcessingPipeline[0]
      running Unity.Jobs.CodeGen.JobsILPostProcessor
info: Unity.ILPP.Runner.PostProcessingPipeline[0]
      running Unity.Pipeline.CodeGen.CodeReloadInPlaceILPostProcessor
info: Unity.ILPP.Runner.PostProcessingPipeline[0]
      running zzzUnity.Burst.CodeGen.BurstILPostProcessor
info: Microsoft.AspNetCore.Hosting.Diagnostics[1]
      Request starting HTTP/2 POST http://ilpp/UnityILPP.PostProcessing/PostProcessAssembly - application/grpc -
info: Microsoft.AspNetCore.Routing.EndpointMiddleware[0]
      Executing endpoint 'gRPC - /UnityILPP.PostProcessing/PostProcessAssembly'
info: Microsoft.AspNetCore.Routing.EndpointMiddleware[1]
      Executed endpoint 'gRPC - /UnityILPP.PostProcessing/PostProcessAssembly'
info: Microsoft.AspNetCore.Hosting.Diagnostics[2]
      Request finished HTTP/2 POST http://ilpp/UnityILPP.PostProcessing/PostProcessAssembly - 200 - application/grpc 2.9211ms
info: Unity.ILPP.Runner.PostProcessingPipeline[0]
      Processing assembly Library/Bee/artifacts/200b0aE.dag/Unity.AI.Navigation.Editor.dll, with 136 defines and 322 references
info: Unity.ILPP.Runner.PostProcessingPipeline[0]
      processors: Unity.Jobs.CodeGen.JobsILPostProcessor, Unity.Pipeline.CodeGen.CodeReloadInPlaceILPostProcessor, zzzUnity.Burst.CodeGen.BurstILPostProcessor
info: Unity.ILPP.Runner.PostProcessingPipeline[0]
      running Unity.Jobs.CodeGen.JobsILPostProcessor
info: Unity.ILPP.Runner.PostProcessingPipeline[0]
      running Unity.Pipeline.CodeGen.CodeReloadInPlaceILPostProcessor
info: Unity.ILPP.Runner.PostProcessingPipeline[0]
      running zzzUnity.Burst.CodeGen.BurstILPostProcessor
info: Microsoft.AspNetCore.Routing.EndpointMiddleware[1]
      Executed endpoint 'gRPC - /UnityILPP.PostProcessing/PostProcessAssembly'
info: Microsoft.AspNetCore.Hosting.Diagnostics[2]
      Request finished HTTP/2 POST http://ilpp/UnityILPP.PostProcessing/PostProcessAssembly - 200 - application/grpc 2.7114ms
info: Microsoft.AspNetCore.Hosting.Diagnostics[1]
      Request starting HTTP/2 POST http://ilpp/UnityILPP.PostProcessing/PostProcessAssembly - application/grpc -
info: Microsoft.AspNetCore.Routing.EndpointMiddleware[0]
      Executing endpoint 'gRPC - /UnityILPP.PostProcessing/PostProcessAssembly'
info: Unity.ILPP.Runner.PostProcessingPipeline[0]
      Processing assembly Library/Bee/artifacts/200b0aE.dag/Unity.TextMeshPro.Editor.dll, with 135 defines and 322 references
info: Unity.ILPP.Runner.PostProcessingPipeline[0]
      processors: Unity.Jobs.CodeGen.JobsILPostProcessor, Unity.Pipeline.CodeGen.CodeReloadInPlaceILPostProcessor, zzzUnity.Burst.CodeGen.BurstILPostProcessor
info: Unity.ILPP.Runner.PostProcessingPipeline[0]
      running Unity.Jobs.CodeGen.JobsILPostProcessor
info: Unity.ILPP.Runner.PostProcessingPipeline[0]
      running Unity.Pipeline.CodeGen.CodeReloadInPlaceILPostProcessor
info: Unity.ILPP.Runner.PostProcessingPipeline[0]
      running zzzUnity.Burst.CodeGen.BurstILPostProcessor
info: Microsoft.AspNetCore.Routing.EndpointMiddleware[1]
      Executed endpoint 'gRPC - /UnityILPP.PostProcessing/PostProcessAssembly'
info: Microsoft.AspNetCore.Hosting.Diagnostics[2]
      Request finished HTTP/2 POST http://ilpp/UnityILPP.PostProcessing/PostProcessAssembly - 200 - application/grpc 2.1383ms
info: Microsoft.AspNetCore.Hosting.Diagnostics[1]
      Request starting HTTP/2 POST http://ilpp/UnityILPP.PostProcessing/PostProcessAssembly - application/grpc -
info: Microsoft.AspNetCore.Routing.EndpointMiddleware[0]
      Executing endpoint 'gRPC - /UnityILPP.PostProcessing/PostProcessAssembly'
info: Microsoft.AspNetCore.Hosting.Diagnostics[1]
      Request starting HTTP/2 POST http://ilpp/UnityILPP.PostProcessing/PostProcessAssembly - application/grpc -
info: Microsoft.AspNetCore.Hosting.Diagnostics[1]
      Request starting HTTP/2 POST http://ilpp/UnityILPP.PostProcessing/PostProcessAssembly - application/grpc -
info: Microsoft.AspNetCore.Routing.EndpointMiddleware[0]
      Executing endpoint 'gRPC - /UnityILPP.PostProcessing/PostProcessAssembly'
info: Microsoft.AspNetCore.Routing.EndpointMiddleware[0]
      Executing endpoint 'gRPC - /UnityILPP.PostProcessing/PostProcessAssembly'
info: Unity.ILPP.Runner.PostProcessingPipeline[0]
      Processing assembly Library/Bee/artifacts/200b0aE.dag/Unity.AI.Generators.IO.Srp.dll, with 135 defines and 320 references
info: Unity.ILPP.Runner.PostProcessingPipeline[0]
      processors: Unity.Jobs.CodeGen.JobsILPostProcessor, Unity.Pipeline.CodeGen.CodeReloadInPlaceILPostProcessor, zzzUnity.Burst.CodeGen.BurstILPostProcessor
info: Unity.ILPP.Runner.PostProcessingPipeline[0]
      running Unity.Jobs.CodeGen.JobsILPostProcessor
info: Unity.ILPP.Runner.PostProcessingPipeline[0]
      running Unity.Pipeline.CodeGen.CodeReloadInPlaceILPostProcessor
info: Unity.ILPP.Runner.PostProcessingPipeline[0]
      running zzzUnity.Burst.CodeGen.BurstILPostProcessor
info: Microsoft.AspNetCore.Routing.EndpointMiddleware[1]
      Executed endpoint 'gRPC - /UnityILPP.PostProcessing/PostProcessAssembly'
info: Microsoft.AspNetCore.Hosting.Diagnostics[2]
      Request finished HTTP/2 POST http://ilpp/UnityILPP.PostProcessing/PostProcessAssembly - 200 - application/grpc 7.1693ms
info: Unity.ILPP.Runner.PostProcessingPipeline[0]
      Processing assembly Library/Bee/artifacts/200b0aE.dag/Unity.PathTracing.Editor.dll, with 136 defines and 324 references
info: Unity.ILPP.Runner.PostProcessingPipeline[0]
      processors: Unity.Jobs.CodeGen.JobsILPostProcessor, Unity.Pipeline.CodeGen.CodeReloadInPlaceILPostProcessor, zzzUnity.Burst.CodeGen.BurstILPostProcessor
info: Unity.ILPP.Runner.PostProcessingPipeline[0]
      running Unity.Jobs.CodeGen.JobsILPostProcessor
info: Unity.ILPP.Runner.PostProcessingPipeline[0]
      running Unity.Pipeline.CodeGen.CodeReloadInPlaceILPostProcessor
info: Unity.ILPP.Runner.PostProcessingPipeline[0]
      running zzzUnity.Burst.CodeGen.BurstILPostProcessor
info: Microsoft.AspNetCore.Routing.EndpointMiddleware[1]
      Executed endpoint 'gRPC - /UnityILPP.PostProcessing/PostProcessAssembly'
info: Microsoft.AspNetCore.Hosting.Diagnostics[2]
      Request finished HTTP/2 POST http://ilpp/UnityILPP.PostProcessing/PostProcessAssembly - 200 - application/grpc 3.9421ms
info: Unity.ILPP.Runner.PostProcessingPipeline[0]
      Processing assembly Library/Bee/artifacts/200b0aE.dag/Unity.Multiplayer.Center.Editor.dll, with 135 defines and 321 references
info: Unity.ILPP.Runner.PostProcessingPipeline[0]
      processors: Unity.Jobs.CodeGen.JobsILPostProcessor, Unity.Pipeline.CodeGen.CodeReloadInPlaceILPostProcessor, zzzUnity.Burst.CodeGen.BurstILPostProcessor
info: Unity.ILPP.Runner.PostProcessingPipeline[0]
      running Unity.Jobs.CodeGen.JobsILPostProcessor
info: Unity.ILPP.Runner.PostProcessingPipeline[0]
      running Unity.Pipeline.CodeGen.CodeReloadInPlaceILPostProcessor
info: Unity.ILPP.Runner.PostProcessingPipeline[0]
      running zzzUnity.Burst.CodeGen.BurstILPostProcessor
info: Microsoft.AspNetCore.Routing.EndpointMiddleware[1]
      Executed endpoint 'gRPC - /UnityILPP.PostProcessing/PostProcessAssembly'
info: Microsoft.AspNetCore.Hosting.Diagnostics[2]
      Request finished HTTP/2 POST http://ilpp/UnityILPP.PostProcessing/PostProcessAssembly - 200 - application/grpc 7.8810ms
info: Microsoft.AspNetCore.Hosting.Diagnostics[1]
      Request starting HTTP/2 POST http://ilpp/UnityILPP.PostProcessing/PostProcessAssembly - application/grpc -
info: Microsoft.AspNetCore.Routing.EndpointMiddleware[0]
      Executing endpoint 'gRPC - /UnityILPP.PostProcessing/PostProcessAssembly'
info: Unity.ILPP.Runner.PostProcessingPipeline[0]
      Processing assembly Library/Bee/artifacts/200b0aE.dag/Unity.VisualScripting.Shared.Editor.dll, with 135 defines and 326 references
info: Unity.ILPP.Runner.PostProcessingPipeline[0]
      processors: Unity.Jobs.CodeGen.JobsILPostProcessor, Unity.Pipeline.CodeGen.CodeReloadInPlaceILPostProcessor, zzzUnity.Burst.CodeGen.BurstILPostProcessor
info: Unity.ILPP.Runner.PostProcessingPipeline[0]
      running Unity.Jobs.CodeGen.JobsILPostProcessor
info: Unity.ILPP.Runner.PostProcessingPipeline[0]
      running Unity.Pipeline.CodeGen.CodeReloadInPlaceILPostProcessor
info: Unity.ILPP.Runner.PostProcessingPipeline[0]
      running zzzUnity.Burst.CodeGen.BurstILPostProcessor
info: Microsoft.AspNetCore.Routing.EndpointMiddleware[1]
      Executed endpoint 'gRPC - /UnityILPP.PostProcessing/PostProcessAssembly'
info: Microsoft.AspNetCore.Hosting.Diagnostics[2]
      Request finished HTTP/2 POST http://ilpp/UnityILPP.PostProcessing/PostProcessAssembly - 200 - application/grpc 24.3271ms
info: Microsoft.AspNetCore.Hosting.Diagnostics[1]
      Request starting HTTP/2 POST http://ilpp/UnityILPP.PostProcessing/PostProcessAssembly - application/grpc -
info: Microsoft.AspNetCore.Hosting.Diagnostics[1]
      Request starting HTTP/2 POST http://ilpp/UnityILPP.PostProcessing/PostProcessAssembly - application/grpc -
info: Microsoft.AspNetCore.Hosting.Diagnostics[1]
      Request starting HTTP/2 POST http://ilpp/UnityILPP.PostProcessing/PostProcessAssembly - application/grpc -
info: Microsoft.AspNetCore.Routing.EndpointMiddleware[0]
      Executing endpoint 'gRPC - /UnityILPP.PostProcessing/PostProcessAssembly'
info: Microsoft.AspNetCore.Routing.EndpointMiddleware[0]
      Executing endpoint 'gRPC - /UnityILPP.PostProcessing/PostProcessAssembly'
info: Microsoft.AspNetCore.Hosting.Diagnostics[1]
      Request starting HTTP/2 POST http://ilpp/UnityILPP.PostProcessing/PostProcessAssembly - application/grpc -
info: Microsoft.AspNetCore.Hosting.Diagnostics[1]
      Request starting HTTP/2 POST http://ilpp/UnityILPP.PostProcessing/PostProcessAssembly - application/grpc -
info: Microsoft.AspNetCore.Routing.EndpointMiddleware[0]
      Executing endpoint 'gRPC - /UnityILPP.PostProcessing/PostProcessAssembly'
info: Microsoft.AspNetCore.Routing.EndpointMiddleware[0]
      Executing endpoint 'gRPC - /UnityILPP.PostProcessing/PostProcessAssembly'
info: Microsoft.AspNetCore.Hosting.Diagnostics[1]
      Request starting HTTP/2 POST http://ilpp/UnityILPP.PostProcessing/PostProcessAssembly - application/grpc -
info: Microsoft.AspNetCore.Routing.EndpointMiddleware[0]
      Executing endpoint 'gRPC - /UnityILPP.PostProcessing/PostProcessAssembly'
info: Microsoft.AspNetCore.Routing.EndpointMiddleware[0]
      Executing endpoint 'gRPC - /UnityILPP.PostProcessing/PostProcessAssembly'
info: Microsoft.AspNetCore.Hosting.Diagnostics[1]
      Request starting HTTP/2 POST http://ilpp/UnityILPP.PostProcessing/PostProcessAssembly - application/grpc -
info: Microsoft.AspNetCore.Routing.EndpointMiddleware[0]
      Executing endpoint 'gRPC - /UnityILPP.PostProcessing/PostProcessAssembly'
info: Unity.ILPP.Runner.PostProcessingPipeline[0]
      Processing assembly Library/Bee/artifacts/200b0aE.dag/Unity.RenderPipelines.Core.Editor.dll, with 138 defines and 329 references
info: Unity.ILPP.Runner.PostProcessingPipeline[0]
      processors: Unity.Jobs.CodeGen.JobsILPostProcessor, Unity.Pipeline.CodeGen.CodeReloadInPlaceILPostProcessor, zzzUnity.Burst.CodeGen.BurstILPostProcessor
info: Unity.ILPP.Runner.PostProcessingPipeline[0]
      running Unity.Jobs.CodeGen.JobsILPostProcessor
info: Unity.ILPP.Runner.PostProcessingPipeline[0]
      Processing assembly Library/Bee/artifacts/200b0aE.dag/Unity.VisualScripting.Core.Editor.dll, with 135 defines and 321 references
info: Unity.ILPP.Runner.PostProcessingPipeline[0]
      processors: Unity.Jobs.CodeGen.JobsILPostProcessor, Unity.Pipeline.CodeGen.CodeReloadInPlaceILPostProcessor, zzzUnity.Burst.CodeGen.BurstILPostProcessor
info: Unity.ILPP.Runner.PostProcessingPipeline[0]
      running Unity.Jobs.CodeGen.JobsILPostProcessor
info: Unity.ILPP.Runner.PostProcessingPipeline[0]
      running Unity.Pipeline.CodeGen.CodeReloadInPlaceILPostProcessor
info: Unity.ILPP.Runner.PostProcessingPipeline[0]
      running zzzUnity.Burst.CodeGen.BurstILPostProcessor
info: Microsoft.AspNetCore.Routing.EndpointMiddleware[1]
      Executed endpoint 'gRPC - /UnityILPP.PostProcessing/PostProcessAssembly'
info: Unity.ILPP.Runner.PostProcessingPipeline[0]
      Processing assembly Library/Bee/artifacts/200b0aE.dag/MotionCore.Vehicle.Core.Editor.dll, with 135 defines and 321 references
info: Unity.ILPP.Runner.PostProcessingPipeline[0]
      processors: Unity.Jobs.CodeGen.JobsILPostProcessor, Unity.Pipeline.CodeGen.CodeReloadInPlaceILPostProcessor, zzzUnity.Burst.CodeGen.BurstILPostProcessor
info: Microsoft.AspNetCore.Hosting.Diagnostics[2]
      Request finished HTTP/2 POST http://ilpp/UnityILPP.PostProcessing/PostProcessAssembly - 200 - application/grpc 9.3880ms
info: Unity.ILPP.Runner.PostProcessingPipeline[0]
      running Unity.Jobs.CodeGen.JobsILPostProcessor
info: Unity.ILPP.Runner.PostProcessingPipeline[0]
      running Unity.Pipeline.CodeGen.CodeReloadInPlaceILPostProcessor
info: Unity.ILPP.Runner.PostProcessingPipeline[0]
      running zzzUnity.Burst.CodeGen.BurstILPostProcessor
info: Microsoft.AspNetCore.Routing.EndpointMiddleware[1]
      Executed endpoint 'gRPC - /UnityILPP.PostProcessing/PostProcessAssembly'
info: Microsoft.AspNetCore.Hosting.Diagnostics[2]
      Request finished HTTP/2 POST http://ilpp/UnityILPP.PostProcessing/PostProcessAssembly - 200 - application/grpc 10.0350ms
info: Unity.ILPP.Runner.PostProcessingPipeline[0]
      Processing assembly Library/Bee/artifacts/200b0aE.dag/Unity.AI.Toolkit.Async.dll, with 135 defines and 320 references
info: Unity.ILPP.Runner.PostProcessingPipeline[0]
      processors: Unity.Jobs.CodeGen.JobsILPostProcessor, Unity.Pipeline.CodeGen.CodeReloadInPlaceILPostProcessor, zzzUnity.Burst.CodeGen.BurstILPostProcessor
info: Unity.ILPP.Runner.PostProcessingPipeline[0]
      running Unity.Jobs.CodeGen.JobsILPostProcessor
info: Unity.ILPP.Runner.PostProcessingPipeline[0]
      running Unity.Pipeline.CodeGen.CodeReloadInPlaceILPostProcessor
info: Unity.ILPP.Runner.PostProcessingPipeline[0]
      running zzzUnity.Burst.CodeGen.BurstILPostProcessor
info: Microsoft.AspNetCore.Routing.EndpointMiddleware[1]
      Executed endpoint 'gRPC - /UnityILPP.PostProcessing/PostProcessAssembly'
info: Microsoft.AspNetCore.Hosting.Diagnostics[2]
      Request finished HTTP/2 POST http://ilpp/UnityILPP.PostProcessing/PostProcessAssembly - 200 - application/grpc 10.5687ms
info: Unity.ILPP.Runner.PostProcessingPipeline[0]
      Processing assembly Library/Bee/artifacts/200b0aE.dag/Unity.AI.Generators.Sdk.dll, with 135 defines and 324 references
info: Unity.ILPP.Runner.PostProcessingPipeline[0]
      processors: Unity.Jobs.CodeGen.JobsILPostProcessor, Unity.Pipeline.CodeGen.CodeReloadInPlaceILPostProcessor, zzzUnity.Burst.CodeGen.BurstILPostProcessor
info: Unity.ILPP.Runner.PostProcessingPipeline[0]
      Processing assembly Library/Bee/artifacts/200b0aE.dag/Unity.AI.Toolkit.Utility.dll, with 135 defines and 320 references
info: Unity.ILPP.Runner.PostProcessingPipeline[0]
      processors: Unity.Jobs.CodeGen.JobsILPostProcessor, Unity.Pipeline.CodeGen.CodeReloadInPlaceILPostProcessor, zzzUnity.Burst.CodeGen.BurstILPostProcessor
info: Unity.ILPP.Runner.PostProcessingPipeline[0]
      running Unity.Jobs.CodeGen.JobsILPostProcessor
info: Unity.ILPP.Runner.PostProcessingPipeline[0]
      running Unity.Pipeline.CodeGen.CodeReloadInPlaceILPostProcessor
info: Unity.ILPP.Runner.PostProcessingPipeline[0]
      Processing assembly Library/Bee/artifacts/200b0aE.dag/Unity.Timeline.Editor.dll, with 136 defines and 321 references
info: Unity.ILPP.Runner.PostProcessingPipeline[0]
      processors: Unity.Jobs.CodeGen.JobsILPostProcessor, Unity.Pipeline.CodeGen.CodeReloadInPlaceILPostProcessor, zzzUnity.Burst.CodeGen.BurstILPostProcessor
info: Unity.ILPP.Runner.PostProcessingPipeline[0]
      running zzzUnity.Burst.CodeGen.BurstILPostProcessor
info: Unity.ILPP.Runner.PostProcessingPipeline[0]
      running Unity.Jobs.CodeGen.JobsILPostProcessor
info: Unity.ILPP.Runner.PostProcessingPipeline[0]
      running Unity.Pipeline.CodeGen.CodeReloadInPlaceILPostProcessor
info: Unity.ILPP.Runner.PostProcessingPipeline[0]
      running zzzUnity.Burst.CodeGen.BurstILPostProcessor
info: Unity.ILPP.Runner.PostProcessingPipeline[0]
      running Unity.Jobs.CodeGen.JobsILPostProcessor
info: Unity.ILPP.Runner.PostProcessingPipeline[0]
      running Unity.Pipeline.CodeGen.CodeReloadInPlaceILPostProcessor
info: Unity.ILPP.Runner.PostProcessingPipeline[0]
      running zzzUnity.Burst.CodeGen.BurstILPostProcessor
info: Microsoft.AspNetCore.Routing.EndpointMiddleware[1]
      Executed endpoint 'gRPC - /UnityILPP.PostProcessing/PostProcessAssembly'
info: Microsoft.AspNetCore.Routing.EndpointMiddleware[1]
      Executed endpoint 'gRPC - /UnityILPP.PostProcessing/PostProcessAssembly'
info: Microsoft.AspNetCore.Routing.EndpointMiddleware[1]
      Executed endpoint 'gRPC - /UnityILPP.PostProcessing/PostProcessAssembly'
info: Microsoft.AspNetCore.Hosting.Diagnostics[2]
      Request finished HTTP/2 POST http://ilpp/UnityILPP.PostProcessing/PostProcessAssembly - 200 - application/grpc 4.8676ms
info: Microsoft.AspNetCore.Hosting.Diagnostics[2]
      Request finished HTTP/2 POST http://ilpp/UnityILPP.PostProcessing/PostProcessAssembly - 200 - application/grpc 12.2150ms
info: Microsoft.AspNetCore.Hosting.Diagnostics[2]
      Request finished HTTP/2 POST http://ilpp/UnityILPP.PostProcessing/PostProcessAssembly - 200 - application/grpc 12.1285ms
info: Unity.ILPP.Runner.PostProcessingPipeline[0]
      running Unity.Pipeline.CodeGen.CodeReloadInPlaceILPostProcessor
info: Unity.ILPP.Runner.PostProcessingPipeline[0]
      running zzzUnity.Burst.CodeGen.BurstILPostProcessor
info: Microsoft.AspNetCore.Routing.EndpointMiddleware[1]
      Executed endpoint 'gRPC - /UnityILPP.PostProcessing/PostProcessAssembly'
info: Microsoft.AspNetCore.Hosting.Diagnostics[2]
      Request finished HTTP/2 POST http://ilpp/UnityILPP.PostProcessing/PostProcessAssembly - 200 - application/grpc 103.0416ms
info: Microsoft.AspNetCore.Hosting.Diagnostics[1]
      Request starting HTTP/2 POST http://ilpp/UnityILPP.PostProcessing/PostProcessAssembly - application/grpc -
info: Microsoft.AspNetCore.Routing.EndpointMiddleware[0]
      Executing endpoint 'gRPC - /UnityILPP.PostProcessing/PostProcessAssembly'
info: Unity.ILPP.Runner.PostProcessingPipeline[0]
      Processing assembly Library/Bee/artifacts/200b0aE.dag/LastSignal.Runtime.dll, with 137 defines and 315 references
info: Unity.ILPP.Runner.PostProcessingPipeline[0]
      processors: Unity.Jobs.CodeGen.JobsILPostProcessor, Unity.Pipeline.CodeGen.CodeReloadInPlaceILPostProcessor, zzzUnity.Burst.CodeGen.BurstILPostProcessor
info: Unity.ILPP.Runner.PostProcessingPipeline[0]
      running Unity.Jobs.CodeGen.JobsILPostProcessor
info: Microsoft.AspNetCore.Hosting.Diagnostics[1]
      Request starting HTTP/2 POST http://ilpp/UnityILPP.PostProcessing/PostProcessAssembly - application/grpc -
info: Microsoft.AspNetCore.Hosting.Diagnostics[1]
      Request starting HTTP/2 POST http://ilpp/UnityILPP.PostProcessing/PostProcessAssembly - application/grpc -
info: Microsoft.AspNetCore.Routing.EndpointMiddleware[0]
      Executing endpoint 'gRPC - /UnityILPP.PostProcessing/PostProcessAssembly'
info: Microsoft.AspNetCore.Routing.EndpointMiddleware[0]
      Executing endpoint 'gRPC - /UnityILPP.PostProcessing/PostProcessAssembly'
info: Microsoft.AspNetCore.Hosting.Diagnostics[1]
      Request starting HTTP/2 POST http://ilpp/UnityILPP.PostProcessing/PostProcessAssembly - application/grpc -
info: Microsoft.AspNetCore.Hosting.Diagnostics[1]
      Request starting HTTP/2 POST http://ilpp/UnityILPP.PostProcessing/PostProcessAssembly - application/grpc -
info: Microsoft.AspNetCore.Hosting.Diagnostics[1]
      Request starting HTTP/2 POST http://ilpp/UnityILPP.PostProcessing/PostProcessAssembly - application/grpc -
info: Microsoft.AspNetCore.Routing.EndpointMiddleware[0]
      Executing endpoint 'gRPC - /UnityILPP.PostProcessing/PostProcessAssembly'
info: Microsoft.AspNetCore.Routing.EndpointMiddleware[0]
      Executing endpoint 'gRPC - /UnityILPP.PostProcessing/PostProcessAssembly'
info: Microsoft.AspNetCore.Routing.EndpointMiddleware[0]
      Executing endpoint 'gRPC - /UnityILPP.PostProcessing/PostProcessAssembly'
info: Unity.ILPP.Runner.PostProcessingPipeline[0]
      running Unity.Pipeline.CodeGen.CodeReloadInPlaceILPostProcessor
info: Unity.ILPP.Runner.PostProcessingPipeline[0]
      running zzzUnity.Burst.CodeGen.BurstILPostProcessor
info: Microsoft.AspNetCore.Hosting.Diagnostics[1]
      Request starting HTTP/2 POST http://ilpp/UnityILPP.PostProcessing/PostProcessAssembly - application/grpc -
info: Microsoft.AspNetCore.Routing.EndpointMiddleware[0]
      Executing endpoint 'gRPC - /UnityILPP.PostProcessing/PostProcessAssembly'
info: Microsoft.AspNetCore.Routing.EndpointMiddleware[1]
      Executed endpoint 'gRPC - /UnityILPP.PostProcessing/PostProcessAssembly'
info: Microsoft.AspNetCore.Hosting.Diagnostics[2]
      Request finished HTTP/2 POST http://ilpp/UnityILPP.PostProcessing/PostProcessAssembly - 200 - application/grpc 73.6258ms
info: Microsoft.AspNetCore.Hosting.Diagnostics[1]
      Request starting HTTP/2 POST http://ilpp/UnityILPP.PostProcessing/PostProcessAssembly - application/grpc -
info: Unity.ILPP.Runner.PostProcessingPipeline[0]
      Processing assembly Library/Bee/artifacts/200b0aE.dag/Unity.PerformanceTesting.Editor.dll, with 136 defines and 300 references
info: Unity.ILPP.Runner.PostProcessingPipeline[0]
      processors: Unity.Jobs.CodeGen.JobsILPostProcessor, Unity.Pipeline.CodeGen.CodeReloadInPlaceILPostProcessor, zzzUnity.Burst.CodeGen.BurstILPostProcessor
info: Microsoft.AspNetCore.Routing.EndpointMiddleware[0]
      Executing endpoint 'gRPC - /UnityILPP.PostProcessing/PostProcessAssembly'
info: Unity.ILPP.Runner.PostProcessingPipeline[0]
      running Unity.Jobs.CodeGen.JobsILPostProcessor
info: Unity.ILPP.Runner.PostProcessingPipeline[0]
      running Unity.Pipeline.CodeGen.CodeReloadInPlaceILPostProcessor
info: Unity.ILPP.Runner.PostProcessingPipeline[0]
      running zzzUnity.Burst.CodeGen.BurstILPostProcessor
info: Microsoft.AspNetCore.Routing.EndpointMiddleware[1]
      Executed endpoint 'gRPC - /UnityILPP.PostProcessing/PostProcessAssembly'
info: Microsoft.AspNetCore.Hosting.Diagnostics[2]
      Request finished HTTP/2 POST http://ilpp/UnityILPP.PostProcessing/PostProcessAssembly - 200 - application/grpc 57.3825ms
info: Unity.ILPP.Runner.PostProcessingPipeline[0]
      Processing assembly Library/Bee/artifacts/200b0aE.dag/Unity.AI.Assistant.Bridge.Editor.dll, with 136 defines and 320 references
info: Unity.ILPP.Runner.PostProcessingPipeline[0]
      processors: Unity.Jobs.CodeGen.JobsILPostProcessor, Unity.Pipeline.CodeGen.CodeReloadInPlaceILPostProcessor, zzzUnity.Burst.CodeGen.BurstILPostProcessor
info: Unity.ILPP.Runner.PostProcessingPipeline[0]
      running Unity.Jobs.CodeGen.JobsILPostProcessor
info: Unity.ILPP.Runner.PostProcessingPipeline[0]
      running Unity.Pipeline.CodeGen.CodeReloadInPlaceILPostProcessor
info: Unity.ILPP.Runner.PostProcessingPipeline[0]
      running zzzUnity.Burst.CodeGen.BurstILPostProcessor
info: Microsoft.AspNetCore.Routing.EndpointMiddleware[1]
      Executed endpoint 'gRPC - /UnityILPP.PostProcessing/PostProcessAssembly'
info: Unity.ILPP.Runner.PostProcessingPipeline[0]
      Processing assembly Library/Bee/artifacts/200b0aE.dag/LastSignal.MotionCore.dll, with 137 defines and 313 references
info: Unity.ILPP.Runner.PostProcessingPipeline[0]
      Processing assembly Library/Bee/artifacts/200b0aE.dag/Unity.AI.Generators.UI.AIDropdownIntegrations.dll, with 135 defines and 323 references
info: Microsoft.AspNetCore.Hosting.Diagnostics[2]
      Request finished HTTP/2 POST http://ilpp/UnityILPP.PostProcessing/PostProcessAssembly - 200 - application/grpc 67.7777ms
info: Unity.ILPP.Runner.PostProcessingPipeline[0]
      processors: Unity.Jobs.CodeGen.JobsILPostProcessor, Unity.Pipeline.CodeGen.CodeReloadInPlaceILPostProcessor, zzzUnity.Burst.CodeGen.BurstILPostProcessor
info: Unity.ILPP.Runner.PostProcessingPipeline[0]
      processors: Unity.Jobs.CodeGen.JobsILPostProcessor, Unity.Pipeline.CodeGen.CodeReloadInPlaceILPostProcessor, zzzUnity.Burst.CodeGen.BurstILPostProcessor
info: Unity.ILPP.Runner.PostProcessingPipeline[0]
      running Unity.Jobs.CodeGen.JobsILPostProcessor
info: Unity.ILPP.Runner.PostProcessingPipeline[0]
      running Unity.Jobs.CodeGen.JobsILPostProcessor
info: Unity.ILPP.Runner.PostProcessingPipeline[0]
      running Unity.Pipeline.CodeGen.CodeReloadInPlaceILPostProcessor
info: Unity.ILPP.Runner.PostProcessingPipeline[0]
      running Unity.Pipeline.CodeGen.CodeReloadInPlaceILPostProcessor
info: Unity.ILPP.Runner.PostProcessingPipeline[0]
      running zzzUnity.Burst.CodeGen.BurstILPostProcessor
info: Unity.ILPP.Runner.PostProcessingPipeline[0]
      running zzzUnity.Burst.CodeGen.BurstILPostProcessor
info: Microsoft.AspNetCore.Routing.EndpointMiddleware[1]
      Executed endpoint 'gRPC - /UnityILPP.PostProcessing/PostProcessAssembly'
info: Unity.ILPP.Runner.PostProcessingPipeline[0]
      Processing assembly Library/Bee/artifacts/200b0aE.dag/Unity.AI.Mesh.dll, with 135 defines and 334 references
info: Unity.ILPP.Runner.PostProcessingPipeline[0]
      Processing assembly Library/Bee/artifacts/200b0aE.dag/Unity.AI.Navigation.Updater.dll, with 135 defines and 323 references
info: Unity.ILPP.Runner.PostProcessingPipeline[0]
      processors: Unity.Jobs.CodeGen.JobsILPostProcessor, Unity.Pipeline.CodeGen.CodeReloadInPlaceILPostProcessor, zzzUnity.Burst.CodeGen.BurstILPostProcessor
info: Microsoft.AspNetCore.Routing.EndpointMiddleware[1]
      Executed endpoint 'gRPC - /UnityILPP.PostProcessing/PostProcessAssembly'
info: Unity.ILPP.Runner.PostProcessingPipeline[0]
      processors: Unity.Jobs.CodeGen.JobsILPostProcessor, Unity.Pipeline.CodeGen.CodeReloadInPlaceILPostProcessor, zzzUnity.Burst.CodeGen.BurstILPostProcessor
info: Microsoft.AspNetCore.Hosting.Diagnostics[2]
      Request finished HTTP/2 POST http://ilpp/UnityILPP.PostProcessing/PostProcessAssembly - 200 - application/grpc 54.9934ms
info: Microsoft.AspNetCore.Hosting.Diagnostics[2]
      Request finished HTTP/2 POST http://ilpp/UnityILPP.PostProcessing/PostProcessAssembly - 200 - application/grpc 56.7783ms
info: Unity.ILPP.Runner.PostProcessingPipeline[0]
      running Unity.Jobs.CodeGen.JobsILPostProcessor
info: Unity.ILPP.Runner.PostProcessingPipeline[0]
      running Unity.Pipeline.CodeGen.CodeReloadInPlaceILPostProcessor
info: Unity.ILPP.Runner.PostProcessingPipeline[0]
      running zzzUnity.Burst.CodeGen.BurstILPostProcessor
info: Unity.ILPP.Runner.PostProcessingPipeline[0]
      running Unity.Jobs.CodeGen.JobsILPostProcessor
info: Unity.ILPP.Runner.PostProcessingPipeline[0]
      running Unity.Pipeline.CodeGen.CodeReloadInPlaceILPostProcessor
info: Unity.ILPP.Runner.PostProcessingPipeline[0]
      running zzzUnity.Burst.CodeGen.BurstILPostProcessor
info: Microsoft.AspNetCore.Routing.EndpointMiddleware[1]
      Executed endpoint 'gRPC - /UnityILPP.PostProcessing/PostProcessAssembly'
info: Microsoft.AspNetCore.Hosting.Diagnostics[2]
      Request finished HTTP/2 POST http://ilpp/UnityILPP.PostProcessing/PostProcessAssembly - 200 - application/grpc 66.9500ms
info: Microsoft.AspNetCore.Routing.EndpointMiddleware[1]
      Executed endpoint 'gRPC - /UnityILPP.PostProcessing/PostProcessAssembly'
info: Microsoft.AspNetCore.Hosting.Diagnostics[2]
      Request finished HTTP/2 POST http://ilpp/UnityILPP.PostProcessing/PostProcessAssembly - 200 - application/grpc 67.1238ms
info: Unity.ILPP.Runner.PostProcessingPipeline[0]
      Processing assembly Library/Bee/artifacts/200b0aE.dag/Unity.InferenceEngine.ONNX.Editor.dll, with 135 defines and 300 references
info: Unity.ILPP.Runner.PostProcessingPipeline[0]
      processors: Unity.Jobs.CodeGen.JobsILPostProcessor, Unity.Pipeline.CodeGen.CodeReloadInPlaceILPostProcessor, zzzUnity.Burst.CodeGen.BurstILPostProcessor
info: Unity.ILPP.Runner.PostProcessingPipeline[0]
      running Unity.Jobs.CodeGen.JobsILPostProcessor
info: Unity.ILPP.Runner.PostProcessingPipeline[0]
      running Unity.Pipeline.CodeGen.CodeReloadInPlaceILPostProcessor
info: Unity.ILPP.Runner.PostProcessingPipeline[0]
      running zzzUnity.Burst.CodeGen.BurstILPostProcessor
info: Microsoft.AspNetCore.Routing.EndpointMiddleware[1]
      Executed endpoint 'gRPC - /UnityILPP.PostProcessing/PostProcessAssembly'
info: Microsoft.AspNetCore.Hosting.Diagnostics[2]
      Request finished HTTP/2 POST http://ilpp/UnityILPP.PostProcessing/PostProcessAssembly - 200 - application/grpc 70.4547ms
info: Microsoft.AspNetCore.Hosting.Diagnostics[1]
      Request starting HTTP/2 POST http://ilpp/UnityILPP.PostProcessing/PostProcessAssembly - application/grpc -
info: Microsoft.AspNetCore.Routing.EndpointMiddleware[0]
      Executing endpoint 'gRPC - /UnityILPP.PostProcessing/PostProcessAssembly'
info: Unity.ILPP.Runner.PostProcessingPipeline[0]
      Processing assembly Library/Bee/artifacts/200b0aE.dag/LastSignal.VehicleAuthoring.dll, with 135 defines and 323 references
info: Unity.ILPP.Runner.PostProcessingPipeline[0]
      processors: Unity.Jobs.CodeGen.JobsILPostProcessor, Unity.Pipeline.CodeGen.CodeReloadInPlaceILPostProcessor, zzzUnity.Burst.CodeGen.BurstILPostProcessor
info: Unity.ILPP.Runner.PostProcessingPipeline[0]
      running Unity.Jobs.CodeGen.JobsILPostProcessor
info: Unity.ILPP.Runner.PostProcessingPipeline[0]
      running Unity.Pipeline.CodeGen.CodeReloadInPlaceILPostProcessor
info: Unity.ILPP.Runner.PostProcessingPipeline[0]
      running zzzUnity.Burst.CodeGen.BurstILPostProcessor
info: Microsoft.AspNetCore.Routing.EndpointMiddleware[1]
      Executed endpoint 'gRPC - /UnityILPP.PostProcessing/PostProcessAssembly'
info: Microsoft.AspNetCore.Hosting.Diagnostics[2]
      Request finished HTTP/2 POST http://ilpp/UnityILPP.PostProcessing/PostProcessAssembly - 200 - application/grpc 23.8005ms
info: Microsoft.AspNetCore.Hosting.Diagnostics[1]
      Request starting HTTP/2 POST http://ilpp/UnityILPP.PostProcessing/PostProcessAssembly - application/grpc -
info: Microsoft.AspNetCore.Routing.EndpointMiddleware[0]
      Executing endpoint 'gRPC - /UnityILPP.PostProcessing/PostProcessAssembly'
info: Unity.ILPP.Runner.PostProcessingPipeline[0]
      Processing assembly Library/Bee/artifacts/200b0aE.dag/Unity.2D.Sprite.Editor.dll, with 135 defines and 320 references
info: Unity.ILPP.Runner.PostProcessingPipeline[0]
      processors: Unity.Jobs.CodeGen.JobsILPostProcessor, Unity.Pipeline.CodeGen.CodeReloadInPlaceILPostProcessor, zzzUnity.Burst.CodeGen.BurstILPostProcessor
info: Unity.ILPP.Runner.PostProcessingPipeline[0]
      running Unity.Jobs.CodeGen.JobsILPostProcessor
info: Unity.ILPP.Runner.PostProcessingPipeline[0]
      running Unity.Pipeline.CodeGen.CodeReloadInPlaceILPostProcessor
info: Unity.ILPP.Runner.PostProcessingPipeline[0]
      running zzzUnity.Burst.CodeGen.BurstILPostProcessor
info: Microsoft.AspNetCore.Routing.EndpointMiddleware[1]
      Executed endpoint 'gRPC - /UnityILPP.PostProcessing/PostProcessAssembly'
info: Microsoft.AspNetCore.Hosting.Diagnostics[2]
      Request finished HTTP/2 POST http://ilpp/UnityILPP.PostProcessing/PostProcessAssembly - 200 - application/grpc 32.4987ms
info: Microsoft.AspNetCore.Hosting.Diagnostics[1]
      Request starting HTTP/2 POST http://ilpp/UnityILPP.PostProcessing/PostProcessAssembly - application/grpc -
info: Microsoft.AspNetCore.Routing.EndpointMiddleware[0]
      Executing endpoint 'gRPC - /UnityILPP.PostProcessing/PostProcessAssembly'
info: Unity.ILPP.Runner.PostProcessingPipeline[0]
      Processing assembly Library/Bee/artifacts/200b0aE.dag/Unity.AI.Generators.UI.dll, with 135 defines and 311 references
info: Unity.ILPP.Runner.PostProcessingPipeline[0]
      processors: Unity.Jobs.CodeGen.JobsILPostProcessor, Unity.Pipeline.CodeGen.CodeReloadInPlaceILPostProcessor, zzzUnity.Burst.CodeGen.BurstILPostProcessor
info: Unity.ILPP.Runner.PostProcessingPipeline[0]
      running Unity.Jobs.CodeGen.JobsILPostProcessor
info: Unity.ILPP.Runner.PostProcessingPipeline[0]
      running Unity.Pipeline.CodeGen.CodeReloadInPlaceILPostProcessor
info: Unity.ILPP.Runner.PostProcessingPipeline[0]
      running zzzUnity.Burst.CodeGen.BurstILPostProcessor
info: Microsoft.AspNetCore.Routing.EndpointMiddleware[1]
      Executed endpoint 'gRPC - /UnityILPP.PostProcessing/PostProcessAssembly'
info: Microsoft.AspNetCore.Hosting.Diagnostics[2]
      Request finished HTTP/2 POST http://ilpp/UnityILPP.PostProcessing/PostProcessAssembly - 200 - application/grpc 5.9070ms
info: Microsoft.AspNetCore.Hosting.Diagnostics[1]
      Request starting HTTP/2 POST http://ilpp/UnityILPP.PostProcessing/PostProcessAssembly - application/grpc -
info: Microsoft.AspNetCore.Hosting.Diagnostics[1]
      Request starting HTTP/2 POST http://ilpp/UnityILPP.PostProcessing/PostProcessAssembly - application/grpc -
info: Microsoft.AspNetCore.Routing.EndpointMiddleware[0]
      Executing endpoint 'gRPC - /UnityILPP.PostProcessing/PostProcessAssembly'
info: Microsoft.AspNetCore.Routing.EndpointMiddleware[0]
      Executing endpoint 'gRPC - /UnityILPP.PostProcessing/PostProcessAssembly'
info: Microsoft.AspNetCore.Hosting.Diagnostics[1]
      Request starting HTTP/2 POST http://ilpp/UnityILPP.PostProcessing/PostProcessAssembly - application/grpc -
info: Microsoft.AspNetCore.Routing.EndpointMiddleware[0]
      Executing endpoint 'gRPC - /UnityILPP.PostProcessing/PostProcessAssembly'
info: Microsoft.AspNetCore.Hosting.Diagnostics[1]
      Request starting HTTP/2 POST http://ilpp/UnityILPP.PostProcessing/PostProcessAssembly - application/grpc -
info: Microsoft.AspNetCore.Routing.EndpointMiddleware[0]
      Executing endpoint 'gRPC - /UnityILPP.PostProcessing/PostProcessAssembly'
info: Unity.ILPP.Runner.PostProcessingPipeline[0]
      Processing assembly Library/Bee/artifacts/200b0aE.dag/Unity.InferenceEngine.Editor.dll, with 135 defines and 306 references
info: Unity.ILPP.Runner.PostProcessingPipeline[0]
      processors: Unity.Jobs.CodeGen.JobsILPostProcessor, Unity.Pipeline.CodeGen.CodeReloadInPlaceILPostProcessor, zzzUnity.Burst.CodeGen.BurstILPostProcessor
info: Unity.ILPP.Runner.PostProcessingPipeline[0]
      running Unity.Jobs.CodeGen.JobsILPostProcessor
info: Microsoft.AspNetCore.Hosting.Diagnostics[1]
      Request starting HTTP/2 POST http://ilpp/UnityILPP.PostProcessing/PostProcessAssembly - application/grpc -
info: Microsoft.AspNetCore.Routing.EndpointMiddleware[0]
      Executing endpoint 'gRPC - /UnityILPP.PostProcessing/PostProcessAssembly'
info: Microsoft.AspNetCore.Hosting.Diagnostics[1]
      Request starting HTTP/2 POST http://ilpp/UnityILPP.PostProcessing/PostProcessAssembly - application/grpc -
info: Microsoft.AspNetCore.Routing.EndpointMiddleware[0]
      Executing endpoint 'gRPC - /UnityILPP.PostProcessing/PostProcessAssembly'
info: Microsoft.AspNetCore.Hosting.Diagnostics[1]
      Request starting HTTP/2 POST http://ilpp/UnityILPP.PostProcessing/PostProcessAssembly - application/grpc -
info: Microsoft.AspNetCore.Routing.EndpointMiddleware[0]
      Executing endpoint 'gRPC - /UnityILPP.PostProcessing/PostProcessAssembly'
info: Microsoft.AspNetCore.Hosting.Diagnostics[1]
      Request starting HTTP/2 POST http://ilpp/UnityILPP.PostProcessing/PostProcessAssembly - application/grpc -
info: Microsoft.AspNetCore.Routing.EndpointMiddleware[0]
      Executing endpoint 'gRPC - /UnityILPP.PostProcessing/PostProcessAssembly'
info: Unity.ILPP.Runner.PostProcessingPipeline[0]
      Processing assembly Library/Bee/artifacts/200b0aE.dag/Unity.RenderPipelines.Core.Editor.Shared.dll, with 135 defines and 327 references
info: Unity.ILPP.Runner.PostProcessingPipeline[0]
      processors: Unity.Jobs.CodeGen.JobsILPostProcessor, Unity.Pipeline.CodeGen.CodeReloadInPlaceILPostProcessor, zzzUnity.Burst.CodeGen.BurstILPostProcessor
info: Unity.ILPP.Runner.PostProcessingPipeline[0]
      running Unity.Pipeline.CodeGen.CodeReloadInPlaceILPostProcessor
info: Unity.ILPP.Runner.PostProcessingPipeline[0]
      running zzzUnity.Burst.CodeGen.BurstILPostProcessor
info: Unity.ILPP.Runner.PostProcessingPipeline[0]
      running Unity.Jobs.CodeGen.JobsILPostProcessor
info: Unity.ILPP.Runner.PostProcessingPipeline[0]
      running Unity.Pipeline.CodeGen.CodeReloadInPlaceILPostProcessor
info: Unity.ILPP.Runner.PostProcessingPipeline[0]
      running zzzUnity.Burst.CodeGen.BurstILPostProcessor
info: Microsoft.AspNetCore.Routing.EndpointMiddleware[1]
      Executed endpoint 'gRPC - /UnityILPP.PostProcessing/PostProcessAssembly'
info: Unity.ILPP.Runner.PostProcessingPipeline[0]
      Processing assembly Library/Bee/artifacts/200b0aE.dag/Unity.PlasticSCM.Editor.dll, with 135 defines and 303 references
info: Unity.ILPP.Runner.PostProcessingPipeline[0]
      processors: Unity.Jobs.CodeGen.JobsILPostProcessor, Unity.Pipeline.CodeGen.CodeReloadInPlaceILPostProcessor, zzzUnity.Burst.CodeGen.BurstILPostProcessor
info: Microsoft.AspNetCore.Hosting.Diagnostics[2]
      Request finished HTTP/2 POST http://ilpp/UnityILPP.PostProcessing/PostProcessAssembly - 200 - application/grpc 39.6133ms
info: Microsoft.AspNetCore.Routing.EndpointMiddleware[1]
      Executed endpoint 'gRPC - /UnityILPP.PostProcessing/PostProcessAssembly'
info: Microsoft.AspNetCore.Hosting.Diagnostics[2]
      Request finished HTTP/2 POST http://ilpp/UnityILPP.PostProcessing/PostProcessAssembly - 200 - application/grpc 48.2157ms
info: Unity.ILPP.Runner.PostProcessingPipeline[0]
      running Unity.Jobs.CodeGen.JobsILPostProcessor
info: Unity.ILPP.Runner.PostProcessingPipeline[0]
      running Unity.Pipeline.CodeGen.CodeReloadInPlaceILPostProcessor
info: Unity.ILPP.Runner.PostProcessingPipeline[0]
      running zzzUnity.Burst.CodeGen.BurstILPostProcessor
info: Unity.ILPP.Runner.PostProcessingPipeline[0]
      Processing assembly Library/Bee/artifacts/200b0aE.dag/LastSignal.Art.EditorTests.dll, with 135 defines and 300 references
info: Unity.ILPP.Runner.PostProcessingPipeline[0]
      processors: Unity.Jobs.CodeGen.JobsILPostProcessor, Unity.Pipeline.CodeGen.CodeReloadInPlaceILPostProcessor, zzzUnity.Burst.CodeGen.BurstILPostProcessor
info: Unity.ILPP.Runner.PostProcessingPipeline[0]
      running Unity.Jobs.CodeGen.JobsILPostProcessor
info: Unity.ILPP.Runner.PostProcessingPipeline[0]
      running Unity.Pipeline.CodeGen.CodeReloadInPlaceILPostProcessor
info: Unity.ILPP.Runner.PostProcessingPipeline[0]
      running zzzUnity.Burst.CodeGen.BurstILPostProcessor
info: Microsoft.AspNetCore.Routing.EndpointMiddleware[1]
      Executed endpoint 'gRPC - /UnityILPP.PostProcessing/PostProcessAssembly'
info: Microsoft.AspNetCore.Hosting.Diagnostics[2]
      Request finished HTTP/2 POST http://ilpp/UnityILPP.PostProcessing/PostProcessAssembly - 200 - application/grpc 47.0133ms
info: Microsoft.AspNetCore.Routing.EndpointMiddleware[1]
      Executed endpoint 'gRPC - /UnityILPP.PostProcessing/PostProcessAssembly'
info: Microsoft.AspNetCore.Hosting.Diagnostics[2]
      Request finished HTTP/2 POST http://ilpp/UnityILPP.PostProcessing/PostProcessAssembly - 200 - application/grpc 61.4544ms
info: Unity.ILPP.Runner.PostProcessingPipeline[0]
      Processing assembly Library/Bee/artifacts/200b0aE.dag/Unity.AI.Toolkit.Asset.dll, with 135 defines and 321 references
info: Unity.ILPP.Runner.PostProcessingPipeline[0]
      Processing assembly Library/Bee/artifacts/200b0aE.dag/Unity.Burst.Editor.dll, with 135 defines and 321 references
info: Unity.ILPP.Runner.PostProcessingPipeline[0]
      processors: Unity.Jobs.CodeGen.JobsILPostProcessor, Unity.Pipeline.CodeGen.CodeReloadInPlaceILPostProcessor, zzzUnity.Burst.CodeGen.BurstILPostProcessor
info: Unity.ILPP.Runner.PostProcessingPipeline[0]
      processors: Unity.Jobs.CodeGen.JobsILPostProcessor, Unity.Pipeline.CodeGen.CodeReloadInPlaceILPostProcessor, zzzUnity.Burst.CodeGen.BurstILPostProcessor
info: Unity.ILPP.Runner.PostProcessingPipeline[0]
      Processing assembly Library/Bee/artifacts/200b0aE.dag/Unity.AI.Generators.Asset.dll, with 135 defines and 325 references
info: Unity.ILPP.Runner.PostProcessingPipeline[0]
      processors: Unity.Jobs.CodeGen.JobsILPostProcessor, Unity.Pipeline.CodeGen.CodeReloadInPlaceILPostProcessor, zzzUnity.Burst.CodeGen.BurstILPostProcessor
info: Unity.ILPP.Runner.PostProcessingPipeline[0]
      running Unity.Jobs.CodeGen.JobsILPostProcessor
info: Unity.ILPP.Runner.PostProcessingPipeline[0]
      running Unity.Pipeline.CodeGen.CodeReloadInPlaceILPostProcessor
info: Unity.ILPP.Runner.PostProcessingPipeline[0]
      running zzzUnity.Burst.CodeGen.BurstILPostProcessor
info: Unity.ILPP.Runner.PostProcessingPipeline[0]
      running Unity.Jobs.CodeGen.JobsILPostProcessor
info: Unity.ILPP.Runner.PostProcessingPipeline[0]
      running Unity.Pipeline.CodeGen.CodeReloadInPlaceILPostProcessor
info: Unity.ILPP.Runner.PostProcessingPipeline[0]
      running zzzUnity.Burst.CodeGen.BurstILPostProcessor
info: Unity.ILPP.Runner.PostProcessingPipeline[0]
      running Unity.Jobs.CodeGen.JobsILPostProcessor
info: Unity.ILPP.Runner.PostProcessingPipeline[0]
      running Unity.Pipeline.CodeGen.CodeReloadInPlaceILPostProcessor
info: Unity.ILPP.Runner.PostProcessingPipeline[0]
      running zzzUnity.Burst.CodeGen.BurstILPostProcessor
info: Microsoft.AspNetCore.Routing.EndpointMiddleware[1]
      Executed endpoint 'gRPC - /UnityILPP.PostProcessing/PostProcessAssembly'
info: Microsoft.AspNetCore.Hosting.Diagnostics[2]
      Request finished HTTP/2 POST http://ilpp/UnityILPP.PostProcessing/PostProcessAssembly - 200 - application/grpc 40.1622ms
info: Microsoft.AspNetCore.Routing.EndpointMiddleware[1]
      Executed endpoint 'gRPC - /UnityILPP.PostProcessing/PostProcessAssembly'
info: Microsoft.AspNetCore.Hosting.Diagnostics[2]
      Request finished HTTP/2 POST http://ilpp/UnityILPP.PostProcessing/PostProcessAssembly - 200 - application/grpc 64.3629ms
info: Microsoft.AspNetCore.Routing.EndpointMiddleware[1]
      Executed endpoint 'gRPC - /UnityILPP.PostProcessing/PostProcessAssembly'
info: Microsoft.AspNetCore.Hosting.Diagnostics[2]
      Request finished HTTP/2 POST http://ilpp/UnityILPP.PostProcessing/PostProcessAssembly - 200 - application/grpc 36.4030ms
info: Unity.ILPP.Runner.PostProcessingPipeline[0]
      Processing assembly Library/Bee/artifacts/200b0aE.dag/Unity.InferenceEngine.Editor.Visualizer.dll, with 135 defines and 327 references
info: Unity.ILPP.Runner.PostProcessingPipeline[0]
      processors: Unity.Jobs.CodeGen.JobsILPostProcessor, Unity.Pipeline.CodeGen.CodeReloadInPlaceILPostProcessor, zzzUnity.Burst.CodeGen.BurstILPostProcessor
info: Unity.ILPP.Runner.PostProcessingPipeline[0]
      running Unity.Jobs.CodeGen.JobsILPostProcessor
info: Microsoft.AspNetCore.Hosting.Diagnostics[1]
      Request starting HTTP/2 POST http://ilpp/UnityILPP.PostProcessing/PostProcessAssembly - application/grpc -
info: Microsoft.AspNetCore.Routing.EndpointMiddleware[0]
      Executing endpoint 'gRPC - /UnityILPP.PostProcessing/PostProcessAssembly'
info: Unity.ILPP.Runner.PostProcessingPipeline[0]
      running Unity.Pipeline.CodeGen.CodeReloadInPlaceILPostProcessor
info: Unity.ILPP.Runner.PostProcessingPipeline[0]
      running zzzUnity.Burst.CodeGen.BurstILPostProcessor
info: Unity.ILPP.Runner.PostProcessingPipeline[0]
      Processing assembly Library/Bee/artifacts/200b0aE.dag/Unity.VisualScripting.State.Editor.dll, with 135 defines and 325 references
info: Unity.ILPP.Runner.PostProcessingPipeline[0]
      processors: Unity.Jobs.CodeGen.JobsILPostProcessor, Unity.Pipeline.CodeGen.CodeReloadInPlaceILPostProcessor, zzzUnity.Burst.CodeGen.BurstILPostProcessor
info: Unity.ILPP.Runner.PostProcessingPipeline[0]
      running Unity.Jobs.CodeGen.JobsILPostProcessor
info: Unity.ILPP.Runner.PostProcessingPipeline[0]
      running Unity.Pipeline.CodeGen.CodeReloadInPlaceILPostProcessor
info: Unity.ILPP.Runner.PostProcessingPipeline[0]
      running zzzUnity.Burst.CodeGen.BurstILPostProcessor
info: Microsoft.AspNetCore.Routing.EndpointMiddleware[1]
      Executed endpoint 'gRPC - /UnityILPP.PostProcessing/PostProcessAssembly'
info: Microsoft.AspNetCore.Hosting.Diagnostics[2]
      Request finished HTTP/2 POST http://ilpp/UnityILPP.PostProcessing/PostProcessAssembly - 200 - application/grpc 11.7540ms
info: Microsoft.AspNetCore.Routing.EndpointMiddleware[1]
      Executed endpoint 'gRPC - /UnityILPP.PostProcessing/PostProcessAssembly'
info: Microsoft.AspNetCore.Hosting.Diagnostics[2]
      Request finished HTTP/2 POST http://ilpp/UnityILPP.PostProcessing/PostProcessAssembly - 200 - application/grpc 72.8425ms
info: Microsoft.AspNetCore.Hosting.Diagnostics[1]
      Request starting HTTP/2 POST http://ilpp/UnityILPP.PostProcessing/PostProcessAssembly - application/grpc -
info: Microsoft.AspNetCore.Routing.EndpointMiddleware[0]
      Executing endpoint 'gRPC - /UnityILPP.PostProcessing/PostProcessAssembly'
info: Unity.ILPP.Runner.PostProcessingPipeline[0]
      Processing assembly Library/Bee/artifacts/200b0aE.dag/Unity.PlasticSCM.Editor.Entities.dll, with 135 defines and 321 references
info: Unity.ILPP.Runner.PostProcessingPipeline[0]
      processors: Unity.Jobs.CodeGen.JobsILPostProcessor, Unity.Pipeline.CodeGen.CodeReloadInPlaceILPostProcessor, zzzUnity.Burst.CodeGen.BurstILPostProcessor
info: Unity.ILPP.Runner.PostProcessingPipeline[0]
      running Unity.Jobs.CodeGen.JobsILPostProcessor
info: Unity.ILPP.Runner.PostProcessingPipeline[0]
      running Unity.Pipeline.CodeGen.CodeReloadInPlaceILPostProcessor
info: Unity.ILPP.Runner.PostProcessingPipeline[0]
      running zzzUnity.Burst.CodeGen.BurstILPostProcessor
info: Microsoft.AspNetCore.Routing.EndpointMiddleware[1]
      Executed endpoint 'gRPC - /UnityILPP.PostProcessing/PostProcessAssembly'
info: Microsoft.AspNetCore.Hosting.Diagnostics[2]
      Request finished HTTP/2 POST http://ilpp/UnityILPP.PostProcessing/PostProcessAssembly - 200 - application/grpc 2.9864ms
info: Microsoft.AspNetCore.Hosting.Diagnostics[1]
      Request starting HTTP/2 POST http://ilpp/UnityILPP.PostProcessing/PostProcessAssembly - application/grpc -
info: Microsoft.AspNetCore.Hosting.Diagnostics[1]
      Request starting HTTP/2 POST http://ilpp/UnityILPP.PostProcessing/PostProcessAssembly - application/grpc -
info: Microsoft.AspNetCore.Routing.EndpointMiddleware[0]
      Executing endpoint 'gRPC - /UnityILPP.PostProcessing/PostProcessAssembly'
info: Microsoft.AspNetCore.Routing.EndpointMiddleware[0]
      Executing endpoint 'gRPC - /UnityILPP.PostProcessing/PostProcessAssembly'
info: Microsoft.AspNetCore.Hosting.Diagnostics[1]
      Request starting HTTP/2 POST http://ilpp/UnityILPP.PostProcessing/PostProcessAssembly - application/grpc -
info: Microsoft.AspNetCore.Routing.EndpointMiddleware[0]
      Executing endpoint 'gRPC - /UnityILPP.PostProcessing/PostProcessAssembly'
info: Microsoft.AspNetCore.Hosting.Diagnostics[1]
      Request starting HTTP/2 POST http://ilpp/UnityILPP.PostProcessing/PostProcessAssembly - application/grpc -
info: Microsoft.AspNetCore.Hosting.Diagnostics[1]
      Request starting HTTP/2 POST http://ilpp/UnityILPP.PostProcessing/PostProcessAssembly - application/grpc -
info: Microsoft.AspNetCore.Routing.EndpointMiddleware[0]
      Executing endpoint 'gRPC - /UnityILPP.PostProcessing/PostProcessAssembly'
info: Microsoft.AspNetCore.Routing.EndpointMiddleware[0]
      Executing endpoint 'gRPC - /UnityILPP.PostProcessing/PostProcessAssembly'
info: Microsoft.AspNetCore.Hosting.Diagnostics[1]
      Request starting HTTP/2 POST http://ilpp/UnityILPP.PostProcessing/PostProcessAssembly - application/grpc -
info: Microsoft.AspNetCore.Routing.EndpointMiddleware[0]
      Executing endpoint 'gRPC - /UnityILPP.PostProcessing/PostProcessAssembly'
info: Microsoft.AspNetCore.Hosting.Diagnostics[1]
      Request starting HTTP/2 POST http://ilpp/UnityILPP.PostProcessing/PostProcessAssembly - application/grpc -
info: Microsoft.AspNetCore.Routing.EndpointMiddleware[0]
      Executing endpoint 'gRPC - /UnityILPP.PostProcessing/PostProcessAssembly'
info: Microsoft.AspNetCore.Hosting.Diagnostics[1]
      Request starting HTTP/2 POST http://ilpp/UnityILPP.PostProcessing/PostProcessAssembly - application/grpc -
info: Microsoft.AspNetCore.Routing.EndpointMiddleware[0]
      Executing endpoint 'gRPC - /UnityILPP.PostProcessing/PostProcessAssembly'
info: Microsoft.AspNetCore.Hosting.Diagnostics[1]
      Request starting HTTP/2 POST http://ilpp/UnityILPP.PostProcessing/PostProcessAssembly - application/grpc -
info: Microsoft.AspNetCore.Routing.EndpointMiddleware[0]
      Executing endpoint 'gRPC - /UnityILPP.PostProcessing/PostProcessAssembly'
info: Unity.ILPP.Runner.PostProcessingPipeline[0]
      Processing assembly Library/Bee/artifacts/200b0aE.dag/HFDownloader.dll, with 135 defines and 300 references
info: Unity.ILPP.Runner.PostProcessingPipeline[0]
      Processing assembly Library/Bee/artifacts/200b0aE.dag/Unity.InputSystem.DocCodeSamples.dll, with 135 defines and 300 references
info: Unity.ILPP.Runner.PostProcessingPipeline[0]
      processors: Unity.Jobs.CodeGen.JobsILPostProcessor, Unity.Pipeline.CodeGen.CodeReloadInPlaceILPostProcessor, zzzUnity.Burst.CodeGen.BurstILPostProcessor
info: Unity.ILPP.Runner.PostProcessingPipeline[0]
      processors: Unity.Jobs.CodeGen.JobsILPostProcessor, Unity.Pipeline.CodeGen.CodeReloadInPlaceILPostProcessor, zzzUnity.Burst.CodeGen.BurstILPostProcessor
info: Unity.ILPP.Runner.PostProcessingPipeline[0]
      running Unity.Jobs.CodeGen.JobsILPostProcessor
info: Unity.ILPP.Runner.PostProcessingPipeline[0]
      running Unity.Pipeline.CodeGen.CodeReloadInPlaceILPostProcessor
info: Unity.ILPP.Runner.PostProcessingPipeline[0]
      running zzzUnity.Burst.CodeGen.BurstILPostProcessor
info: Unity.ILPP.Runner.PostProcessingPipeline[0]
      running Unity.Jobs.CodeGen.JobsILPostProcessor
info: Unity.ILPP.Runner.PostProcessingPipeline[0]
      running Unity.Pipeline.CodeGen.CodeReloadInPlaceILPostProcessor
info: Unity.ILPP.Runner.PostProcessingPipeline[0]
      running zzzUnity.Burst.CodeGen.BurstILPostProcessor
info: Unity.ILPP.Runner.PostProcessingPipeline[0]
      Processing assembly Library/Bee/artifacts/200b0aE.dag/Unity.RenderPipelines.Universal.2D.Editor.Overrides.dll, with 136 defines and 329 references
info: Unity.ILPP.Runner.PostProcessingPipeline[0]
      processors: Unity.Jobs.CodeGen.JobsILPostProcessor, Unity.Pipeline.CodeGen.CodeReloadInPlaceILPostProcessor, zzzUnity.Burst.CodeGen.BurstILPostProcessor
info: Unity.ILPP.Runner.PostProcessingPipeline[0]
      running Unity.Jobs.CodeGen.JobsILPostProcessor
info: Unity.ILPP.Runner.PostProcessingPipeline[0]
      running Unity.Pipeline.CodeGen.CodeReloadInPlaceILPostProcessor
info: Unity.ILPP.Runner.PostProcessingPipeline[0]
      running zzzUnity.Burst.CodeGen.BurstILPostProcessor
info: Unity.ILPP.Runner.PostProcessingPipeline[0]
      Processing assembly Library/Bee/artifacts/200b0aE.dag/LastSignal.PlayModeTests.dll, with 137 defines and 294 references
info: Unity.ILPP.Runner.PostProcessingPipeline[0]
      processors: Unity.Jobs.CodeGen.JobsILPostProcessor, Unity.Pipeline.CodeGen.CodeReloadInPlaceILPostProcessor, zzzUnity.Burst.CodeGen.BurstILPostProcessor
info: Unity.ILPP.Runner.PostProcessingPipeline[0]
      running Unity.Jobs.CodeGen.JobsILPostProcessor
info: Unity.ILPP.Runner.PostProcessingPipeline[0]
      running Unity.Pipeline.CodeGen.CodeReloadInPlaceILPostProcessor
info: Unity.ILPP.Runner.PostProcessingPipeline[0]
      running zzzUnity.Burst.CodeGen.BurstILPostProcessor
info: Microsoft.AspNetCore.Routing.EndpointMiddleware[1]
      Executed endpoint 'gRPC - /UnityILPP.PostProcessing/PostProcessAssembly'
info: Microsoft.AspNetCore.Hosting.Diagnostics[2]
      Request finished HTTP/2 POST http://ilpp/UnityILPP.PostProcessing/PostProcessAssembly - 200 - application/grpc 12.6858ms
info: Microsoft.AspNetCore.Hosting.Diagnostics[1]
      Request starting HTTP/2 POST http://ilpp/UnityILPP.PostProcessing/PostProcessAssembly - application/grpc -
info: Microsoft.AspNetCore.Routing.EndpointMiddleware[0]
      Executing endpoint 'gRPC - /UnityILPP.PostProcessing/PostProcessAssembly'
info: Microsoft.AspNetCore.Hosting.Diagnostics[1]
      Request starting HTTP/2 POST http://ilpp/UnityILPP.PostProcessing/PostProcessAssembly - application/grpc -
info: Microsoft.AspNetCore.Routing.EndpointMiddleware[0]
      Executing endpoint 'gRPC - /UnityILPP.PostProcessing/PostProcessAssembly'
info: Microsoft.AspNetCore.Routing.EndpointMiddleware[1]
      Executed endpoint 'gRPC - /UnityILPP.PostProcessing/PostProcessAssembly'
info: Microsoft.AspNetCore.Routing.EndpointMiddleware[1]
      Executed endpoint 'gRPC - /UnityILPP.PostProcessing/PostProcessAssembly'
info: Microsoft.AspNetCore.Hosting.Diagnostics[2]
      Request finished HTTP/2 POST http://ilpp/UnityILPP.PostProcessing/PostProcessAssembly - 200 - application/grpc 21.7396ms
info: Microsoft.AspNetCore.Hosting.Diagnostics[2]
      Request finished HTTP/2 POST http://ilpp/UnityILPP.PostProcessing/PostProcessAssembly - 200 - application/grpc 20.0910ms
info: Microsoft.AspNetCore.Routing.EndpointMiddleware[1]
      Executed endpoint 'gRPC - /UnityILPP.PostProcessing/PostProcessAssembly'
info: Microsoft.AspNetCore.Hosting.Diagnostics[2]
      Request finished HTTP/2 POST http://ilpp/UnityILPP.PostProcessing/PostProcessAssembly - 200 - application/grpc 21.7548ms
info: Unity.ILPP.Runner.PostProcessingPipeline[0]
      Processing assembly Library/Bee/artifacts/200b0aE.dag/Unity.AI.Assistant.Agent.Dynamic.Extension.Editor.dll, with 135 defines and 320 references
info: Unity.ILPP.Runner.PostProcessingPipeline[0]
      processors: Unity.Jobs.CodeGen.JobsILPostProcessor, Unity.Pipeline.CodeGen.CodeReloadInPlaceILPostProcessor, zzzUnity.Burst.CodeGen.BurstILPostProcessor
info: Unity.ILPP.Runner.PostProcessingPipeline[0]
      running Unity.Jobs.CodeGen.JobsILPostProcessor
info: Unity.ILPP.Runner.PostProcessingPipeline[0]
      running Unity.Pipeline.CodeGen.CodeReloadInPlaceILPostProcessor
info: Unity.ILPP.Runner.PostProcessingPipeline[0]
      running zzzUnity.Burst.CodeGen.BurstILPostProcessor
info: Unity.ILPP.Runner.PostProcessingPipeline[0]
      Processing assembly Library/Bee/artifacts/200b0aE.dag/Unity.AI.Search.Editor.dll, with 136 defines and 308 references
info: Unity.ILPP.Runner.PostProcessingPipeline[0]
      processors: Unity.Jobs.CodeGen.JobsILPostProcessor, Unity.Pipeline.CodeGen.CodeReloadInPlaceILPostProcessor, zzzUnity.Burst.CodeGen.BurstILPostProcessor
info: Unity.ILPP.Runner.PostProcessingPipeline[0]
      running Unity.Jobs.CodeGen.JobsILPostProcessor
info: Unity.ILPP.Runner.PostProcessingPipeline[0]
      running Unity.Pipeline.CodeGen.CodeReloadInPlaceILPostProcessor
info: Unity.ILPP.Runner.PostProcessingPipeline[0]
      running zzzUnity.Burst.CodeGen.BurstILPostProcessor
info: Microsoft.AspNetCore.Routing.EndpointMiddleware[1]
      Executed endpoint 'gRPC - /UnityILPP.PostProcessing/PostProcessAssembly'
info: Microsoft.AspNetCore.Hosting.Diagnostics[2]
      Request finished HTTP/2 POST http://ilpp/UnityILPP.PostProcessing/PostProcessAssembly - 200 - application/grpc 14.4693ms
info: Unity.ILPP.Runner.PostProcessingPipeline[0]
      Processing assembly Library/Bee/artifacts/200b0aE.dag/Unity.AI.Assistant.Tools.Editor.dll, with 135 defines and 309 references
info: Unity.ILPP.Runner.PostProcessingPipeline[0]
      processors: Unity.Jobs.CodeGen.JobsILPostProcessor, Unity.Pipeline.CodeGen.CodeReloadInPlaceILPostProcessor, zzzUnity.Burst.CodeGen.BurstILPostProcessor
info: Unity.ILPP.Runner.PostProcessingPipeline[0]
      running Unity.Jobs.CodeGen.JobsILPostProcessor
info: Unity.ILPP.Runner.PostProcessingPipeline[0]
      running Unity.Pipeline.CodeGen.CodeReloadInPlaceILPostProcessor
info: Unity.ILPP.Runner.PostProcessingPipeline[0]
      running zzzUnity.Burst.CodeGen.BurstILPostProcessor
info: Unity.ILPP.Runner.PostProcessingPipeline[0]
      Processing assembly Library/Bee/artifacts/200b0aE.dag/LastSignal.EditModeTests.dll, with 135 defines and 302 references
info: Unity.ILPP.Runner.PostProcessingPipeline[0]
      processors: Unity.Jobs.CodeGen.JobsILPostProcessor, Unity.Pipeline.CodeGen.CodeReloadInPlaceILPostProcessor, zzzUnity.Burst.CodeGen.BurstILPostProcessor
info: Microsoft.AspNetCore.Routing.EndpointMiddleware[1]
      Executed endpoint 'gRPC - /UnityILPP.PostProcessing/PostProcessAssembly'
info: Microsoft.AspNetCore.Hosting.Diagnostics[2]
      Request finished HTTP/2 POST http://ilpp/UnityILPP.PostProcessing/PostProcessAssembly - 200 - application/grpc 18.7455ms
info: Unity.ILPP.Runner.PostProcessingPipeline[0]
      running Unity.Jobs.CodeGen.JobsILPostProcessor
info: Unity.ILPP.Runner.PostProcessingPipeline[0]
      running Unity.Pipeline.CodeGen.CodeReloadInPlaceILPostProcessor
info: Unity.ILPP.Runner.PostProcessingPipeline[0]
      running zzzUnity.Burst.CodeGen.BurstILPostProcessor
info: Microsoft.AspNetCore.Routing.EndpointMiddleware[1]
      Executed endpoint 'gRPC - /UnityILPP.PostProcessing/PostProcessAssembly'
info: Unity.ILPP.Runner.PostProcessingPipeline[0]
      Processing assembly Library/Bee/artifacts/200b0aE.dag/Unity.AI.Animate.dll, with 135 defines and 337 references
info: Unity.ILPP.Runner.PostProcessingPipeline[0]
      processors: Unity.Jobs.CodeGen.JobsILPostProcessor, Unity.Pipeline.CodeGen.CodeReloadInPlaceILPostProcessor, zzzUnity.Burst.CodeGen.BurstILPostProcessor
info: Microsoft.AspNetCore.Hosting.Diagnostics[2]
      Request finished HTTP/2 POST http://ilpp/UnityILPP.PostProcessing/PostProcessAssembly - 200 - application/grpc 16.2319ms
info: Microsoft.AspNetCore.Routing.EndpointMiddleware[1]
      Executed endpoint 'gRPC - /UnityILPP.PostProcessing/PostProcessAssembly'
info: Unity.ILPP.Runner.PostProcessingPipeline[0]
      Processing assembly Library/Bee/artifacts/200b0aE.dag/Assembly-CSharp.dll, with 137 defines and 388 references
info: Unity.ILPP.Runner.PostProcessingPipeline[0]
      processors: Unity.Jobs.CodeGen.JobsILPostProcessor, Unity.Pipeline.CodeGen.CodeReloadInPlaceILPostProcessor, zzzUnity.Burst.CodeGen.BurstILPostProcessor
info: Microsoft.AspNetCore.Hosting.Diagnostics[2]
      Request finished HTTP/2 POST http://ilpp/UnityILPP.PostProcessing/PostProcessAssembly - 200 - application/grpc 9.5950ms
info: Unity.ILPP.Runner.PostProcessingPipeline[0]
      running Unity.Jobs.CodeGen.JobsILPostProcessor
info: Unity.ILPP.Runner.PostProcessingPipeline[0]
      running Unity.Pipeline.CodeGen.CodeReloadInPlaceILPostProcessor
info: Unity.ILPP.Runner.PostProcessingPipeline[0]
      running zzzUnity.Burst.CodeGen.BurstILPostProcessor
info: Unity.ILPP.Runner.PostProcessingPipeline[0]
      running Unity.Jobs.CodeGen.JobsILPostProcessor
info: Microsoft.AspNetCore.Routing.EndpointMiddleware[1]
      Executed endpoint 'gRPC - /UnityILPP.PostProcessing/PostProcessAssembly'
info: Microsoft.AspNetCore.Hosting.Diagnostics[2]
      Request finished HTTP/2 POST http://ilpp/UnityILPP.PostProcessing/PostProcessAssembly - 200 - application/grpc 26.7733ms
info: Unity.ILPP.Runner.PostProcessingPipeline[0]
      Processing assembly Library/Bee/artifacts/200b0aE.dag/Unity.AI.Pbr.dll, with 135 defines and 336 references
info: Unity.ILPP.Runner.PostProcessingPipeline[0]
      processors: Unity.Jobs.CodeGen.JobsILPostProcessor, Unity.Pipeline.CodeGen.CodeReloadInPlaceILPostProcessor, zzzUnity.Burst.CodeGen.BurstILPostProcessor
info: Unity.ILPP.Runner.PostProcessingPipeline[0]
      running Unity.Jobs.CodeGen.JobsILPostProcessor
info: Unity.ILPP.Runner.PostProcessingPipeline[0]
      running Unity.Pipeline.CodeGen.CodeReloadInPlaceILPostProcessor
info: Unity.ILPP.Runner.PostProcessingPipeline[0]
      running zzzUnity.Burst.CodeGen.BurstILPostProcessor
info: Microsoft.AspNetCore.Routing.EndpointMiddleware[1]
      Executed endpoint 'gRPC - /UnityILPP.PostProcessing/PostProcessAssembly'
info: Microsoft.AspNetCore.Hosting.Diagnostics[2]
      Request finished HTTP/2 POST http://ilpp/UnityILPP.PostProcessing/PostProcessAssembly - 200 - application/grpc 28.6961ms
info: Unity.ILPP.Runner.PostProcessingPipeline[0]
      running Unity.Pipeline.CodeGen.CodeReloadInPlaceILPostProcessor
info: Unity.ILPP.Runner.PostProcessingPipeline[0]
      running zzzUnity.Burst.CodeGen.BurstILPostProcessor
info: Microsoft.AspNetCore.Routing.EndpointMiddleware[1]
      Executed endpoint 'gRPC - /UnityILPP.PostProcessing/PostProcessAssembly'
info: Microsoft.AspNetCore.Hosting.Diagnostics[2]
      Request finished HTTP/2 POST http://ilpp/UnityILPP.PostProcessing/PostProcessAssembly - 200 - application/grpc 46.5581ms
info: Microsoft.AspNetCore.Hosting.Diagnostics[1]
      Request starting HTTP/2 POST http://ilpp/UnityILPP.PostProcessing/PostProcessAssembly - application/grpc -
info: Microsoft.AspNetCore.Routing.EndpointMiddleware[0]
      Executing endpoint 'gRPC - /UnityILPP.PostProcessing/PostProcessAssembly'
info: Microsoft.AspNetCore.Hosting.Diagnostics[1]
      Request starting HTTP/2 POST http://ilpp/UnityILPP.PostProcessing/PostProcessAssembly - application/grpc -
info: Microsoft.AspNetCore.Routing.EndpointMiddleware[0]
      Executing endpoint 'gRPC - /UnityILPP.PostProcessing/PostProcessAssembly'
info: Microsoft.AspNetCore.Hosting.Diagnostics[1]
      Request starting HTTP/2 POST http://ilpp/UnityILPP.PostProcessing/PostProcessAssembly - application/grpc -
info: Microsoft.AspNetCore.Hosting.Diagnostics[1]
      Request starting HTTP/2 POST http://ilpp/UnityILPP.PostProcessing/PostProcessAssembly - application/grpc -
info: Microsoft.AspNetCore.Routing.EndpointMiddleware[0]
      Executing endpoint 'gRPC - /UnityILPP.PostProcessing/PostProcessAssembly'
info: Microsoft.AspNetCore.Routing.EndpointMiddleware[0]
      Executing endpoint 'gRPC - /UnityILPP.PostProcessing/PostProcessAssembly'
info: Microsoft.AspNetCore.Hosting.Diagnostics[1]
      Request starting HTTP/2 POST http://ilpp/UnityILPP.PostProcessing/PostProcessAssembly - application/grpc -
info: Microsoft.AspNetCore.Routing.EndpointMiddleware[0]
      Executing endpoint 'gRPC - /UnityILPP.PostProcessing/PostProcessAssembly'
info: Microsoft.AspNetCore.Hosting.Diagnostics[1]
      Request starting HTTP/2 POST http://ilpp/UnityILPP.PostProcessing/PostProcessAssembly - application/grpc -
info: Microsoft.AspNetCore.Routing.EndpointMiddleware[0]
      Executing endpoint 'gRPC - /UnityILPP.PostProcessing/PostProcessAssembly'
info: Unity.ILPP.Runner.PostProcessingPipeline[0]
      Processing assembly Library/Bee/artifacts/200b0aE.dag/Assembly-CSharp-Editor.dll, with 135 defines and 414 references
info: Unity.ILPP.Runner.PostProcessingPipeline[0]
      processors: Unity.Jobs.CodeGen.JobsILPostProcessor, Unity.Pipeline.CodeGen.CodeReloadInPlaceILPostProcessor, zzzUnity.Burst.CodeGen.BurstILPostProcessor
info: Unity.ILPP.Runner.PostProcessingPipeline[0]
      running Unity.Jobs.CodeGen.JobsILPostProcessor
info: Microsoft.AspNetCore.Hosting.Diagnostics[1]
      Request starting HTTP/2 POST http://ilpp/UnityILPP.PostProcessing/PostProcessAssembly - application/grpc -
info: Microsoft.AspNetCore.Routing.EndpointMiddleware[0]
      Executing endpoint 'gRPC - /UnityILPP.PostProcessing/PostProcessAssembly'
info: Microsoft.AspNetCore.Hosting.Diagnostics[1]
      Request starting HTTP/2 POST http://ilpp/UnityILPP.PostProcessing/PostProcessAssembly - application/grpc -
info: Microsoft.AspNetCore.Routing.EndpointMiddleware[0]
      Executing endpoint 'gRPC - /UnityILPP.PostProcessing/PostProcessAssembly'
info: Unity.ILPP.Runner.PostProcessingPipeline[0]
      running Unity.Pipeline.CodeGen.CodeReloadInPlaceILPostProcessor
info: Unity.ILPP.Runner.PostProcessingPipeline[0]
      running zzzUnity.Burst.CodeGen.BurstILPostProcessor
info: Microsoft.AspNetCore.Hosting.Diagnostics[1]
      Request starting HTTP/2 POST http://ilpp/UnityILPP.PostProcessing/PostProcessAssembly - application/grpc -
info: Microsoft.AspNetCore.Hosting.Diagnostics[1]
      Request starting HTTP/2 POST http://ilpp/UnityILPP.PostProcessing/PostProcessAssembly - application/grpc -
info: Microsoft.AspNetCore.Routing.EndpointMiddleware[0]
      Executing endpoint 'gRPC - /UnityILPP.PostProcessing/PostProcessAssembly'
info: Microsoft.AspNetCore.Routing.EndpointMiddleware[0]
      Executing endpoint 'gRPC - /UnityILPP.PostProcessing/PostProcessAssembly'
info: Unity.ILPP.Runner.PostProcessingPipeline[0]
      Processing assembly Library/Bee/artifacts/200b0aE.dag/Unity.AI.ModelSelector.dll, with 135 defines and 329 references
info: Unity.ILPP.Runner.PostProcessingPipeline[0]
      processors: Unity.Jobs.CodeGen.JobsILPostProcessor, Unity.Pipeline.CodeGen.CodeReloadInPlaceILPostProcessor, zzzUnity.Burst.CodeGen.BurstILPostProcessor
info: Unity.ILPP.Runner.PostProcessingPipeline[0]
      running Unity.Jobs.CodeGen.JobsILPostProcessor
info: Unity.ILPP.Runner.PostProcessingPipeline[0]
      running Unity.Pipeline.CodeGen.CodeReloadInPlaceILPostProcessor
info: Unity.ILPP.Runner.PostProcessingPipeline[0]
      running zzzUnity.Burst.CodeGen.BurstILPostProcessor
info: Microsoft.AspNetCore.Routing.EndpointMiddleware[1]
      Executed endpoint 'gRPC - /UnityILPP.PostProcessing/PostProcessAssembly'
info: Microsoft.AspNetCore.Hosting.Diagnostics[2]
      Request finished HTTP/2 POST http://ilpp/UnityILPP.PostProcessing/PostProcessAssembly - 200 - application/grpc 20.0222ms
info: Unity.ILPP.Runner.PostProcessingPipeline[0]
      Processing assembly Library/Bee/artifacts/200b0aE.dag/Unity.InternalAPIEngineBridge.RenderPipelines.Core.Editor.dll, with 135 defines and 320 references
info: Unity.ILPP.Runner.PostProcessingPipeline[0]
      processors: Unity.Jobs.CodeGen.JobsILPostProcessor, Unity.Pipeline.CodeGen.CodeReloadInPlaceILPostProcessor, zzzUnity.Burst.CodeGen.BurstILPostProcessor
info: Unity.ILPP.Runner.PostProcessingPipeline[0]
      running Unity.Jobs.CodeGen.JobsILPostProcessor
info: Unity.ILPP.Runner.PostProcessingPipeline[0]
      running Unity.Pipeline.CodeGen.CodeReloadInPlaceILPostProcessor
info: Unity.ILPP.Runner.PostProcessingPipeline[0]
      running zzzUnity.Burst.CodeGen.BurstILPostProcessor
info: Microsoft.AspNetCore.Hosting.Diagnostics[1]
      Request starting HTTP/2 POST http://ilpp/UnityILPP.PostProcessing/PostProcessAssembly - application/grpc -
info: Microsoft.AspNetCore.Routing.EndpointMiddleware[0]
      Executing endpoint 'gRPC - /UnityILPP.PostProcessing/PostProcessAssembly'
info: Microsoft.AspNetCore.Routing.EndpointMiddleware[1]
      Executed endpoint 'gRPC - /UnityILPP.PostProcessing/PostProcessAssembly'
info: Microsoft.AspNetCore.Hosting.Diagnostics[2]
      Request finished HTTP/2 POST http://ilpp/UnityILPP.PostProcessing/PostProcessAssembly - 200 - application/grpc 14.4225ms
info: Unity.ILPP.Runner.PostProcessingPipeline[0]
      Processing assembly Library/Bee/artifacts/200b0aE.dag/Unity.AI.Assistant.API.Editor.dll, with 135 defines and 324 references
info: Unity.ILPP.Runner.PostProcessingPipeline[0]
      processors: Unity.Jobs.CodeGen.JobsILPostProcessor, Unity.Pipeline.CodeGen.CodeReloadInPlaceILPostProcessor, zzzUnity.Burst.CodeGen.BurstILPostProcessor
info: Unity.ILPP.Runner.PostProcessingPipeline[0]
      running Unity.Jobs.CodeGen.JobsILPostProcessor
info: Unity.ILPP.Runner.PostProcessingPipeline[0]
      running Unity.Pipeline.CodeGen.CodeReloadInPlaceILPostProcessor
info: Unity.ILPP.Runner.PostProcessingPipeline[0]
      running zzzUnity.Burst.CodeGen.BurstILPostProcessor
info: Unity.ILPP.Runner.PostProcessingPipeline[0]
      Processing assembly Library/Bee/artifacts/200b0aE.dag/Unity.Rendering.LightTransport.Editor.dll, with 135 defines and 320 references
info: Unity.ILPP.Runner.PostProcessingPipeline[0]
      processors: Unity.Jobs.CodeGen.JobsILPostProcessor, Unity.Pipeline.CodeGen.CodeReloadInPlaceILPostProcessor, zzzUnity.Burst.CodeGen.BurstILPostProcessor
info: Unity.ILPP.Runner.PostProcessingPipeline[0]
      running Unity.Jobs.CodeGen.JobsILPostProcessor
info: Unity.ILPP.Runner.PostProcessingPipeline[0]
      running Unity.Pipeline.CodeGen.CodeReloadInPlaceILPostProcessor
info: Unity.ILPP.Runner.PostProcessingPipeline[0]
      running zzzUnity.Burst.CodeGen.BurstILPostProcessor
info: Microsoft.AspNetCore.Routing.EndpointMiddleware[1]
      Executed endpoint 'gRPC - /UnityILPP.PostProcessing/PostProcessAssembly'
info: Microsoft.AspNetCore.Hosting.Diagnostics[1]
      Request starting HTTP/2 POST http://ilpp/UnityILPP.PostProcessing/PostProcessAssembly - application/grpc -
info: Microsoft.AspNetCore.Routing.EndpointMiddleware[0]
      Executing endpoint 'gRPC - /UnityILPP.PostProcessing/PostProcessAssembly'
info: Microsoft.AspNetCore.Hosting.Diagnostics[2]
      Request finished HTTP/2 POST http://ilpp/UnityILPP.PostProcessing/PostProcessAssembly - 200 - application/grpc 17.7843ms
info: Unity.ILPP.Runner.PostProcessingPipeline[0]
      Processing assembly Library/Bee/artifacts/200b0aE.dag/Unity.AI.Generators.IO.dll, with 135 defines and 325 references
info: Unity.ILPP.Runner.PostProcessingPipeline[0]
      processors: Unity.Jobs.CodeGen.JobsILPostProcessor, Unity.Pipeline.CodeGen.CodeReloadInPlaceILPostProcessor, zzzUnity.Burst.CodeGen.BurstILPostProcessor
info: Unity.ILPP.Runner.PostProcessingPipeline[0]
      Processing assembly Library/Bee/artifacts/200b0aE.dag/UnityEditor.UI.dll, with 138 defines and 319 references
info: Unity.ILPP.Runner.PostProcessingPipeline[0]
      processors: Unity.Jobs.CodeGen.JobsILPostProcessor, Unity.Pipeline.CodeGen.CodeReloadInPlaceILPostProcessor, zzzUnity.Burst.CodeGen.BurstILPostProcessor
info: Microsoft.AspNetCore.Routing.EndpointMiddleware[1]
      Executed endpoint 'gRPC - /UnityILPP.PostProcessing/PostProcessAssembly'
info: Microsoft.AspNetCore.Hosting.Diagnostics[2]
      Request finished HTTP/2 POST http://ilpp/UnityILPP.PostProcessing/PostProcessAssembly - 200 - application/grpc 36.0357ms
info: Microsoft.AspNetCore.Routing.EndpointMiddleware[1]
      Executed endpoint 'gRPC - /UnityILPP.PostProcessing/PostProcessAssembly'
info: Unity.ILPP.Runner.PostProcessingPipeline[0]
      Processing assembly Library/Bee/artifacts/200b0aE.dag/Unity.AI.Image.dll, with 135 defines and 337 references
info: Microsoft.AspNetCore.Hosting.Diagnostics[2]
      Request finished HTTP/2 POST http://ilpp/UnityILPP.PostProcessing/PostProcessAssembly - 200 - application/grpc 18.0553ms
info: Unity.ILPP.Runner.PostProcessingPipeline[0]
      processors: Unity.Jobs.CodeGen.JobsILPostProcessor, Unity.Pipeline.CodeGen.CodeReloadInPlaceILPostProcessor, zzzUnity.Burst.CodeGen.BurstILPostProcessor
info: Unity.ILPP.Runner.PostProcessingPipeline[0]
      running Unity.Jobs.CodeGen.JobsILPostProcessor
info: Unity.ILPP.Runner.PostProcessingPipeline[0]
      running Unity.Jobs.CodeGen.JobsILPostProcessor
info: Unity.ILPP.Runner.PostProcessingPipeline[0]
      running Unity.Pipeline.CodeGen.CodeReloadInPlaceILPostProcessor
info: Unity.ILPP.Runner.PostProcessingPipeline[0]
      running Unity.Pipeline.CodeGen.CodeReloadInPlaceILPostProcessor
info: Unity.ILPP.Runner.PostProcessingPipeline[0]
      running zzzUnity.Burst.CodeGen.BurstILPostProcessor
info: Unity.ILPP.Runner.PostProcessingPipeline[0]
      running zzzUnity.Burst.CodeGen.BurstILPostProcessor
info: Unity.ILPP.Runner.PostProcessingPipeline[0]
      running Unity.Jobs.CodeGen.JobsILPostProcessor
info: Unity.ILPP.Runner.PostProcessingPipeline[0]
      running Unity.Pipeline.CodeGen.CodeReloadInPlaceILPostProcessor
info: Unity.ILPP.Runner.PostProcessingPipeline[0]
      running zzzUnity.Burst.CodeGen.BurstILPostProcessor
info: Microsoft.AspNetCore.Routing.EndpointMiddleware[1]
      Executed endpoint 'gRPC - /UnityILPP.PostProcessing/PostProcessAssembly'
info: Microsoft.AspNetCore.Routing.EndpointMiddleware[1]
      Executed endpoint 'gRPC - /UnityILPP.PostProcessing/PostProcessAssembly'
info: Microsoft.AspNetCore.Hosting.Diagnostics[2]
      Request finished HTTP/2 POST http://ilpp/UnityILPP.PostProcessing/PostProcessAssembly - 200 - application/grpc 26.7403ms
info: Microsoft.AspNetCore.Hosting.Diagnostics[2]
      Request finished HTTP/2 POST http://ilpp/UnityILPP.PostProcessing/PostProcessAssembly - 200 - application/grpc 24.8168ms
info: Microsoft.AspNetCore.Routing.EndpointMiddleware[1]
      Executed endpoint 'gRPC - /UnityILPP.PostProcessing/PostProcessAssembly'
info: Microsoft.AspNetCore.Hosting.Diagnostics[2]
      Request finished HTTP/2 POST http://ilpp/UnityILPP.PostProcessing/PostProcessAssembly - 200 - application/grpc 20.0839ms
info: Unity.ILPP.Runner.PostProcessingPipeline[0]
      Processing assembly Library/Bee/artifacts/200b0aE.dag/LastSignal.Editor.dll, with 135 defines and 322 references
info: Unity.ILPP.Runner.PostProcessingPipeline[0]
      processors: Unity.Jobs.CodeGen.JobsILPostProcessor, Unity.Pipeline.CodeGen.CodeReloadInPlaceILPostProcessor, zzzUnity.Burst.CodeGen.BurstILPostProcessor
info: Unity.ILPP.Runner.PostProcessingPipeline[0]
      Processing assembly Library/Bee/artifacts/200b0aE.dag/Unity.ShaderGraph.Utilities.dll, with 135 defines and 320 references
info: Unity.ILPP.Runner.PostProcessingPipeline[0]
      processors: Unity.Jobs.CodeGen.JobsILPostProcessor, Unity.Pipeline.CodeGen.CodeReloadInPlaceILPostProcessor, zzzUnity.Burst.CodeGen.BurstILPostProcessor
info: Unity.ILPP.Runner.PostProcessingPipeline[0]
      running Unity.Jobs.CodeGen.JobsILPostProcessor
info: Unity.ILPP.Runner.PostProcessingPipeline[0]
      running Unity.Pipeline.CodeGen.CodeReloadInPlaceILPostProcessor
info: Unity.ILPP.Runner.PostProcessingPipeline[0]
      running zzzUnity.Burst.CodeGen.BurstILPostProcessor
info: Unity.ILPP.Runner.PostProcessingPipeline[0]
      running Unity.Jobs.CodeGen.JobsILPostProcessor
info: Unity.ILPP.Runner.PostProcessingPipeline[0]
      running Unity.Pipeline.CodeGen.CodeReloadInPlaceILPostProcessor
info: Unity.ILPP.Runner.PostProcessingPipeline[0]
      running zzzUnity.Burst.CodeGen.BurstILPostProcessor
info: Microsoft.AspNetCore.Routing.EndpointMiddleware[1]
      Executed endpoint 'gRPC - /UnityILPP.PostProcessing/PostProcessAssembly'
info: Microsoft.AspNetCore.Routing.EndpointMiddleware[1]
      Executed endpoint 'gRPC - /UnityILPP.PostProcessing/PostProcessAssembly'
info: Microsoft.AspNetCore.Hosting.Diagnostics[2]
      Request finished HTTP/2 POST http://ilpp/UnityILPP.PostProcessing/PostProcessAssembly - 200 - application/grpc 24.5817ms
info: Microsoft.AspNetCore.Hosting.Diagnostics[2]
      Request finished HTTP/2 POST http://ilpp/UnityILPP.PostProcessing/PostProcessAssembly - 200 - application/grpc 21.6718ms
info: Unity.ILPP.Runner.PostProcessingPipeline[0]
      Processing assembly Library/Bee/artifacts/200b0aE.dag/Unity.AI.MCP.Editor.dll, with 135 defines and 308 references
info: Unity.ILPP.Runner.PostProcessingPipeline[0]
      processors: Unity.Jobs.CodeGen.JobsILPostProcessor, Unity.Pipeline.CodeGen.CodeReloadInPlaceILPostProcessor, zzzUnity.Burst.CodeGen.BurstILPostProcessor
info: Unity.ILPP.Runner.PostProcessingPipeline[0]
      Processing assembly Library/Bee/artifacts/200b0aE.dag/Unity.AI.Generators.Redux.dll, with 135 defines and 323 references
info: Unity.ILPP.Runner.PostProcessingPipeline[0]
      processors: Unity.Jobs.CodeGen.JobsILPostProcessor, Unity.Pipeline.CodeGen.CodeReloadInPlaceILPostProcessor, zzzUnity.Burst.CodeGen.BurstILPostProcessor
info: Unity.ILPP.Runner.PostProcessingPipeline[0]
      running Unity.Jobs.CodeGen.JobsILPostProcessor
info: Unity.ILPP.Runner.PostProcessingPipeline[0]
      running Unity.Pipeline.CodeGen.CodeReloadInPlaceILPostProcessor
info: Unity.ILPP.Runner.PostProcessingPipeline[0]
      running Unity.Jobs.CodeGen.JobsILPostProcessor
info: Unity.ILPP.Runner.PostProcessingPipeline[0]
      running Unity.Pipeline.CodeGen.CodeReloadInPlaceILPostProcessor
info: Unity.ILPP.Runner.PostProcessingPipeline[0]
      running zzzUnity.Burst.CodeGen.BurstILPostProcessor
info: Unity.ILPP.Runner.PostProcessingPipeline[0]
      running zzzUnity.Burst.CodeGen.BurstILPostProcessor
info: Microsoft.AspNetCore.Routing.EndpointMiddleware[1]
      Executed endpoint 'gRPC - /UnityILPP.PostProcessing/PostProcessAssembly'
info: Microsoft.AspNetCore.Routing.EndpointMiddleware[1]
      Executed endpoint 'gRPC - /UnityILPP.PostProcessing/PostProcessAssembly'
info: Microsoft.AspNetCore.Hosting.Diagnostics[2]
      Request finished HTTP/2 POST http://ilpp/UnityILPP.PostProcessing/PostProcessAssembly - 200 - application/grpc 18.8070ms
info: Microsoft.AspNetCore.Hosting.Diagnostics[2]
      Request finished HTTP/2 POST http://ilpp/UnityILPP.PostProcessing/PostProcessAssembly - 200 - application/grpc 25.8428ms
info: Microsoft.AspNetCore.Hosting.Diagnostics[1]
      Request starting HTTP/2 POST http://ilpp/UnityILPP.PostProcessing/PostProcessAssembly - application/grpc -
info: Microsoft.AspNetCore.Routing.EndpointMiddleware[0]
      Executing endpoint 'gRPC - /UnityILPP.PostProcessing/PostProcessAssembly'
info: Microsoft.AspNetCore.Hosting.Diagnostics[1]
      Request starting HTTP/2 POST http://ilpp/UnityILPP.PostProcessing/PostProcessAssembly - application/grpc -
info: Microsoft.AspNetCore.Routing.EndpointMiddleware[0]
      Executing endpoint 'gRPC - /UnityILPP.PostProcessing/PostProcessAssembly'
info: Microsoft.AspNetCore.Hosting.Diagnostics[1]
      Request starting HTTP/2 POST http://ilpp/UnityILPP.PostProcessing/PostProcessAssembly - application/grpc -
info: Microsoft.AspNetCore.Routing.EndpointMiddleware[0]
      Executing endpoint 'gRPC - /UnityILPP.PostProcessing/PostProcessAssembly'
info: Microsoft.AspNetCore.Hosting.Diagnostics[1]
      Request starting HTTP/2 POST http://ilpp/UnityILPP.PostProcessing/PostProcessAssembly - application/grpc -
info: Microsoft.AspNetCore.Routing.EndpointMiddleware[0]
      Executing endpoint 'gRPC - /UnityILPP.PostProcessing/PostProcessAssembly'
info: Microsoft.AspNetCore.Hosting.Diagnostics[1]
      Request starting HTTP/2 POST http://ilpp/UnityILPP.PostProcessing/PostProcessAssembly - application/grpc -
info: Microsoft.AspNetCore.Routing.EndpointMiddleware[0]
      Executing endpoint 'gRPC - /UnityILPP.PostProcessing/PostProcessAssembly'
info: Microsoft.AspNetCore.Hosting.Diagnostics[1]
      Request starting HTTP/2 POST http://ilpp/UnityILPP.PostProcessing/PostProcessAssembly - application/grpc -
info: Microsoft.AspNetCore.Routing.EndpointMiddleware[0]
      Executing endpoint 'gRPC - /UnityILPP.PostProcessing/PostProcessAssembly'
info: Microsoft.AspNetCore.Hosting.Diagnostics[1]
      Request starting HTTP/2 POST http://ilpp/UnityILPP.PostProcessing/PostProcessAssembly - application/grpc -
info: Microsoft.AspNetCore.Routing.EndpointMiddleware[0]
      Executing endpoint 'gRPC - /UnityILPP.PostProcessing/PostProcessAssembly'
info: Microsoft.AspNetCore.Hosting.Diagnostics[1]
      Request starting HTTP/2 POST http://ilpp/UnityILPP.PostProcessing/PostProcessAssembly - application/grpc -
info: Microsoft.AspNetCore.Routing.EndpointMiddleware[0]
      Executing endpoint 'gRPC - /UnityILPP.PostProcessing/PostProcessAssembly'
info: Microsoft.AspNetCore.Hosting.Diagnostics[1]
      Request starting HTTP/2 POST http://ilpp/UnityILPP.PostProcessing/PostProcessAssembly - application/grpc -
info: Microsoft.AspNetCore.Routing.EndpointMiddleware[0]
      Executing endpoint 'gRPC - /UnityILPP.PostProcessing/PostProcessAssembly'
info: Microsoft.AspNetCore.Hosting.Diagnostics[1]
      Request starting HTTP/2 POST http://ilpp/UnityILPP.PostProcessing/PostProcessAssembly - application/grpc -
info: Microsoft.AspNetCore.Routing.EndpointMiddleware[0]
      Executing endpoint 'gRPC - /UnityILPP.PostProcessing/PostProcessAssembly'
info: Microsoft.AspNetCore.Hosting.Diagnostics[1]
      Request starting HTTP/2 POST http://ilpp/UnityILPP.PostProcessing/PostProcessAssembly - application/grpc -
info: Microsoft.AspNetCore.Routing.EndpointMiddleware[0]
      Executing endpoint 'gRPC - /UnityILPP.PostProcessing/PostProcessAssembly'
info: Unity.ILPP.Runner.PostProcessingPipeline[0]
      Processing assembly Library/Bee/artifacts/200b0aE.dag/Unity.AI.Assistant.Integrations.Profiler.Editor.dll, with 135 defines and 325 references
info: Unity.ILPP.Runner.PostProcessingPipeline[0]
      processors: Unity.Jobs.CodeGen.JobsILPostProcessor, Unity.Pipeline.CodeGen.CodeReloadInPlaceILPostProcessor, zzzUnity.Burst.CodeGen.BurstILPostProcessor
info: Unity.ILPP.Runner.PostProcessingPipeline[0]
      running Unity.Jobs.CodeGen.JobsILPostProcessor
info: Unity.ILPP.Runner.PostProcessingPipeline[0]
      running Unity.Pipeline.CodeGen.CodeReloadInPlaceILPostProcessor
info: Unity.ILPP.Runner.PostProcessingPipeline[0]
      running zzzUnity.Burst.CodeGen.BurstILPostProcessor
info: Microsoft.AspNetCore.Routing.EndpointMiddleware[1]
      Executed endpoint 'gRPC - /UnityILPP.PostProcessing/PostProcessAssembly'
info: Microsoft.AspNetCore.Hosting.Diagnostics[2]
      Request finished HTTP/2 POST http://ilpp/UnityILPP.PostProcessing/PostProcessAssembly - 200 - application/grpc 9.3730ms
info: Unity.ILPP.Runner.PostProcessingPipeline[0]
      Processing assembly Library/Bee/artifacts/200b0aE.dag/Unity.AI.Generators.Contexts.dll, with 135 defines and 320 references
info: Unity.ILPP.Runner.PostProcessingPipeline[0]
      processors: Unity.Jobs.CodeGen.JobsILPostProcessor, Unity.Pipeline.CodeGen.CodeReloadInPlaceILPostProcessor, zzzUnity.Burst.CodeGen.BurstILPostProcessor
info: Unity.ILPP.Runner.PostProcessingPipeline[0]
      Processing assembly Library/Bee/artifacts/200b0aE.dag/Unity.RenderPipelines.Universal.Editor.dll, with 137 defines and 333 references
info: Unity.ILPP.Runner.PostProcessingPipeline[0]
      processors: Unity.Jobs.CodeGen.JobsILPostProcessor, Unity.Pipeline.CodeGen.CodeReloadInPlaceILPostProcessor, zzzUnity.Burst.CodeGen.BurstILPostProcessor
info: Unity.ILPP.Runner.PostProcessingPipeline[0]
      running Unity.Jobs.CodeGen.JobsILPostProcessor
info: Unity.ILPP.Runner.PostProcessingPipeline[0]
      Processing assembly Library/Bee/artifacts/200b0aE.dag/MCPForUnity.Editor.dll, with 135 defines and 301 references
info: Unity.ILPP.Runner.PostProcessingPipeline[0]
      running Unity.Pipeline.CodeGen.CodeReloadInPlaceILPostProcessor
info: Unity.ILPP.Runner.PostProcessingPipeline[0]
      processors: Unity.Jobs.CodeGen.JobsILPostProcessor, Unity.Pipeline.CodeGen.CodeReloadInPlaceILPostProcessor, zzzUnity.Burst.CodeGen.BurstILPostProcessor
info: Unity.ILPP.Runner.PostProcessingPipeline[0]
      running zzzUnity.Burst.CodeGen.BurstILPostProcessor
info: Unity.ILPP.Runner.PostProcessingPipeline[0]
      Processing assembly Library/Bee/artifacts/200b0aE.dag/Unity.AI.Pbr.Srp.dll, with 135 defines and 321 references
info: Unity.ILPP.Runner.PostProcessingPipeline[0]
      processors: Unity.Jobs.CodeGen.JobsILPostProcessor, Unity.Pipeline.CodeGen.CodeReloadInPlaceILPostProcessor, zzzUnity.Burst.CodeGen.BurstILPostProcessor
info: Unity.ILPP.Runner.PostProcessingPipeline[0]
      Processing assembly Library/Bee/artifacts/200b0aE.dag/Unity.AppUI.Navigation.Editor.dll, with 136 defines and 324 references
info: Unity.ILPP.Runner.PostProcessingPipeline[0]
      processors: Unity.Jobs.CodeGen.JobsILPostProcessor, Unity.Pipeline.CodeGen.CodeReloadInPlaceILPostProcessor, zzzUnity.Burst.CodeGen.BurstILPostProcessor
info: Unity.ILPP.Runner.PostProcessingPipeline[0]
      running Unity.Jobs.CodeGen.JobsILPostProcessor
info: Unity.ILPP.Runner.PostProcessingPipeline[0]
      running Unity.Pipeline.CodeGen.CodeReloadInPlaceILPostProcessor
info: Unity.ILPP.Runner.PostProcessingPipeline[0]
      running zzzUnity.Burst.CodeGen.BurstILPostProcessor
info: Unity.ILPP.Runner.PostProcessingPipeline[0]
      running Unity.Jobs.CodeGen.JobsILPostProcessor
info: Unity.ILPP.Runner.PostProcessingPipeline[0]
      running Unity.Pipeline.CodeGen.CodeReloadInPlaceILPostProcessor
info: Unity.ILPP.Runner.PostProcessingPipeline[0]
      running zzzUnity.Burst.CodeGen.BurstILPostProcessor
info: Unity.ILPP.Runner.PostProcessingPipeline[0]
      Processing assembly Library/Bee/artifacts/200b0aE.dag/Unity.AppUI.Editor.dll, with 138 defines and 322 references
info: Unity.ILPP.Runner.PostProcessingPipeline[0]
      Processing assembly Library/Bee/artifacts/200b0aE.dag/LastSignal.Art.Editor.dll, with 135 defines and 324 references
info: Unity.ILPP.Runner.PostProcessingPipeline[0]
      processors: Unity.Jobs.CodeGen.JobsILPostProcessor, Unity.Pipeline.CodeGen.CodeReloadInPlaceILPostProcessor, zzzUnity.Burst.CodeGen.BurstILPostProcessor
info: Unity.ILPP.Runner.PostProcessingPipeline[0]
      processors: Unity.Jobs.CodeGen.JobsILPostProcessor, Unity.Pipeline.CodeGen.CodeReloadInPlaceILPostProcessor, zzzUnity.Burst.CodeGen.BurstILPostProcessor
info: Unity.ILPP.Runner.PostProcessingPipeline[0]
      running Unity.Jobs.CodeGen.JobsILPostProcessor
info: Unity.ILPP.Runner.PostProcessingPipeline[0]
      running Unity.Pipeline.CodeGen.CodeReloadInPlaceILPostProcessor
info: Unity.ILPP.Runner.PostProcessingPipeline[0]
      running zzzUnity.Burst.CodeGen.BurstILPostProcessor
info: Microsoft.AspNetCore.Routing.EndpointMiddleware[1]
      Executed endpoint 'gRPC - /UnityILPP.PostProcessing/PostProcessAssembly'
info: Microsoft.AspNetCore.Routing.EndpointMiddleware[1]
      Executed endpoint 'gRPC - /UnityILPP.PostProcessing/PostProcessAssembly'
info: Microsoft.AspNetCore.Hosting.Diagnostics[2]
      Request finished HTTP/2 POST http://ilpp/UnityILPP.PostProcessing/PostProcessAssembly - 200 - application/grpc 16.0162ms
info: Microsoft.AspNetCore.Hosting.Diagnostics[2]
      Request finished HTTP/2 POST http://ilpp/UnityILPP.PostProcessing/PostProcessAssembly - 200 - application/grpc 12.5164ms
info: Microsoft.AspNetCore.Hosting.Diagnostics[1]
      Request starting HTTP/2 POST http://ilpp/UnityILPP.PostProcessing/PostProcessAssembly - application/grpc -
info: Microsoft.AspNetCore.Routing.EndpointMiddleware[1]
      Executed endpoint 'gRPC - /UnityILPP.PostProcessing/PostProcessAssembly'
info: Microsoft.AspNetCore.Hosting.Diagnostics[2]
      Request finished HTTP/2 POST http://ilpp/UnityILPP.PostProcessing/PostProcessAssembly - 200 - application/grpc 12.5195ms
info: Microsoft.AspNetCore.Routing.EndpointMiddleware[0]
      Executing endpoint 'gRPC - /UnityILPP.PostProcessing/PostProcessAssembly'
info: Unity.ILPP.Runner.PostProcessingPipeline[0]
      running Unity.Jobs.CodeGen.JobsILPostProcessor
info: Unity.ILPP.Runner.PostProcessingPipeline[0]
      running Unity.Pipeline.CodeGen.CodeReloadInPlaceILPostProcessor
info: Unity.ILPP.Runner.PostProcessingPipeline[0]
      running zzzUnity.Burst.CodeGen.BurstILPostProcessor
info: Unity.ILPP.Runner.PostProcessingPipeline[0]
      running Unity.Jobs.CodeGen.JobsILPostProcessor
info: Unity.ILPP.Runner.PostProcessingPipeline[0]
      running Unity.Pipeline.CodeGen.CodeReloadInPlaceILPostProcessor
info: Unity.ILPP.Runner.PostProcessingPipeline[0]
      running zzzUnity.Burst.CodeGen.BurstILPostProcessor
info: Unity.ILPP.Runner.PostProcessingPipeline[0]
      running Unity.Jobs.CodeGen.JobsILPostProcessor
info: Unity.ILPP.Runner.PostProcessingPipeline[0]
      running Unity.Pipeline.CodeGen.CodeReloadInPlaceILPostProcessor
info: Unity.ILPP.Runner.PostProcessingPipeline[0]
      running zzzUnity.Burst.CodeGen.BurstILPostProcessor
info: Unity.ILPP.Runner.PostProcessingPipeline[0]
      Processing assembly Library/Bee/artifacts/200b0aE.dag/UnityEditor.UI.Analytics.dll, with 135 defines and 321 references
info: Unity.ILPP.Runner.PostProcessingPipeline[0]
      processors: Unity.Jobs.CodeGen.JobsILPostProcessor, Unity.Pipeline.CodeGen.CodeReloadInPlaceILPostProcessor, zzzUnity.Burst.CodeGen.BurstILPostProcessor
info: Unity.ILPP.Runner.PostProcessingPipeline[0]
      Processing assembly Library/Bee/artifacts/200b0aE.dag/Unity.AI.Toolkit.Compliance.dll, with 135 defines and 320 references
info: Unity.ILPP.Runner.PostProcessingPipeline[0]
      processors: Unity.Jobs.CodeGen.JobsILPostProcessor, Unity.Pipeline.CodeGen.CodeReloadInPlaceILPostProcessor, zzzUnity.Burst.CodeGen.BurstILPostProcessor
info: Unity.ILPP.Runner.PostProcessingPipeline[0]
      running Unity.Jobs.CodeGen.JobsILPostProcessor
info: Unity.ILPP.Runner.PostProcessingPipeline[0]
      running Unity.Pipeline.CodeGen.CodeReloadInPlaceILPostProcessor
info: Unity.ILPP.Runner.PostProcessingPipeline[0]
      running zzzUnity.Burst.CodeGen.BurstILPostProcessor
info: Unity.ILPP.Runner.PostProcessingPipeline[0]
      running Unity.Jobs.CodeGen.JobsILPostProcessor
info: Unity.ILPP.Runner.PostProcessingPipeline[0]
      running Unity.Pipeline.CodeGen.CodeReloadInPlaceILPostProcessor
info: Unity.ILPP.Runner.PostProcessingPipeline[0]
      running zzzUnity.Burst.CodeGen.BurstILPostProcessor
info: Microsoft.AspNetCore.Routing.EndpointMiddleware[1]
      Executed endpoint 'gRPC - /UnityILPP.PostProcessing/PostProcessAssembly'
info: Microsoft.AspNetCore.Routing.EndpointMiddleware[1]
      Executed endpoint 'gRPC - /UnityILPP.PostProcessing/PostProcessAssembly'
info: Microsoft.AspNetCore.Routing.EndpointMiddleware[1]
      Executed endpoint 'gRPC - /UnityILPP.PostProcessing/PostProcessAssembly'
info: Microsoft.AspNetCore.Hosting.Diagnostics[2]
      Request finished HTTP/2 POST http://ilpp/UnityILPP.PostProcessing/PostProcessAssembly - 200 - application/grpc 20.5162ms
info: Microsoft.AspNetCore.Routing.EndpointMiddleware[1]
      Executed endpoint 'gRPC - /UnityILPP.PostProcessing/PostProcessAssembly'
info: Microsoft.AspNetCore.Hosting.Diagnostics[2]
      Request finished HTTP/2 POST http://ilpp/UnityILPP.PostProcessing/PostProcessAssembly - 200 - application/grpc 23.9770ms
info: Microsoft.AspNetCore.Hosting.Diagnostics[2]
      Request finished HTTP/2 POST http://ilpp/UnityILPP.PostProcessing/PostProcessAssembly - 200 - application/grpc 24.0270ms
info: Microsoft.AspNetCore.Hosting.Diagnostics[2]
      Request finished HTTP/2 POST http://ilpp/UnityILPP.PostProcessing/PostProcessAssembly - 200 - application/grpc 20.6035ms
info: Microsoft.AspNetCore.Routing.EndpointMiddleware[1]
      Executed endpoint 'gRPC - /UnityILPP.PostProcessing/PostProcessAssembly'
info: Microsoft.AspNetCore.Hosting.Diagnostics[2]
      Request finished HTTP/2 POST http://ilpp/UnityILPP.PostProcessing/PostProcessAssembly - 200 - application/grpc 22.7630ms
info: Microsoft.AspNetCore.Routing.EndpointMiddleware[1]
      Executed endpoint 'gRPC - /UnityILPP.PostProcessing/PostProcessAssembly'
info: Microsoft.AspNetCore.Hosting.Diagnostics[2]
      Request finished HTTP/2 POST http://ilpp/UnityILPP.PostProcessing/PostProcessAssembly - 200 - application/grpc 23.1047ms
info: Unity.ILPP.Runner.PostProcessingPipeline[0]
      Processing assembly Library/Bee/artifacts/200b0aE.dag/Unity.Collections.Editor.dll, with 136 defines and 321 references
info: Unity.ILPP.Runner.PostProcessingPipeline[0]
      processors: Unity.Jobs.CodeGen.JobsILPostProcessor, Unity.Pipeline.CodeGen.CodeReloadInPlaceILPostProcessor, zzzUnity.Burst.CodeGen.BurstILPostProcessor
info: Unity.ILPP.Runner.PostProcessingPipeline[0]
      Processing assembly Library/Bee/artifacts/200b0aE.dag/Unity.CollabProxy.Editor.dll, with 135 defines and 321 references
info: Unity.ILPP.Runner.PostProcessingPipeline[0]
      processors: Unity.Jobs.CodeGen.JobsILPostProcessor, Unity.Pipeline.CodeGen.CodeReloadInPlaceILPostProcessor, zzzUnity.Burst.CodeGen.BurstILPostProcessor
info: Unity.ILPP.Runner.PostProcessingPipeline[0]
      running Unity.Jobs.CodeGen.JobsILPostProcessor
info: Unity.ILPP.Runner.PostProcessingPipeline[0]
      running Unity.Jobs.CodeGen.JobsILPostProcessor
info: Unity.ILPP.Runner.PostProcessingPipeline[0]
      running Unity.Pipeline.CodeGen.CodeReloadInPlaceILPostProcessor
info: Unity.ILPP.Runner.PostProcessingPipeline[0]
      running zzzUnity.Burst.CodeGen.BurstILPostProcessor
info: Microsoft.AspNetCore.Routing.EndpointMiddleware[1]
      Executed endpoint 'gRPC - /UnityILPP.PostProcessing/PostProcessAssembly'
info: Microsoft.AspNetCore.Hosting.Diagnostics[2]
      Request finished HTTP/2 POST http://ilpp/UnityILPP.PostProcessing/PostProcessAssembly - 200 - application/grpc 22.9717ms
info: Unity.ILPP.Runner.PostProcessingPipeline[0]
      running Unity.Pipeline.CodeGen.CodeReloadInPlaceILPostProcessor
info: Unity.ILPP.Runner.PostProcessingPipeline[0]
      running zzzUnity.Burst.CodeGen.BurstILPostProcessor
info: Microsoft.AspNetCore.Routing.EndpointMiddleware[1]
      Executed endpoint 'gRPC - /UnityILPP.PostProcessing/PostProcessAssembly'
info: Microsoft.AspNetCore.Hosting.Diagnostics[2]
      Request finished HTTP/2 POST http://ilpp/UnityILPP.PostProcessing/PostProcessAssembly - 200 - application/grpc 34.1002ms
ExitCode: 0 Duration: 5s546ms
Finished compiling graph: 1592 nodes, 39022 flattened edges (31788 ToBuild, 288 ToUse), maximum node priority 1933
[ 195/1589  0s] WriteText Library/Bee/artifacts/200b0aE.dag/UnityEngine.TestRunner.rsp
[ 208/1589  0s] WriteText Library/Bee/artifacts/200b0aE.dag/UnityEditor.TestRunner.rsp
[ 211/1589  0s] WriteText Library/Bee/artifacts/200b0aE.dag/UnityEngine.UI.rsp
[ 214/1589  0s] WriteText Library/Bee/artifacts/200b0aE.dag/Unity.Mathematics.rsp
[ 215/1589  0s] WriteText Library/Bee/artifacts/200b0aE.dag/Unity.Collections.rsp
[ 218/1589  0s] WriteText Library/Bee/artifacts/200b0aE.dag/Unity.Burst.rsp
[ 220/1589  0s] WriteText Library/Bee/artifacts/200b0aE.dag/UnityEditor.UI.rsp
[ 244/1589  0s] WriteText Library/Bee/artifacts/200b0aE.dag/Unity.AI.Toolkit.Async.rsp
[ 245/1589  0s] WriteText Library/Bee/artifacts/200b0aE.dag/Unity.Collections.CodeGen.rsp
[ 251/1589  0s] WriteText Library/Bee/artifacts/200b0aE.dag/Unity.AI.Toolkit.Asset.rsp
[ 252/1589  0s] WriteText Library/Bee/artifacts/200b0aE.dag/Unity.InputSystem.rsp
[ 253/1589  0s] WriteText Library/Bee/artifacts/200b0aE.dag/Unity.AI.Generators.Redux.rsp
[ 256/1589  0s] WriteText Library/Bee/artifacts/200b0aE.dag/Unity.Pipeline.CodeGen.rsp
[ 257/1589  0s] WriteText Library/Bee/artifacts/200b0aE.dag/Unity.Burst.CodeGen.rsp
[ 259/1589  0s] WriteText Library/Bee/artifacts/200b0aE.dag/Unity.AI.Toolkit.Utility.rsp
[ 260/1589  0s] WriteText Library/Bee/artifacts/200b0aE.dag/Unity.AI.Generators.Contexts.rsp
[ 261/1589  0s] WriteText Library/Bee/artifacts/200b0aE.dag/Unity.AI.Toolkit.Compliance.rsp
[ 277/1589  0s] WriteText Library/Bee/artifacts/200b0aE.dag/Unity.AI.Tracing.rsp
[ 286/1589  0s] WriteText Library/Bee/artifacts/200b0aE.dag/Unity.RenderPipelines.Core.Runtime.rsp
[ 287/1589  0s] WriteText Library/Bee/artifacts/200b0aE.dag/Unity.AI.Generators.IO.rsp
[ 288/1589  0s] WriteText Library/Bee/artifacts/200b0aE.dag/Unity.AI.Assistant.Runtime.rsp
[ 289/1589  0s] WriteText Library/Bee/artifacts/200b0aE.dag/Unity.AI.Generators.IO.Srp.rsp
[ 290/1589  0s] WriteText Library/Bee/artifacts/200b0aE.dag/Unity.AI.Assistant.Agent.Dynamic.Extension.Editor.rsp
[ 292/1589  0s] WriteText Library/Bee/artifacts/200b0aE.dag/Unity.UnifiedRayTracing.Runtime.rsp
[ 294/1589  0s] WriteText Library/Bee/artifacts/200b0aE.dag/Unity.AI.Generators.Asset.rsp
[ 295/1589  0s] WriteText Library/Bee/artifacts/200b0aE.dag/Unity.AI.Assistant.Bridge.Editor.rsp
[ 296/1589  0s] WriteText Library/Bee/artifacts/200b0aE.dag/Unity.AI.Toolkit.Accounts.rsp
[ 326/1589  0s] WriteText Library/Bee/artifacts/200b0aE.dag/Unity.2D.Sprite.Editor.rsp
[ 327/1589  0s] WriteText Library/Bee/artifacts/200b0aE.dag/Unity.InternalAPIEngineBridge.RenderPipelines.Core.Runtime.Shared.rsp
[ 329/1589  0s] WriteText Library/Bee/artifacts/200b0aE.dag/Unity.PathTracing.Runtime.rsp
[ 334/1589  0s] WriteText Library/Bee/artifacts/200b0aE.dag/Unity.InferenceEngine.rsp
[ 336/1589  0s] WriteText Library/Bee/artifacts/200b0aE.dag/Unity.AI.Assistant.Editor.rsp
[ 344/1589  0s] WriteText Library/Bee/artifacts/200b0aE.dag/Unity.VisualScripting.Core.rsp
[ 345/1589  0s] WriteText Library/Bee/artifacts/200b0aE.dag/Unity.AppUI.InternalAPIBridge.rsp
[ 346/1589  0s] WriteText Library/Bee/artifacts/200b0aE.dag/Unity.AI.Generators.UI.rsp
[ 370/1589  0s] WriteText Library/Bee/artifacts/200b0aE.dag/Unity.RenderPipelines.Universal.Config.Runtime.rsp
[ 372/1589  0s] WriteText Library/Bee/artifacts/200b0aE.dag/Unity.RenderPipelines.Core.Runtime.Shared.rsp
[ 373/1589  0s] WriteText Library/Bee/artifacts/200b0aE.dag/Unity.VisualScripting.Flow.rsp
[ 376/1589  0s] WriteText Library/Bee/artifacts/200b0aE.dag/Unity.RenderPipelines.GPUDriven.Runtime.rsp
[ 378/1589  0s] WriteText Library/Bee/artifacts/200b0aE.dag/Unity.SurfaceCache.Runtime.rsp
[ 379/1589  0s] WriteText Library/Bee/artifacts/200b0aE.dag/Unity.RenderPipeline.Universal.ShaderLibrary.rsp
[ 380/1589  0s] WriteText Library/Bee/artifacts/200b0aE.dag/Unity.AI.Generators.Sdk.rsp
[ 381/1589  0s] WriteText Library/Bee/artifacts/200b0aE.dag/Unity.AI.ModelSelector.rsp
[ 389/1589  0s] WriteText Library/Bee/artifacts/200b0aE.dag/Unity.AI.Search.Editor.rsp
[ 397/1589  0s] WriteText Library/Bee/artifacts/200b0aE.dag/Unity.AppUI.rsp
[ 400/1589  0s] WriteText Library/Bee/artifacts/200b0aE.dag/HFDownloader.rsp
[ 401/1589  0s] WriteText Library/Bee/artifacts/200b0aE.dag/Unity.PathTracing.Editor.rsp
[ 403/1589  0s] WriteText Library/Bee/artifacts/200b0aE.dag/Unity.AI.Generators.UI.AIDropdownIntegrations.rsp
[ 404/1589  0s] WriteText Library/Bee/artifacts/200b0aE.dag/Unity.AI.Toolkit.GenerationContextMenu.rsp
[ 406/1589  0s] WriteText Library/Bee/artifacts/200b0aE.dag/Unity.InternalAPIEngineBridge.RenderPipelines.Core.Editor.rsp
[ 416/1589  0s] WriteText Library/Bee/artifacts/200b0aE.dag/Unity.AI.Toolkit.GenerationObjectPicker.rsp
[ 418/1589  0s] WriteText Library/Bee/artifacts/200b0aE.dag/Unity.AI.Assistant.Tools.Editor.rsp
[ 447/1589  0s] WriteText Library/Bee/artifacts/200b0aE.dag/Unity.VisualScripting.Core.Editor.rsp
[ 455/1589  0s] WriteText Library/Bee/artifacts/200b0aE.dag/Unity.AI.Navigation.rsp
[ 456/1589  0s] WriteText Library/Bee/artifacts/200b0aE.dag/Unity.AI.Image.rsp
[ 457/1589  0s] WriteText Library/Bee/artifacts/200b0aE.dag/Unity.RenderPipelines.Core.Editor.rsp
[ 458/1589  0s] WriteText Library/Bee/artifacts/200b0aE.dag/Unity.AI.Mesh.rsp
[ 459/1589  0s] WriteText Library/Bee/artifacts/200b0aE.dag/Unity.AI.Sound.rsp
[ 462/1589  0s] WriteText Library/Bee/artifacts/200b0aE.dag/Unity.VisualScripting.Flow.Editor.rsp
[ 464/1589  0s] WriteText Library/Bee/artifacts/200b0aE.dag/Unity.VisualScripting.State.rsp
[ 465/1589  0s] WriteText Library/Bee/artifacts/200b0aE.dag/Unity.AI.Pbr.rsp
[ 466/1589  0s] WriteText Library/Bee/artifacts/200b0aE.dag/Unity.AI.Assistant.Annotations.Editor.rsp
[ 467/1589  0s] WriteText Library/Bee/artifacts/200b0aE.dag/Unity.Searcher.Editor.rsp
[ 468/1589  0s] WriteText Library/Bee/artifacts/200b0aE.dag/Unity.AI.Animate.rsp
[ 470/1589  0s] WriteText Library/Bee/artifacts/200b0aE.dag/Unity.InternalAPIEngineBridge.004.rsp
[ 473/1589  0s] WriteText Library/Bee/artifacts/200b0aE.dag/Unity.InternalAPIEditorBridge.ShaderGraph.Editor.rsp
[ 474/1589  0s] WriteText Library/Bee/artifacts/200b0aE.dag/Unity.ShaderGraph.Utilities.rsp
[ 475/1589  0s] WriteText Library/Bee/artifacts/200b0aE.dag/Unity.RenderPipelines.Universal.Runtime.rsp
[ 476/1589  0s] WriteText Library/Bee/artifacts/200b0aE.dag/Unity.AI.Animate.Motion.Runtime.rsp
[ 481/1589  0s] WriteText Library/Bee/artifacts/200b0aE.dag/Unity.AI.Navigation.Editor.ConversionSystem.rsp
[ 485/1589  0s] WriteText Library/Bee/artifacts/200b0aE.dag/Unity.AI.Assistant.UI.Editor.rsp
[ 487/1589  0s] WriteText Library/Bee/artifacts/200b0aE.dag/Unity.Pipeline.Attributes.rsp
[ 496/1589  0s] WriteText Library/Bee/artifacts/200b0aE.dag/Unity.Pipeline.IlInterpreter.rsp
[ 503/1589  0s] WriteText Library/Bee/artifacts/200b0aE.dag/Unity.AI.Pbr.Srp.rsp
[ 518/1589  0s] WriteText Library/Bee/artifacts/200b0aE.dag/Unity.AppUI.Redux.rsp
[ 529/1589  0s] WriteText Library/Bee/artifacts/200b0aE.dag/Unity.InferenceEngine.Microsoft.Msagl.rsp
[ 543/1589  0s] WriteText Library/Bee/artifacts/200b0aE.dag/Unity.AI.Generators.Tools.rsp
[ 544/1589  0s] WriteText Library/Bee/artifacts/200b0aE.dag/Unity.RenderPipelines.Core.Editor.Shared.rsp
[ 545/1589  0s] WriteText Library/Bee/artifacts/200b0aE.dag/Unity.ShaderGraph.Editor.rsp
[ 546/1589  0s] WriteText Library/Bee/artifacts/200b0aE.dag/Unity.AppUI.Editor.rsp
[ 547/1589  0s] WriteText Library/Bee/artifacts/200b0aE.dag/Unity.Burst.Editor.rsp
[ 549/1589  0s] WriteText Library/Bee/artifacts/200b0aE.dag/Unity.TextMeshPro.rsp
[ 550/1589  0s] WriteText Library/Bee/artifacts/200b0aE.dag/Unity.RenderPipelines.Universal.2D.Runtime.rsp
[ 551/1589  0s] WriteText Library/Bee/artifacts/200b0aE.dag/Unity.AI.MCP.Runtime.rsp
[ 552/1589  0s] WriteText Library/Bee/artifacts/200b0aE.dag/Unity.Pipeline.rsp
[ 553/1589  0s] WriteText Library/Bee/artifacts/200b0aE.dag/Unity.AI.Assistant.API.Editor.rsp
[ 555/1589  0s] WriteText Library/Bee/artifacts/200b0aE.dag/Unity.VisualScripting.State.Editor.rsp
[ 557/1589  0s] WriteText Library/Bee/artifacts/200b0aE.dag/MotionCore.Vehicle.Core.rsp
[ 558/1589  0s] WriteText Library/Bee/artifacts/200b0aE.dag/Unity.Multiplayer.Center.Common.rsp
[ 559/1589  0s] WriteText Library/Bee/artifacts/200b0aE.dag/Unity.InferenceEngine.ONNX.Editor.rsp
[ 560/1589  0s] WriteText Library/Bee/artifacts/200b0aE.dag/LastSignal.Runtime.rsp
[ 570/1589  0s] WriteText Library/Bee/artifacts/200b0aE.dag/Unity.AppUI.Navigation.rsp
[ 587/1589  0s] WriteText Library/Bee/artifacts/200b0aE.dag/Unity.AI.Navigation.Editor.rsp
[ 590/1589  0s] WriteText Library/Bee/artifacts/200b0aE.dag/Unity.Timeline.rsp
[ 599/1589  0s] WriteText Library/Bee/artifacts/200b0aE.dag/Unity.InferenceEngine.Editor.Visualizer.rsp
[ 603/1589  0s] WriteText Library/Bee/artifacts/200b0aE.dag/Unity.AI.Assistant.AssetGenerators.Editor.rsp
[ 647/1589  0s] WriteText Library/Bee/artifacts/200b0aE.dag/Unity.PlasticSCM.Editor.rsp
[ 663/1589  0s] WriteText Library/Bee/artifacts/200b0aE.dag/Unity.RenderPipelines.Universal.2D.Editor.Overrides.rsp
[ 664/1589  0s] WriteText Library/Bee/artifacts/200b0aE.dag/Unity.Rendering.LightTransport.Editor.rsp
[ 665/1589  0s] WriteText Library/Bee/artifacts/200b0aE.dag/Unity.VisualStudio.Editor.rsp
[ 666/1589  0s] WriteText Library/Bee/artifacts/200b0aE.dag/LastSignal.MotionCore.rsp
[ 667/1589  0s] WriteText Library/Bee/artifacts/200b0aE.dag/Unity.Rider.Editor.rsp
[ 668/1589  0s] WriteText Library/Bee/artifacts/200b0aE.dag/Unity.RenderPipelines.ShaderGraph.ShaderGraphLibrary.rsp
[ 669/1589  0s] WriteText Library/Bee/artifacts/200b0aE.dag/Unity.RenderPipelines.Universal.Shaders.rsp
[ 670/1589  0s] WriteText Library/Bee/artifacts/200b0aE.dag/MCPForUnity.Runtime.rsp
[ 671/1589  0s] WriteText Library/Bee/artifacts/200b0aE.dag/Unity.RenderPipelines.Universal.Editor.rsp
[ 672/1589  0s] WriteText Library/Bee/artifacts/200b0aE.dag/Unity.RenderPipelines.Core.ShaderLibrary.rsp
[ 673/1589  0s] WriteText Library/Bee/artifacts/200b0aE.dag/Unity.TextMeshPro.Editor.rsp
[ 674/1589  0s] WriteText Library/Bee/artifacts/200b0aE.dag/Unity.Pipeline.Editor.rsp
[ 675/1589  0s] WriteText Library/Bee/artifacts/200b0aE.dag/Unity.Multiplayer.Center.Editor.rsp
[ 676/1589  0s] WriteText Library/Bee/artifacts/200b0aE.dag/Unity.Timeline.Editor.rsp
[ 677/1589  0s] WriteText Library/Bee/artifacts/200b0aE.dag/Unity.InferenceEngine.iOSBLAS.rsp
[ 678/1589  0s] WriteText Library/Bee/artifacts/200b0aE.dag/Unity.InferenceEngine.MacBLAS.rsp
[ 679/1589  0s] WriteText Library/Bee/artifacts/200b0aE.dag/Unity.VisualScripting.Shared.Editor.rsp
[ 680/1589  0s] WriteText Library/Bee/artifacts/200b0aE.dag/Unity.InputSystem.ForUI.rsp
[ 681/1589  0s] WriteText Library/Bee/artifacts/200b0aE.dag/Unity.InferenceEngine.Editor.rsp
[ 682/1589  0s] WriteText Library/Bee/artifacts/200b0aE.dag/Unity.InferenceEngine.Tokenization.rsp
[ 683/1589  0s] WriteText Library/Bee/artifacts/200b0aE.dag/UnityEditor.UI.Analytics.rsp
[ 684/1589  0s] WriteText Library/Bee/artifacts/200b0aE.dag/Unity.AppUI.Redux.Editor.rsp
[ 693/1589  0s] WriteText Library/Bee/artifacts/200b0aE.dag/Unity.VisualScripting.SettingsProvider.Editor.rsp
[ 697/1589  0s] WriteText Library/Bee/artifacts/200b0aE.dag/Unity.Collections.Editor.rsp
[ 704/1589  0s] WriteText Library/Bee/artifacts/200b0aE.dag/Unity.AppUI.Undo.rsp
[ 705/1589  0s] WriteText Library/Bee/artifacts/200b0aE.dag/Unity.AppUI.MVVM.rsp
[ 706/1589  0s] WriteText Library/Bee/artifacts/200b0aE.dag/Unity.AI.Navigation.Updater.rsp
[ 707/1589  0s] WriteText Library/Bee/artifacts/200b0aE.dag/Unity.AppUI.Navigation.Editor.rsp
[ 708/1589  0s] WriteText Library/Bee/artifacts/200b0aE.dag/Unity.AI.Assistant.Integrations.Profiler.Editor.rsp
[ 712/1589  0s] WriteText Library/Bee/artifacts/200b0aE.dag/Unity.InputSystem.TestFramework.rsp
[ 715/1589  0s] WriteText Library/Bee/artifacts/200b0aE.dag/Unity.AI.MCP.Editor.rsp
[ 732/1589  0s] WriteText Library/Bee/artifacts/200b0aE.dag/LastSignal.Art.Editor.rsp
[ 736/1589  0s] WriteText Library/Bee/artifacts/200b0aE.dag/MCPForUnity.Editor.rsp
[ 738/1589  0s] WriteText Library/Bee/artifacts/200b0aE.dag/MotionCore.Vehicle.Core.Editor.rsp
[ 743/1589  0s] Csc Library/Bee/artifacts/200b0aE.dag/UnityEngine.TestRunner.dll (+2 others) [CacheHit 35658e1790f0ba2cfffe57386d6604d900000000000000000000000000000006]
[ 744/1589  0s] WriteText Library/Bee/artifacts/200b0aE.dag/LastSignal.Editor.rsp
[ 745/1589  0s] Csc Library/Bee/artifacts/200b0aE.dag/UnityEngine.TestRunner.dll (+2 others)
[ 747/1589  0s] WriteText Library/Bee/artifacts/200b0aE.dag/LastSignal.VehicleAuthoring.rsp
[ 744/1589  0s] Csc Library/Bee/artifacts/200b0aE.dag/Unity.Pipeline.CodeGen.dll (+2 others) [CacheHit 8f29c2da2b3c4797870643cb4ba7ae9d00000000000000000000000000000006]
[ 749/1589  0s] WriteText Library/Bee/artifacts/200b0aE.dag/Assembly-CSharp.rsp
[ 750/1589  0s] Csc Library/Bee/artifacts/200b0aE.dag/Unity.Pipeline.CodeGen.dll (+2 others)
[ 746/1589  0s] Csc Library/Bee/artifacts/200b0aE.dag/UnityEngine.UI.dll (+2 others) [CacheHit 131a86323635e12c8fa4511ede72f02800000000000000000000000000000006]
[ 752/1589  0s] Csc Library/Bee/artifacts/200b0aE.dag/UnityEngine.UI.dll (+2 others)
[ 756/1589  0s] CopyFiles Library/ScriptAssemblies/UnityEngine.TestRunner.dll
[ 757/1589  0s] CopyFiles Library/ScriptAssemblies/Unity.Pipeline.CodeGen.dll
[ 758/1589  0s] WriteText Library/Bee/artifacts/200b0aE.dag/Unity.PerformanceTesting.rsp
[ 759/1589  0s] WriteText Library/Bee/artifacts/200b0aE.dag/Unity.PlasticSCM.Editor.Entities.rsp
[ 760/1589  0s] WriteText Library/Bee/artifacts/200b0aE.dag/LastSignal.Art.EditorTests.rsp
[ 761/1589  0s] WriteText Library/Bee/artifacts/200b0aE.dag/Assembly-CSharp-Editor.rsp
[ 762/1589  0s] WriteText Library/Bee/artifacts/200b0aE.dag/Unity.InputSystem.DocCodeSamples.rsp
[ 763/1589  0s] WriteText Library/Bee/artifacts/200b0aE.dag/Unity.CollabProxy.Editor.rsp
[ 764/1589  0s] WriteText Library/Bee/artifacts/200b0aE.dag/LastSignal.PlayModeTests.rsp
[ 765/1589  0s] WriteText Library/Bee/artifacts/200b0aE.dag/Unity.PerformanceTesting.Editor.rsp
[ 766/1589  0s] WriteText Library/Bee/artifacts/200b0aE.dag/LastSignal.EditModeTests.rsp
[ 767/1589  0s] WriteText Library/Bee/artifacts/200b0aE.dag/Unity.VisualScripting.DocCodeExamples.rsp
[ 768/1589  0s] CopyFiles Library/ScriptAssemblies/Unity.Pipeline.CodeGen.pdb
[ 769/1589  0s] CopyFiles Library/ScriptAssemblies/UnityEngine.TestRunner.pdb
[ 766/1589  0s] Csc Library/Bee/artifacts/200b0aE.dag/UnityEditor.TestRunner.dll (+2 others) [CacheHit 3c78200f3fb50593d926f112da9675c900000000000000000000000000000006]
[ 770/1589  0s] Csc Library/Bee/artifacts/200b0aE.dag/UnityEditor.TestRunner.dll (+2 others)
[ 773/1589  0s] CopyFiles Library/ScriptAssemblies/UnityEditor.TestRunner.pdb
[ 774/1589  0s] CopyFiles Library/ScriptAssemblies/UnityEditor.TestRunner.dll
[ 771/1589  0s] Csc Library/Bee/artifacts/200b0aE.dag/UnityEditor.UI.dll (+2 others) [CacheHit ca8df8d0ca86da4f00347d4b06e0fd3b00000000000000000000000000000006]
[ 776/1589  0s] Csc Library/Bee/artifacts/200b0aE.dag/UnityEditor.UI.dll (+2 others)
[ 785/1589  0s] Csc Library/Bee/artifacts/200b0aE.dag/Unity.Mathematics.dll (+2 others) [CacheHit b7086e9ddc5937ed9373945315fdb67200000000000000000000000000000006]
[ 791/1589  0s] Csc Library/Bee/artifacts/200b0aE.dag/Unity.Mathematics.dll (+2 others)
[ 787/1589  0s] Csc Library/Bee/artifacts/200b0aE.dag/Unity.AI.Toolkit.Compliance.dll (+2 others) [CacheHit c17e981098269df314ff6dcdddec911000000000000000000000000000000006]
[ 794/1589  0s] Csc Library/Bee/artifacts/200b0aE.dag/Unity.AI.Toolkit.Compliance.dll (+2 others)
[ 789/1589  0s] Csc Library/Bee/artifacts/200b0aE.dag/Unity.AI.Toolkit.Utility.dll (+2 others) [CacheHit d379007750158fe6fcc553969f64b0f100000000000000000000000000000006]
[ 799/1589  0s] Csc Library/Bee/artifacts/200b0aE.dag/Unity.AI.Toolkit.Utility.dll (+2 others)
[ 794/1589  0s] Csc Library/Bee/artifacts/200b0aE.dag/Unity.AI.Tracing.dll (+2 others) [CacheHit 47339f23ec522c7113fc689acc8de4dd00000000000000000000000000000006]
[ 803/1589  0s] Csc Library/Bee/artifacts/200b0aE.dag/Unity.AI.Tracing.dll (+2 others)
[ 795/1589  0s] Csc Library/Bee/artifacts/200b0aE.dag/Unity.AI.Assistant.Agent.Dynamic.Extension.Editor.dll (+2 others) [CacheHit 9878ebb082e07eafbdf3fbf74d1c739200000000000000000000000000000006]
[ 806/1589  0s] Csc Library/Bee/artifacts/200b0aE.dag/Unity.AI.Assistant.Agent.Dynamic.Extension.Editor.dll (+2 others)
[ 798/1589  0s] Csc Library/Bee/artifacts/200b0aE.dag/Unity.AI.Generators.Contexts.dll (+2 others) [CacheHit 47f88d1f04f0aa0a4029108a04ee942300000000000000000000000000000006]
[ 810/1589  0s] Csc Library/Bee/artifacts/200b0aE.dag/Unity.AI.Generators.Contexts.dll (+2 others)
[ 800/1589  0s] Csc Library/Bee/artifacts/200b0aE.dag/Unity.AI.Generators.IO.Srp.dll (+2 others) [CacheHit 15d5dbe758f69aeea40dae08a8fa28ca00000000000000000000000000000006]
[ 812/1589  0s] Csc Library/Bee/artifacts/200b0aE.dag/Unity.AI.Generators.IO.Srp.dll (+2 others)
[ 807/1589  0s] Csc Library/Bee/artifacts/200b0aE.dag/Unity.AI.Assistant.Bridge.Editor.dll (+2 others) [CacheHit 3af84124a9c3e01d7bae5cb739aa87bf00000000000000000000000000000006]
[ 820/1589  0s] Csc Library/Bee/artifacts/200b0aE.dag/Unity.AI.Assistant.Bridge.Editor.dll (+2 others)
[ 809/1589  0s] Csc Library/Bee/artifacts/200b0aE.dag/Unity.AI.Toolkit.Async.dll (+2 others) [CacheHit 1b4f6d4f7f5c92f1bff7b26999734ec000000000000000000000000000000006]
[ 823/1589  0s] Csc Library/Bee/artifacts/200b0aE.dag/Unity.AI.Toolkit.Async.dll (+2 others)
[ 810/1589  0s] Csc Library/Bee/artifacts/200b0aE.dag/Unity.Burst.dll (+2 others) [CacheHit 6d114a604207ec20b2959e5d79e0ddc000000000000000000000000000000006]
[ 825/1589  0s] Csc Library/Bee/artifacts/200b0aE.dag/Unity.Burst.dll (+2 others)
[ 816/1589  0s] Csc Library/Bee/artifacts/200b0aE.dag/Unity.2D.Sprite.Editor.dll (+2 others) [CacheHit 934d0cd29c7e1f2f9ab09d56af583fd200000000000000000000000000000006]
[ 832/1589  0s] Csc Library/Bee/artifacts/200b0aE.dag/Unity.2D.Sprite.Editor.dll (+2 others)
[ 817/1589  0s] Csc Library/Bee/artifacts/200b0aE.dag/HFDownloader.dll (+2 others) [CacheHit 7d5f0bc91376a6269cdb827f6cc10db900000000000000000000000000000006]
[ 834/1589  0s] Csc Library/Bee/artifacts/200b0aE.dag/HFDownloader.dll (+2 others)
[ 819/1589  0s] Csc Library/Bee/artifacts/200b0aE.dag/Unity.AppUI.InternalAPIBridge.dll (+2 others) [CacheHit 1b2e72e3c52cae470e5b9c55285cb90800000000000000000000000000000006]
[ 837/1589  0s] Csc Library/Bee/artifacts/200b0aE.dag/Unity.AppUI.InternalAPIBridge.dll (+2 others)
[ 820/1589  0s] Csc Library/Bee/artifacts/200b0aE.dag/Unity.InputSystem.dll (+2 others) [CacheHit f4b2db965b11680ce01defdd5e4ba8c200000000000000000000000000000006]
[ 840/1589  0s] Csc Library/Bee/artifacts/200b0aE.dag/Unity.InputSystem.dll (+2 others)
[ 823/1589  0s] Csc Library/Bee/artifacts/200b0aE.dag/Unity.InternalAPIEngineBridge.RenderPipelines.Core.Runtime.Shared.dll (+2 others) [CacheHit 896ec76bff730e47153b09a0df3b083600000000000000000000000000000006]
[ 843/1589  0s] Csc Library/Bee/artifacts/200b0aE.dag/Unity.InternalAPIEngineBridge.RenderPipelines.Core.Runtime.Shared.dll (+2 others)
[ 824/1589  0s] Csc Library/Bee/artifacts/200b0aE.dag/Unity.AI.Animate.Motion.Runtime.dll (+2 others) [CacheHit 353b73eb8d38ca096f13144e61dc89f000000000000000000000000000000006]
[ 845/1589  0s] Csc Library/Bee/artifacts/200b0aE.dag/Unity.AI.Animate.Motion.Runtime.dll (+2 others)
[ 834/1589  0s] Csc Library/Bee/artifacts/200b0aE.dag/Unity.AI.Pbr.Srp.dll (+2 others) [CacheHit 03392eb52479cab1bb89a36d4390ebf600000000000000000000000000000006]
[ 856/1589  0s] Csc Library/Bee/artifacts/200b0aE.dag/Unity.AI.Pbr.Srp.dll (+2 others)
[ 836/1589  0s] Csc Library/Bee/artifacts/200b0aE.dag/Unity.AI.Assistant.Annotations.Editor.dll (+2 others) [CacheHit 27709463642e0d3f2bd04ac70909085700000000000000000000000000000006]
[ 859/1589  0s] Csc Library/Bee/artifacts/200b0aE.dag/Unity.AI.Assistant.Annotations.Editor.dll (+2 others)
[ 837/1589  0s] Csc Library/Bee/artifacts/200b0aE.dag/Unity.InternalAPIEngineBridge.RenderPipelines.Core.Editor.dll (+2 others) [CacheHit b66f9d8058289cd1bd6f8c64669b679800000000000000000000000000000006]
[ 861/1589  0s] Csc Library/Bee/artifacts/200b0aE.dag/Unity.InternalAPIEngineBridge.RenderPipelines.Core.Editor.dll (+2 others)
[ 838/1589  0s] Csc Library/Bee/artifacts/200b0aE.dag/Unity.Burst.CodeGen.dll (+2 others) [CacheHit b927695d8748edffbd8b8371f7f0f93100000000000000000000000000000006]
[ 863/1589  0s] Csc Library/Bee/artifacts/200b0aE.dag/Unity.Burst.CodeGen.dll (+2 others)
[ 839/1589  0s] Csc Library/Bee/artifacts/200b0aE.dag/Unity.AI.Assistant.Runtime.dll (+2 others) [CacheHit 7a6e941504b30b2b8059c0d9c586991400000000000000000000000000000006]
[ 865/1589  0s] Csc Library/Bee/artifacts/200b0aE.dag/Unity.AI.Assistant.Runtime.dll (+2 others)
[ 845/1589  0s] Csc Library/Bee/artifacts/200b0aE.dag/Unity.AI.Toolkit.Asset.dll (+2 others) [CacheHit dd1c1171a430eef5a757739ca3fabaa400000000000000000000000000000006]
[ 872/1589  0s] Csc Library/Bee/artifacts/200b0aE.dag/Unity.AI.Toolkit.Asset.dll (+2 others)
[ 849/1589  0s] Csc Library/Bee/artifacts/200b0aE.dag/Unity.AI.Generators.Redux.dll (+2 others) [CacheHit bebec33cb0814a2ab51f9856fd624fce00000000000000000000000000000006]
[ 877/1589  0s] Csc Library/Bee/artifacts/200b0aE.dag/Unity.AI.Generators.Redux.dll (+2 others)
[ 850/1589  0s] Csc Library/Bee/artifacts/200b0aE.dag/Unity.Collections.dll (+2 others) [CacheHit 8d0d2b7347a34b617e81a1147be7375800000000000000000000000000000006]
[ 879/1589  0s] Csc Library/Bee/artifacts/200b0aE.dag/Unity.Collections.dll (+2 others)
[ 853/1589  0s] Csc Library/Bee/artifacts/200b0aE.dag/Unity.InternalAPIEngineBridge.004.dll (+2 others) [CacheHit 8ee8ad23bc6db8f18bfcae2ec1d7cd7900000000000000000000000000000006]
[ 883/1589  0s] Csc Library/Bee/artifacts/200b0aE.dag/Unity.InternalAPIEngineBridge.004.dll (+2 others)
[ 854/1589  0s] Csc Library/Bee/artifacts/200b0aE.dag/Unity.AI.Navigation.dll (+2 others) [CacheHit 6212c57d7242da3439562e0cf9e1a45400000000000000000000000000000006]
[ 885/1589  0s] Csc Library/Bee/artifacts/200b0aE.dag/Unity.AI.Navigation.dll (+2 others)
[ 859/1589  0s] Csc Library/Bee/artifacts/200b0aE.dag/Unity.Pipeline.Attributes.dll (+2 others) [CacheHit 4e77787fdfe97ae20ae55f36a25aa62c00000000000000000000000000000006]
[ 891/1589  0s] Csc Library/Bee/artifacts/200b0aE.dag/Unity.Pipeline.Attributes.dll (+2 others)
[ 861/1589  0s] Csc Library/Bee/artifacts/200b0aE.dag/Unity.Pipeline.IlInterpreter.dll (+2 others) [CacheHit f6908b268aac2ec106f289a31cca34d100000000000000000000000000000006]
[ 894/1589  0s] Csc Library/Bee/artifacts/200b0aE.dag/Unity.Pipeline.IlInterpreter.dll (+2 others)
[ 863/1589  0s] Csc Library/Bee/artifacts/200b0aE.dag/Unity.Searcher.Editor.dll (+2 others) [CacheHit 75a1424826ae96ee668b0e1046467bf300000000000000000000000000000006]
[ 897/1589  0s] Csc Library/Bee/artifacts/200b0aE.dag/Unity.Searcher.Editor.dll (+2 others)
[ 865/1589  0s] Csc Library/Bee/artifacts/200b0aE.dag/Unity.AI.Navigation.Editor.ConversionSystem.dll (+2 others) [CacheHit 12fc03e5182f68f363357b73b49c550200000000000000000000000000000006]
[ 900/1589  0s] Csc Library/Bee/artifacts/200b0aE.dag/Unity.AI.Navigation.Editor.ConversionSystem.dll (+2 others)
[ 866/1589  0s] Csc Library/Bee/artifacts/200b0aE.dag/Unity.InternalAPIEditorBridge.ShaderGraph.Editor.dll (+2 others) [CacheHit 777f280c5f94210f4d5c291ef6ccefcb00000000000000000000000000000006]
[ 903/1589  0s] Csc Library/Bee/artifacts/200b0aE.dag/Unity.InternalAPIEditorBridge.ShaderGraph.Editor.dll (+2 others)
[ 876/1589  0s] Csc Library/Bee/artifacts/200b0aE.dag/Unity.AppUI.dll (+2 others) [CacheHit 7fc3a4510d534075a8abc24be0a9ff8900000000000000000000000000000006]
[ 913/1589  0s] Csc Library/Bee/artifacts/200b0aE.dag/Unity.AppUI.dll (+2 others)
[ 879/1589  0s] Csc Library/Bee/artifacts/200b0aE.dag/Unity.UnifiedRayTracing.Runtime.dll (+2 others) [CacheHit 1e7b964875d43bbb20bb8acc338ea12300000000000000000000000000000006]
[ 917/1589  0s] Csc Library/Bee/artifacts/200b0aE.dag/Unity.UnifiedRayTracing.Runtime.dll (+2 others)
[ 880/1589  0s] Csc Library/Bee/artifacts/200b0aE.dag/Unity.Collections.CodeGen.dll (+2 others) [CacheHit 91e2179f0c9794f7278ad007bb5c664200000000000000000000000000000006]
[ 919/1589  0s] Csc Library/Bee/artifacts/200b0aE.dag/Unity.Collections.CodeGen.dll (+2 others)
[ 882/1589  0s] Csc Library/Bee/artifacts/200b0aE.dag/Unity.AI.Generators.Asset.dll (+2 others) [CacheHit ec54497bb860ef12dee6908fa8dd5a7e00000000000000000000000000000006]
[ 923/1589  0s] Csc Library/Bee/artifacts/200b0aE.dag/Unity.AI.Generators.Asset.dll (+2 others)
[ 886/1589  0s] Csc Library/Bee/artifacts/200b0aE.dag/Unity.RenderPipelines.Core.Runtime.dll (+2 others) [CacheHit c0f0cfee8d99a68216748577dab24b6500000000000000000000000000000006]
[ 927/1589  0s] Csc Library/Bee/artifacts/200b0aE.dag/Unity.RenderPipelines.Core.Runtime.dll (+2 others)
[ 887/1589  0s] Csc Library/Bee/artifacts/200b0aE.dag/Unity.ShaderGraph.Utilities.dll (+2 others) [CacheHit 0343e2baa6ada43bf29027f7a2f64da500000000000000000000000000000006]
[ 929/1589  0s] Csc Library/Bee/artifacts/200b0aE.dag/Unity.ShaderGraph.Utilities.dll (+2 others)
[ 888/1589  0s] Csc Library/Bee/artifacts/200b0aE.dag/Unity.AI.Toolkit.Accounts.dll (+2 others) [CacheHit ddb9ebc2a6f6d0b2d78db47df98b8e0200000000000000000000000000000006]
[ 931/1589  0s] Csc Library/Bee/artifacts/200b0aE.dag/Unity.AI.Toolkit.Accounts.dll (+2 others)
[ 890/1589  0s] Csc Library/Bee/artifacts/200b0aE.dag/Unity.VisualScripting.Core.dll (+2 others) [CacheHit 9578a844cdd600473f34b1f3f22fe97300000000000000000000000000000006]
[ 935/1589  0s] Csc Library/Bee/artifacts/200b0aE.dag/Unity.VisualScripting.Core.dll (+2 others)
[ 899/1589  0s] Csc Library/Bee/artifacts/200b0aE.dag/Unity.InferenceEngine.dll (+2 others) [CacheHit e6d824213d7f2f14c5bd6d74ec65f7c500000000000000000000000000000006]
[ 944/1589  0s] Csc Library/Bee/artifacts/200b0aE.dag/Unity.InferenceEngine.dll (+2 others)
[ 902/1589  0s] Csc Library/Bee/artifacts/200b0aE.dag/Unity.AI.Generators.IO.dll (+2 others) [CacheHit 5bd2e85e1292543d31b79ef70dbccb0300000000000000000000000000000006]
[ 948/1589  0s] Csc Library/Bee/artifacts/200b0aE.dag/Unity.AI.Generators.IO.dll (+2 others)
[ 903/1589  0s] Csc Library/Bee/artifacts/200b0aE.dag/Unity.AppUI.Redux.dll (+2 others) [CacheHit e93ba7e4fcd090b8c6e2fe9066fb814200000000000000000000000000000006]
[ 950/1589  0s] Csc Library/Bee/artifacts/200b0aE.dag/Unity.AppUI.Redux.dll (+2 others)
[ 908/1589  0s] Csc Library/Bee/artifacts/200b0aE.dag/Unity.Burst.Editor.dll (+2 others) [CacheHit 3d07e0fcf7bc3a41fd11150add29343f00000000000000000000000000000006]
[ 956/1589  0s] Csc Library/Bee/artifacts/200b0aE.dag/Unity.Burst.Editor.dll (+2 others)
[ 909/1589  0s] Csc Library/Bee/artifacts/200b0aE.dag/Unity.TextMeshPro.dll (+2 others) [CacheHit 86f6cf8e9244f7680a48c0d979989a9c00000000000000000000000000000006]
[ 958/1589  0s] Csc Library/Bee/artifacts/200b0aE.dag/Unity.TextMeshPro.dll (+2 others)
[ 911/1589  0s] Csc Library/Bee/artifacts/200b0aE.dag/Unity.RenderPipeline.Universal.ShaderLibrary.dll (+2 others) [CacheHit d14e1e27ccfe6d63bcf89c4d5754208f00000000000000000000000000000006]
[ 961/1589  0s] Csc Library/Bee/artifacts/200b0aE.dag/Unity.RenderPipeline.Universal.ShaderLibrary.dll (+2 others)
[ 912/1589  0s] Csc Library/Bee/artifacts/200b0aE.dag/Unity.AppUI.Editor.dll (+2 others) [CacheHit 4b0c9bad21e60ca35f496717eb21aef800000000000000000000000000000006]
[ 963/1589  0s] Csc Library/Bee/artifacts/200b0aE.dag/Unity.AppUI.Editor.dll (+2 others)
[ 915/1589  0s] Csc Library/Bee/artifacts/200b0aE.dag/Unity.PathTracing.Runtime.dll (+2 others) [CacheHit e65c658d20f6065267880910c7a6bc1500000000000000000000000000000006]
[ 967/1589  0s] Csc Library/Bee/artifacts/200b0aE.dag/Unity.PathTracing.Runtime.dll (+2 others)
[ 918/1589  0s] Csc Library/Bee/artifacts/200b0aE.dag/Unity.RenderPipelines.Core.Runtime.Shared.dll (+2 others) [CacheHit 33b0ba14dcfc896d9d27453fa3251c8500000000000000000000000000000006]
[ 971/1589  0s] Csc Library/Bee/artifacts/200b0aE.dag/Unity.RenderPipelines.Core.Runtime.Shared.dll (+2 others)
[ 919/1589  0s] Csc Library/Bee/artifacts/200b0aE.dag/Unity.RenderPipelines.GPUDriven.Runtime.dll (+2 others) [CacheHit 3a305bda3934bf0eb7932520dc2fe32600000000000000000000000000000006]
[ 974/1589  0s] Csc Library/Bee/artifacts/200b0aE.dag/Unity.RenderPipelines.GPUDriven.Runtime.dll (+2 others)
[ 926/1589  0s] Csc Library/Bee/artifacts/200b0aE.dag/Unity.InferenceEngine.Microsoft.Msagl.dll (+2 others) [CacheHit f41d2c911598a321753e3a69a1a22cbe00000000000000000000000000000006]
[ 981/1589  0s] Csc Library/Bee/artifacts/200b0aE.dag/Unity.InferenceEngine.Microsoft.Msagl.dll (+2 others)
[ 927/1589  0s] Csc Library/Bee/artifacts/200b0aE.dag/Unity.AI.Assistant.Editor.dll (+2 others) [CacheHit 516ab8042ecdd2951c064eed941219a600000000000000000000000000000006]
[ 983/1589  0s] Csc Library/Bee/artifacts/200b0aE.dag/Unity.AI.Assistant.Editor.dll (+2 others)
[ 930/1589  0s] Csc Library/Bee/artifacts/200b0aE.dag/Unity.AI.Generators.UI.AIDropdownIntegrations.dll (+2 others) [CacheHit bdb6c9c8d457f1dc2b803362ca4934e500000000000000000000000000000006]
[ 987/1589  0s] Csc Library/Bee/artifacts/200b0aE.dag/Unity.AI.Generators.UI.AIDropdownIntegrations.dll (+2 others)
[ 931/1589  0s] Csc Library/Bee/artifacts/200b0aE.dag/Unity.PathTracing.Editor.dll (+2 others) [CacheHit 250e23756cc0b800a7ca4bca931a656800000000000000000000000000000006]
[ 989/1589  0s] Csc Library/Bee/artifacts/200b0aE.dag/Unity.PathTracing.Editor.dll (+2 others)
[ 939/1589  0s] Csc Library/Bee/artifacts/200b0aE.dag/Unity.SurfaceCache.Runtime.dll (+2 others) [CacheHit 7247eacd7b8c0112338c00504f1939bd00000000000000000000000000000006]
[ 998/1589  0s] Csc Library/Bee/artifacts/200b0aE.dag/Unity.SurfaceCache.Runtime.dll (+2 others)
[ 940/1589  0s] Csc Library/Bee/artifacts/200b0aE.dag/Unity.AI.Toolkit.GenerationObjectPicker.dll (+2 others) [CacheHit dd302da5ca15086702e4f6d615e9107d00000000000000000000000000000006]
[1001/1589  0s] Csc Library/Bee/artifacts/200b0aE.dag/Unity.AI.Toolkit.GenerationObjectPicker.dll (+2 others)
[ 942/1589  0s] Csc Library/Bee/artifacts/200b0aE.dag/Unity.AI.Toolkit.GenerationContextMenu.dll (+2 others) [CacheHit b817dfdc555de239aaaaf6bb0df0996f00000000000000000000000000000006]
[1004/1589  0s] Csc Library/Bee/artifacts/200b0aE.dag/Unity.AI.Toolkit.GenerationContextMenu.dll (+2 others)
[ 950/1589  0s] Csc Library/Bee/artifacts/200b0aE.dag/Unity.AI.Search.Editor.dll (+2 others) [CacheHit d1d1b58ede315d66c1192fef039c377900000000000000000000000000000006]
[1012/1589  0s] Csc Library/Bee/artifacts/200b0aE.dag/Unity.AI.Search.Editor.dll (+2 others)
[ 953/1589  0s] Csc Library/Bee/artifacts/200b0aE.dag/Unity.AI.Generators.Sdk.dll (+2 others) [CacheHit c33cf87603f7e9a8fed6ecc949cbe1cd00000000000000000000000000000006]
[1016/1589  0s] Csc Library/Bee/artifacts/200b0aE.dag/Unity.AI.Generators.Sdk.dll (+2 others)
[ 955/1589  0s] Csc Library/Bee/artifacts/200b0aE.dag/Unity.VisualScripting.Flow.dll (+2 others) [CacheHit 4b7df3aaa24288464119b50051c2f93000000000000000000000000000000006]
[1019/1589  0s] Csc Library/Bee/artifacts/200b0aE.dag/Unity.VisualScripting.Flow.dll (+2 others)
[ 956/1589  0s] Csc Library/Bee/artifacts/200b0aE.dag/Unity.VisualScripting.Core.Editor.dll (+2 others) [CacheHit 79b36c2098210c1558c89cc49618ef5100000000000000000000000000000006]
[1021/1589  0s] Csc Library/Bee/artifacts/200b0aE.dag/Unity.VisualScripting.Core.Editor.dll (+2 others)
[ 957/1589  0s] Csc Library/Bee/artifacts/200b0aE.dag/Unity.RenderPipelines.Universal.Config.Runtime.dll (+2 others) [CacheHit 994fe6416fffcb47ff14756c524e416100000000000000000000000000000006]
[1023/1589  0s] Csc Library/Bee/artifacts/200b0aE.dag/Unity.RenderPipelines.Universal.Config.Runtime.dll (+2 others)
[ 958/1589  0s] Csc Library/Bee/artifacts/200b0aE.dag/Unity.AI.Generators.UI.dll (+2 others) [CacheHit b0e20e11c9cca2b57d89bcbdb64b2f7600000000000000000000000000000006]
[1025/1589  0s] Csc Library/Bee/artifacts/200b0aE.dag/Unity.AI.Generators.UI.dll (+2 others)
[ 967/1589  0s] Csc Library/Bee/artifacts/200b0aE.dag/Unity.Timeline.dll (+2 others) [CacheHit 63f2854adf00ce3ab6e1bac84aae0c6900000000000000000000000000000006]
[1035/1589  0s] Csc Library/Bee/artifacts/200b0aE.dag/Unity.Timeline.dll (+2 others)
[ 968/1589  0s] Csc Library/Bee/artifacts/200b0aE.dag/Unity.RenderPipelines.Core.Editor.dll (+2 others) [CacheHit c86e1b0c33ad95f57e46f735edc3e68000000000000000000000000000000006]
[1037/1589  0s] Csc Library/Bee/artifacts/200b0aE.dag/Unity.RenderPipelines.Core.Editor.dll (+2 others)
[ 969/1589  0s] Csc Library/Bee/artifacts/200b0aE.dag/Unity.Multiplayer.Center.Common.dll (+2 others) [CacheHit 0ca0cd273cc439ddf107e5bd2480ab8100000000000000000000000000000006]
[1039/1589  0s] Csc Library/Bee/artifacts/200b0aE.dag/Unity.Multiplayer.Center.Common.dll (+2 others)
[ 972/1589  0s] Csc Library/Bee/artifacts/200b0aE.dag/Unity.AI.MCP.Runtime.dll (+2 others) [CacheHit 47a1bd512f201a873f349336103a2f6e00000000000000000000000000000006]
[1043/1589  0s] Csc Library/Bee/artifacts/200b0aE.dag/Unity.AI.MCP.Runtime.dll (+2 others)
[ 974/1589  0s] Csc Library/Bee/artifacts/200b0aE.dag/Unity.AI.Assistant.Tools.Editor.dll (+2 others) [CacheHit 3243a36789301b72dc35979d031fff9200000000000000000000000000000006]
[1046/1589  0s] Csc Library/Bee/artifacts/200b0aE.dag/Unity.AI.Assistant.Tools.Editor.dll (+2 others)
[ 977/1589  0s] Csc Library/Bee/artifacts/200b0aE.dag/Unity.AI.ModelSelector.dll (+2 others) [CacheHit 142cd7624f7aa1b0d3d257482f9d42a300000000000000000000000000000006]
[1050/1589  0s] Csc Library/Bee/artifacts/200b0aE.dag/Unity.AI.ModelSelector.dll (+2 others)
[ 981/1589  0s] Csc Library/Bee/artifacts/200b0aE.dag/Unity.AI.Navigation.Editor.dll (+2 others) [CacheHit c54388bf25c29ac7518af0bf6232240300000000000000000000000000000006]
[1055/1589  0s] Csc Library/Bee/artifacts/200b0aE.dag/Unity.AI.Navigation.Editor.dll (+2 others)
[ 985/1589  0s] Csc Library/Bee/artifacts/200b0aE.dag/Unity.VisualScripting.State.dll (+2 others) [CacheHit ab73f39e751e36547d8b7da4554d941800000000000000000000000000000006]
[1060/1589  0s] Csc Library/Bee/artifacts/200b0aE.dag/Unity.VisualScripting.State.dll (+2 others)
[ 986/1589  0s] Csc Library/Bee/artifacts/200b0aE.dag/Unity.RenderPipelines.Universal.Runtime.dll (+2 others) [CacheHit a2795b961ba5263e97015107ff3ade3000000000000000000000000000000006]
[1062/1589  0s] Csc Library/Bee/artifacts/200b0aE.dag/Unity.RenderPipelines.Universal.Runtime.dll (+2 others)
[ 987/1589  0s] Csc Library/Bee/artifacts/200b0aE.dag/Unity.VisualScripting.Flow.Editor.dll (+2 others) [CacheHit 82cb9e43d49d32fdd9217e0c902507b000000000000000000000000000000006]
[1064/1589  0s] Csc Library/Bee/artifacts/200b0aE.dag/Unity.VisualScripting.Flow.Editor.dll (+2 others)
[ 988/1589  0s] Csc Library/Bee/artifacts/200b0aE.dag/Unity.Pipeline.dll (+2 others) [CacheHit df6df9421a9b6496109fdb6a725958a400000000000000000000000000000006]
[1066/1589  0s] Csc Library/Bee/artifacts/200b0aE.dag/Unity.Pipeline.dll (+2 others)
[ 993/1589  0s] Csc Library/Bee/artifacts/200b0aE.dag/Unity.AppUI.Navigation.dll (+2 others) [CacheHit 9fbde0a5973289ff2256325f3c46572a00000000000000000000000000000006]
[1072/1589  0s] Csc Library/Bee/artifacts/200b0aE.dag/Unity.AppUI.Navigation.dll (+2 others)
[ 994/1589  0s] Csc Library/Bee/artifacts/200b0aE.dag/Unity.RenderPipelines.Core.Editor.Shared.dll (+2 others) [CacheHit f4ce63f702d56dfd7f5beaa78225a45f00000000000000000000000000000006]
[1074/1589  0s] Csc Library/Bee/artifacts/200b0aE.dag/Unity.RenderPipelines.Core.Editor.Shared.dll (+2 others)
[ 997/1589  0s] Csc Library/Bee/artifacts/200b0aE.dag/Unity.AI.Assistant.UI.Editor.dll (+2 others) [CacheHit a157585bed39e3506cb164227ade41a600000000000000000000000000000006]
[1078/1589  0s] Csc Library/Bee/artifacts/200b0aE.dag/Unity.AI.Assistant.UI.Editor.dll (+2 others)
[1000/1589  0s] Csc Library/Bee/artifacts/200b0aE.dag/Unity.ShaderGraph.Editor.dll (+2 others) [CacheHit da6740636c5d0731c782a69bf42f454e00000000000000000000000000000006]
[1082/1589  0s] Csc Library/Bee/artifacts/200b0aE.dag/Unity.ShaderGraph.Editor.dll (+2 others)
[1001/1589  0s] Csc Library/Bee/artifacts/200b0aE.dag/Unity.AI.Animate.dll (+2 others) [CacheHit 12c112748613dd7be6c607edd51d9c8b00000000000000000000000000000006]
[1084/1589  0s] Csc Library/Bee/artifacts/200b0aE.dag/Unity.AI.Animate.dll (+2 others)
[1004/1589  0s] Csc Library/Bee/artifacts/200b0aE.dag/Unity.AI.Sound.dll (+2 others) [CacheHit ba91247827fb9e04f74fb2d78dfcb3a000000000000000000000000000000006]
[1088/1589  0s] Csc Library/Bee/artifacts/200b0aE.dag/Unity.AI.Sound.dll (+2 others)
[1005/1589  0s] Csc Library/Bee/artifacts/200b0aE.dag/Unity.AI.Pbr.dll (+2 others) [CacheHit 0d409d52d5a325a35b5319d89c5f8b5b00000000000000000000000000000006]
[1090/1589  0s] Csc Library/Bee/artifacts/200b0aE.dag/Unity.AI.Pbr.dll (+2 others)
[1018/1589  0s] Csc Library/Bee/artifacts/200b0aE.dag/Unity.AI.Image.dll (+2 others) [CacheHit a063aa9746af68a00894025d1e385ea100000000000000000000000000000006]
[1106/1589  0s] Csc Library/Bee/artifacts/200b0aE.dag/Unity.AI.Image.dll (+2 others)
[1019/1589  0s] Csc Library/Bee/artifacts/200b0aE.dag/Unity.AI.Mesh.dll (+2 others) [CacheHit f1fba452e2dc3e621aa066997eecdb2d00000000000000000000000000000006]
[1108/1589  0s] Csc Library/Bee/artifacts/200b0aE.dag/Unity.AI.Mesh.dll (+2 others)
[1031/1589  0s] Csc Library/Bee/artifacts/200b0aE.dag/Unity.VisualScripting.State.Editor.dll (+2 others) [CacheHit 900b9b3fe2486f197d50bf1985a909dc00000000000000000000000000000006]
[1119/1589  0s] Csc Library/Bee/artifacts/200b0aE.dag/Unity.VisualScripting.State.Editor.dll (+2 others)
[1032/1589  0s] Csc Library/Bee/artifacts/200b0aE.dag/Unity.RenderPipelines.Universal.2D.Runtime.dll (+2 others) [CacheHit 88318af9c91b750313cb47e8b57cb80500000000000000000000000000000006]
[1121/1589  0s] Csc Library/Bee/artifacts/200b0aE.dag/Unity.RenderPipelines.Universal.2D.Runtime.dll (+2 others)
[1035/1589  0s] Csc Library/Bee/artifacts/200b0aE.dag/Unity.AI.Assistant.API.Editor.dll (+2 others) [CacheHit 5e2f6a7117019b7c03ca8aad755c712300000000000000000000000000000006]
[1125/1589  0s] Csc Library/Bee/artifacts/200b0aE.dag/Unity.AI.Assistant.API.Editor.dll (+2 others)
[1040/1589  0s] Csc Library/Bee/artifacts/200b0aE.dag/Unity.InferenceEngine.ONNX.Editor.dll (+2 others) [CacheHit f5c2be21567ad01c16cd2fac7373c19c00000000000000000000000000000006]
[1131/1589  0s] Csc Library/Bee/artifacts/200b0aE.dag/Unity.InferenceEngine.ONNX.Editor.dll (+2 others)
[1041/1589  0s] Csc Library/Bee/artifacts/200b0aE.dag/Unity.InferenceEngine.Editor.Visualizer.dll (+2 others) [CacheHit f03d6a66bc7f9ff92ecbd49eac613edb00000000000000000000000000000006]
[1133/1589  0s] Csc Library/Bee/artifacts/200b0aE.dag/Unity.InferenceEngine.Editor.Visualizer.dll (+2 others)
[1062/1589  0s] Csc Library/Bee/artifacts/200b0aE.dag/Unity.AI.Generators.Tools.dll (+2 others) [CacheHit 6367dc0a41e2e01667b479c9de4b039600000000000000000000000000000006]
[1155/1589  0s] Csc Library/Bee/artifacts/200b0aE.dag/Unity.AI.Generators.Tools.dll (+2 others)
[1065/1589  0s] Csc Library/Bee/artifacts/200b0aE.dag/Unity.VisualStudio.Editor.dll (+2 others) [CacheHit 844cf0285bd7a4a9ba61e1e4d893b08900000000000000000000000000000006]
[1159/1589  0s] Csc Library/Bee/artifacts/200b0aE.dag/Unity.VisualStudio.Editor.dll (+2 others)
[1066/1589  0s] Csc Library/Bee/artifacts/200b0aE.dag/Unity.RenderPipelines.Core.ShaderLibrary.dll (+2 others) [CacheHit 097f8cad91eb5971a47bdbce082d716100000000000000000000000000000006]
[1161/1589  0s] Csc Library/Bee/artifacts/200b0aE.dag/Unity.RenderPipelines.Core.ShaderLibrary.dll (+2 others)
[1067/1589  0s] Csc Library/Bee/artifacts/200b0aE.dag/MCPForUnity.Runtime.dll (+2 others) [CacheHit 4e21a995a4ba2e46b5cf2f72c8bb913000000000000000000000000000000006]
[1163/1589  0s] Csc Library/Bee/artifacts/200b0aE.dag/MCPForUnity.Runtime.dll (+2 others)
[1068/1589  0s] Csc Library/Bee/artifacts/200b0aE.dag/Unity.PlasticSCM.Editor.dll (+2 others) [CacheHit 11b5e5366705e5f8adb7c405acea28ef00000000000000000000000000000006]
[1165/1589  0s] Csc Library/Bee/artifacts/200b0aE.dag/Unity.PlasticSCM.Editor.dll (+2 others)
[1069/1589  0s] Csc Library/Bee/artifacts/200b0aE.dag/Unity.Rider.Editor.dll (+2 others) [CacheHit 4794d6cb7acdfa49d2bb95fab633a54800000000000000000000000000000006]
[1167/1589  0s] Csc Library/Bee/artifacts/200b0aE.dag/Unity.Rider.Editor.dll (+2 others)
[1070/1589  0s] Csc Library/Bee/artifacts/200b0aE.dag/Unity.InferenceEngine.MacBLAS.dll (+2 others) [CacheHit 5500c6e101d043bb2fe9571eafd998dc00000000000000000000000000000006]
[1169/1589  0s] Csc Library/Bee/artifacts/200b0aE.dag/Unity.InferenceEngine.MacBLAS.dll (+2 others)
[1071/1589  0s] Csc Library/Bee/artifacts/200b0aE.dag/Unity.Collections.Editor.dll (+2 others) [CacheHit dfb1ea08b044c69791245ea79d4d169400000000000000000000000000000006]
[1171/1589  0s] Csc Library/Bee/artifacts/200b0aE.dag/Unity.Collections.Editor.dll (+2 others)
[1072/1589  0s] Csc Library/Bee/artifacts/200b0aE.dag/Unity.AI.Assistant.AssetGenerators.Editor.dll (+2 others) [CacheHit 509f3480deaac2ca4d7b331ad03b912200000000000000000000000000000006]
[1173/1589  0s] Csc Library/Bee/artifacts/200b0aE.dag/Unity.AI.Assistant.AssetGenerators.Editor.dll (+2 others)
[1177/1589  0s] ILPP-Configuration Library/ilpp-configuration.nevergeneratedoutput
[1076/1589  0s] Csc Library/Bee/artifacts/200b0aE.dag/Unity.AI.Navigation.Updater.dll (+2 others) [CacheHit cdad9b5b84ae56f1326d526e7f1196fd00000000000000000000000000000006]
[1178/1589  0s] Csc Library/Bee/artifacts/200b0aE.dag/Unity.AI.Navigation.Updater.dll (+2 others)
[1077/1589  0s] Csc Library/Bee/artifacts/200b0aE.dag/Unity.AI.Assistant.Integrations.Profiler.Editor.dll (+2 others) [CacheHit e9ca36badef6c94b7ff27463cb5686e400000000000000000000000000000006]
[1180/1589  0s] Csc Library/Bee/artifacts/200b0aE.dag/Unity.AI.Assistant.Integrations.Profiler.Editor.dll (+2 others)
[1078/1589  0s] Csc Library/Bee/artifacts/200b0aE.dag/Unity.RenderPipelines.Universal.2D.Editor.Overrides.dll (+2 others) [CacheHit 372f4fe09ebe147e41d611a0914a3daa00000000000000000000000000000006]
[1182/1589  0s] Csc Library/Bee/artifacts/200b0aE.dag/Unity.RenderPipelines.Universal.2D.Editor.Overrides.dll (+2 others)
[1079/1589  0s] Csc Library/Bee/artifacts/200b0aE.dag/Unity.Rendering.LightTransport.Editor.dll (+2 others) [CacheHit 70e7528e6f490aad4c7648663db394f600000000000000000000000000000006]
[1184/1589  0s] Csc Library/Bee/artifacts/200b0aE.dag/Unity.Rendering.LightTransport.Editor.dll (+2 others)
[1080/1589  0s] Csc Library/Bee/artifacts/200b0aE.dag/Unity.AppUI.Undo.dll (+2 others) [CacheHit 90e4de8cbcf644d9b5f5ebcc2cab9b2100000000000000000000000000000006]
[1186/1589  0s] Csc Library/Bee/artifacts/200b0aE.dag/Unity.AppUI.Undo.dll (+2 others)
[1081/1589  0s] Csc Library/Bee/artifacts/200b0aE.dag/Unity.RenderPipelines.Universal.Shaders.dll (+2 others) [CacheHit 47cf5973773bf007e8fc709a4c5826e800000000000000000000000000000006]
[1188/1589  0s] Csc Library/Bee/artifacts/200b0aE.dag/Unity.RenderPipelines.Universal.Shaders.dll (+2 others)
[1082/1589  0s] Csc Library/Bee/artifacts/200b0aE.dag/Unity.RenderPipelines.Universal.Editor.dll (+2 others) [CacheHit 8be8fb2a8c9006cd6a4eff014cb3beea00000000000000000000000000000006]
[1190/1589  0s] Csc Library/Bee/artifacts/200b0aE.dag/Unity.RenderPipelines.Universal.Editor.dll (+2 others)
[1083/1589  0s] Csc Library/Bee/artifacts/200b0aE.dag/Unity.AI.MCP.Editor.dll (+2 others) [CacheHit 7c131541c25cc87f1a2fc629621b38af00000000000000000000000000000006]
[1192/1589  0s] Csc Library/Bee/artifacts/200b0aE.dag/Unity.AI.MCP.Editor.dll (+2 others)
[1084/1589  0s] Csc Library/Bee/artifacts/200b0aE.dag/Unity.InputSystem.ForUI.dll (+2 others) [CacheHit d08b7f27898039a0b3f1c13f220d3cab00000000000000000000000000000006]
[1194/1589  0s] Csc Library/Bee/artifacts/200b0aE.dag/Unity.InputSystem.ForUI.dll (+2 others)
[1085/1589  0s] Csc Library/Bee/artifacts/200b0aE.dag/UnityEditor.UI.Analytics.dll (+2 others) [CacheHit 3689ca86ad5c795dfe47a83bec4d735f00000000000000000000000000000006]
[1196/1589  0s] Csc Library/Bee/artifacts/200b0aE.dag/UnityEditor.UI.Analytics.dll (+2 others)
[1086/1589  0s] Csc Library/Bee/artifacts/200b0aE.dag/Unity.RenderPipelines.ShaderGraph.ShaderGraphLibrary.dll (+2 others) [CacheHit 5bfc59a4171a847fabd6992406fb882700000000000000000000000000000006]
[1198/1589  0s] Csc Library/Bee/artifacts/200b0aE.dag/Unity.RenderPipelines.ShaderGraph.ShaderGraphLibrary.dll (+2 others)
[1087/1589  0s] Csc Library/Bee/artifacts/200b0aE.dag/Unity.AppUI.Redux.Editor.dll (+2 others) [CacheHit b1a4239c2abc87eb9c1c2168a88d988900000000000000000000000000000006]
[1200/1589  0s] Csc Library/Bee/artifacts/200b0aE.dag/Unity.AppUI.Redux.Editor.dll (+2 others)
[1088/1589  0s] Csc Library/Bee/artifacts/200b0aE.dag/Unity.AppUI.Navigation.Editor.dll (+2 others) [CacheHit c71ac2cd7989c20f2b2e54fde90654b100000000000000000000000000000006]
[1202/1589  0s] Csc Library/Bee/artifacts/200b0aE.dag/Unity.AppUI.Navigation.Editor.dll (+2 others)
[1089/1589  0s] Csc Library/Bee/artifacts/200b0aE.dag/Unity.InferenceEngine.iOSBLAS.dll (+2 others) [CacheHit 7b7356bdf1bc114ca908a77db33ce94100000000000000000000000000000006]
[1204/1589  0s] Csc Library/Bee/artifacts/200b0aE.dag/Unity.InferenceEngine.iOSBLAS.dll (+2 others)
[1098/1589  0s] Csc Library/Bee/artifacts/200b0aE.dag/Unity.Pipeline.Editor.dll (+2 others) [CacheHit 575b3558cfba9e73b22dbb8e28eff67a00000000000000000000000000000006]
[1214/1589  0s] Csc Library/Bee/artifacts/200b0aE.dag/Unity.Pipeline.Editor.dll (+2 others)
[1100/1589  0s] Csc Library/Bee/artifacts/200b0aE.dag/Unity.InferenceEngine.Tokenization.dll (+2 others) [CacheHit 84af2dfdcf6e3248349872db2b62b7f500000000000000000000000000000006]
[1217/1589  0s] Csc Library/Bee/artifacts/200b0aE.dag/Unity.InferenceEngine.Tokenization.dll (+2 others)
[1101/1589  0s] Csc Library/Bee/artifacts/200b0aE.dag/Unity.VisualScripting.SettingsProvider.Editor.dll (+2 others) [CacheHit 1eacadca5509047621cdff756e5292e200000000000000000000000000000006]
[1219/1589  0s] Csc Library/Bee/artifacts/200b0aE.dag/Unity.VisualScripting.SettingsProvider.Editor.dll (+2 others)
[1242/1589  0s] MovedFromExtractor Library/Bee/artifacts/mvdfrm/Unity.InferenceEngine.Editor.Visualizer.ref.dll_502B49A7FE0FAC70.mvfrm
[1130/1589  0s] Csc Library/Bee/artifacts/200b0aE.dag/Unity.AppUI.MVVM.dll (+2 others) [CacheHit fc1925028e63fb85e5e58a23c7d4dea700000000000000000000000000000006]
[1249/1589  0s] Csc Library/Bee/artifacts/200b0aE.dag/Unity.AppUI.MVVM.dll (+2 others)
[1132/1589  0s] Csc Library/Bee/artifacts/200b0aE.dag/Unity.TextMeshPro.Editor.dll (+2 others) [CacheHit 550bb94ca38b5eb3cf8a7dc999034c8e00000000000000000000000000000006]
[1252/1589  0s] Csc Library/Bee/artifacts/200b0aE.dag/Unity.TextMeshPro.Editor.dll (+2 others)
[1134/1589  0s] Csc Library/Bee/artifacts/200b0aE.dag/Unity.VisualScripting.Shared.Editor.dll (+2 others) [CacheHit 0f39ae8c2a83227b6ee211158a069bda00000000000000000000000000000006]
[1255/1589  0s] Csc Library/Bee/artifacts/200b0aE.dag/Unity.VisualScripting.Shared.Editor.dll (+2 others)
[1136/1589  0s] Csc Library/Bee/artifacts/200b0aE.dag/Unity.InputSystem.TestFramework.dll (+2 others) [CacheHit 0b49b404ca4d6d3d5a108cf7edbe1fdf00000000000000000000000000000006]
[1258/1589  0s] Csc Library/Bee/artifacts/200b0aE.dag/Unity.InputSystem.TestFramework.dll (+2 others)
[1139/1589  0s] Csc Library/Bee/artifacts/200b0aE.dag/Unity.Multiplayer.Center.Editor.dll (+2 others) [CacheHit eb59e547467d52d4342c4d9b662c3f2e00000000000000000000000000000006]
[1262/1589  0s] Csc Library/Bee/artifacts/200b0aE.dag/Unity.Multiplayer.Center.Editor.dll (+2 others)
[1140/1589  0s] Csc Library/Bee/artifacts/200b0aE.dag/Unity.Timeline.Editor.dll (+2 others) [CacheHit d5841d309d4684ea40baec9e7405a9c100000000000000000000000000000006]
[1264/1589  0s] Csc Library/Bee/artifacts/200b0aE.dag/Unity.Timeline.Editor.dll (+2 others)
[1143/1589  0s] Csc Library/Bee/artifacts/200b0aE.dag/Unity.PerformanceTesting.dll (+2 others) [CacheHit ab8e8c524874755efe23444d79c5d3fd00000000000000000000000000000006]
[1268/1589  0s] Csc Library/Bee/artifacts/200b0aE.dag/Unity.PerformanceTesting.dll (+2 others)
[1145/1589  0s] Csc Library/Bee/artifacts/200b0aE.dag/Unity.PlasticSCM.Editor.Entities.dll (+2 others) [CacheHit 4fc0cc9b17975d5a6686d2c5ce2f94a600000000000000000000000000000006]
[1271/1589  0s] Csc Library/Bee/artifacts/200b0aE.dag/Unity.PlasticSCM.Editor.Entities.dll (+2 others)
[1147/1589  0s] Csc Library/Bee/artifacts/200b0aE.dag/Unity.InputSystem.DocCodeSamples.dll (+2 others) [CacheHit aecfb775afeec217296350cb34791a9b00000000000000000000000000000006]
[1274/1589  0s] Csc Library/Bee/artifacts/200b0aE.dag/Unity.InputSystem.DocCodeSamples.dll (+2 others)
[1148/1589  0s] Csc Library/Bee/artifacts/200b0aE.dag/Unity.CollabProxy.Editor.dll (+2 others) [CacheHit adbea18f07becdce1dcb2df714b7b36800000000000000000000000000000006]
[1276/1589  0s] Csc Library/Bee/artifacts/200b0aE.dag/Unity.CollabProxy.Editor.dll (+2 others)
[1149/1589  0s] Csc Library/Bee/artifacts/200b0aE.dag/MCPForUnity.Editor.dll (+2 others) [CacheHit 8293ea4efb7e9c8c724718e3fef4a7a000000000000000000000000000000006]
[1278/1589  0s] Csc Library/Bee/artifacts/200b0aE.dag/MCPForUnity.Editor.dll (+2 others)
[1150/1589  0s] Csc Library/Bee/artifacts/200b0aE.dag/Unity.VisualScripting.DocCodeExamples.dll (+2 others) [CacheHit f895eb2fab5cb9d954eadb39a36b8a2f00000000000000000000000000000006]
[1280/1589  0s] Csc Library/Bee/artifacts/200b0aE.dag/Unity.VisualScripting.DocCodeExamples.dll (+2 others)
[1151/1589  0s] Csc Library/Bee/artifacts/200b0aE.dag/Unity.PerformanceTesting.Editor.dll (+2 others) [CacheHit 9e510764557825ff2c7164fb8ac255e900000000000000000000000000000006]
[1282/1589  0s] Csc Library/Bee/artifacts/200b0aE.dag/Unity.PerformanceTesting.Editor.dll (+2 others)
[1284/1589  0s] MovedFromExtractor-Combine Library/Bee/artifacts/200b0aE.dag/Unity.InferenceEngine.Editor.dll.mvfrm
[1153/1589  0s] Csc Library/Bee/artifacts/200b0aE.dag/Unity.InferenceEngine.Editor.dll (+2 others) [CacheHit 085450b6166c66b2c35c46ac3551678f00000000000000000000000000000006]
[1285/1589  0s] Csc Library/Bee/artifacts/200b0aE.dag/Unity.InferenceEngine.Editor.dll (+2 others)
[1287/1589  0s] MovedFromExtractor Library/Bee/artifacts/mvdfrm/Unity.InferenceEngine.Editor.ref.dll_B4703DCC284D38A2.mvfrm
[1288/1589  0s] ILPostProcess Library/Bee/artifacts/200b0aE.dag/post-processed/Unity.Timeline.dll (+pdb)
Processing assembly Library/Bee/artifacts/200b0aE.dag/Unity.Timeline.dll, with 138 defines and 311 references
processors: Unity.Jobs.CodeGen.JobsILPostProcessor, Unity.Pipeline.CodeGen.CodeReloadInPlaceILPostProcessor, zzzUnity.Burst.CodeGen.BurstILPostProcessor
running Unity.Jobs.CodeGen.JobsILPostProcessor
running Unity.Pipeline.CodeGen.CodeReloadInPlaceILPostProcessor
running zzzUnity.Burst.CodeGen.BurstILPostProcessor
[1289/1589  0s] ILPostProcess Library/Bee/artifacts/200b0aE.dag/post-processed/Unity.PerformanceTesting.dll (+pdb)
Processing assembly Library/Bee/artifacts/200b0aE.dag/Unity.PerformanceTesting.dll, with 138 defines and 287 references
processors: Unity.Jobs.CodeGen.JobsILPostProcessor, Unity.Pipeline.CodeGen.CodeReloadInPlaceILPostProcessor, zzzUnity.Burst.CodeGen.BurstILPostProcessor
running Unity.Jobs.CodeGen.JobsILPostProcessor
running Unity.Pipeline.CodeGen.CodeReloadInPlaceILPostProcessor
running zzzUnity.Burst.CodeGen.BurstILPostProcessor
[1290/1589  0s] ILPostProcess Library/Bee/artifacts/200b0aE.dag/post-processed/Unity.AppUI.MVVM.dll (+pdb)
Processing assembly Library/Bee/artifacts/200b0aE.dag/Unity.AppUI.MVVM.dll, with 138 defines and 297 references
processors: Unity.Jobs.CodeGen.JobsILPostProcessor, Unity.Pipeline.CodeGen.CodeReloadInPlaceILPostProcessor, zzzUnity.Burst.CodeGen.BurstILPostProcessor
running Unity.Jobs.CodeGen.JobsILPostProcessor
running Unity.Pipeline.CodeGen.CodeReloadInPlaceILPostProcessor
running zzzUnity.Burst.CodeGen.BurstILPostProcessor
[1291/1589  0s] ILPostProcess Library/Bee/artifacts/200b0aE.dag/post-processed/Unity.InputSystem.TestFramework.dll (+pdb)
Processing assembly Library/Bee/artifacts/200b0aE.dag/Unity.InputSystem.TestFramework.dll, with 138 defines and 289 references
processors: Unity.Jobs.CodeGen.JobsILPostProcessor, Unity.Pipeline.CodeGen.CodeReloadInPlaceILPostProcessor, zzzUnity.Burst.CodeGen.BurstILPostProcessor
running Unity.Jobs.CodeGen.JobsILPostProcessor
running Unity.Pipeline.CodeGen.CodeReloadInPlaceILPostProcessor
running zzzUnity.Burst.CodeGen.BurstILPostProcessor
[1292/1589  0s] ILPostProcess Library/Bee/artifacts/200b0aE.dag/post-processed/Unity.Multiplayer.Center.Common.dll (+pdb)
Processing assembly Library/Bee/artifacts/200b0aE.dag/Unity.Multiplayer.Center.Common.dll, with 137 defines and 311 references
processors: Unity.Jobs.CodeGen.JobsILPostProcessor, Unity.Pipeline.CodeGen.CodeReloadInPlaceILPostProcessor, zzzUnity.Burst.CodeGen.BurstILPostProcessor
running Unity.Jobs.CodeGen.JobsILPostProcessor
running Unity.Pipeline.CodeGen.CodeReloadInPlaceILPostProcessor
running zzzUnity.Burst.CodeGen.BurstILPostProcessor
[1293/1589  0s] ILPostProcess Library/Bee/artifacts/200b0aE.dag/post-processed/Unity.InferenceEngine.Tokenization.dll (+pdb)
Processing assembly Library/Bee/artifacts/200b0aE.dag/Unity.InferenceEngine.Tokenization.dll, with 137 defines and 291 references
processors: Unity.Jobs.CodeGen.JobsILPostProcessor, Unity.Pipeline.CodeGen.CodeReloadInPlaceILPostProcessor, zzzUnity.Burst.CodeGen.BurstILPostProcessor
running Unity.Jobs.CodeGen.JobsILPostProcessor
running Unity.Pipeline.CodeGen.CodeReloadInPlaceILPostProcessor
running zzzUnity.Burst.CodeGen.BurstILPostProcessor
[1294/1589  0s] ILPostProcess Library/Bee/artifacts/200b0aE.dag/post-processed/Unity.VisualScripting.DocCodeExamples.dll (+pdb)
Processing assembly Library/Bee/artifacts/200b0aE.dag/Unity.VisualScripting.DocCodeExamples.dll, with 137 defines and 292 references
processors: Unity.Jobs.CodeGen.JobsILPostProcessor, Unity.Pipeline.CodeGen.CodeReloadInPlaceILPostProcessor, zzzUnity.Burst.CodeGen.BurstILPostProcessor
running Unity.Jobs.CodeGen.JobsILPostProcessor
running Unity.Pipeline.CodeGen.CodeReloadInPlaceILPostProcessor
running zzzUnity.Burst.CodeGen.BurstILPostProcessor
[1295/1589  0s] ILPostProcess Library/Bee/artifacts/200b0aE.dag/post-processed/Unity.Mathematics.dll (+pdb)
Processing assembly Library/Bee/artifacts/200b0aE.dag/Unity.Mathematics.dll, with 137 defines and 311 references
processors: Unity.Jobs.CodeGen.JobsILPostProcessor, Unity.Pipeline.CodeGen.CodeReloadInPlaceILPostProcessor, zzzUnity.Burst.CodeGen.BurstILPostProcessor
running Unity.Jobs.CodeGen.JobsILPostProcessor
running Unity.Pipeline.CodeGen.CodeReloadInPlaceILPostProcessor
running zzzUnity.Burst.CodeGen.BurstILPostProcessor
[1296/1589  0s] ILPostProcess Library/Bee/artifacts/200b0aE.dag/post-processed/Unity.InferenceEngine.iOSBLAS.dll (+pdb)
Processing assembly Library/Bee/artifacts/200b0aE.dag/Unity.InferenceEngine.iOSBLAS.dll, with 137 defines and 312 references
processors: Unity.Jobs.CodeGen.JobsILPostProcessor, Unity.Pipeline.CodeGen.CodeReloadInPlaceILPostProcessor, zzzUnity.Burst.CodeGen.BurstILPostProcessor
running Unity.Jobs.CodeGen.JobsILPostProcessor
running Unity.Pipeline.CodeGen.CodeReloadInPlaceILPostProcessor
running zzzUnity.Burst.CodeGen.BurstILPostProcessor
[1297/1589  0s] MovedFromExtractor-Combine Library/Bee/artifacts/200b0aE.dag/Assembly-CSharp.dll.mvfrm
[1298/1589  0s] MovedFromExtractor-Combine Library/Bee/artifacts/200b0aE.dag/Assembly-CSharp-Editor.dll.mvfrm
[1299/1589  0s] ILPostProcess Library/Bee/artifacts/200b0aE.dag/post-processed/Unity.Pipeline.dll (+pdb)
Processing assembly Library/Bee/artifacts/200b0aE.dag/Unity.Pipeline.dll, with 138 defines and 294 references
processors: Unity.Jobs.CodeGen.JobsILPostProcessor, Unity.Pipeline.CodeGen.CodeReloadInPlaceILPostProcessor, zzzUnity.Burst.CodeGen.BurstILPostProcessor
running Unity.Jobs.CodeGen.JobsILPostProcessor
running Unity.Pipeline.CodeGen.CodeReloadInPlaceILPostProcessor
running zzzUnity.Burst.CodeGen.BurstILPostProcessor
[1300/1589  0s] ILPostProcess Library/Bee/artifacts/200b0aE.dag/post-processed/Unity.InternalAPIEngineBridge.004.dll (+pdb)
Processing assembly Library/Bee/artifacts/200b0aE.dag/Unity.InternalAPIEngineBridge.004.dll, with 137 defines and 311 references
processors: Unity.Jobs.CodeGen.JobsILPostProcessor, Unity.Pipeline.CodeGen.CodeReloadInPlaceILPostProcessor, zzzUnity.Burst.CodeGen.BurstILPostProcessor
running Unity.Jobs.CodeGen.JobsILPostProcessor
running Unity.Pipeline.CodeGen.CodeReloadInPlaceILPostProcessor
running zzzUnity.Burst.CodeGen.BurstILPostProcessor
[1301/1589  0s] ILPostProcess Library/Bee/artifacts/200b0aE.dag/post-processed/Unity.AppUI.InternalAPIBridge.dll (+pdb)
Processing assembly Library/Bee/artifacts/200b0aE.dag/Unity.AppUI.InternalAPIBridge.dll, with 138 defines and 295 references
processors: Unity.Jobs.CodeGen.JobsILPostProcessor, Unity.Pipeline.CodeGen.CodeReloadInPlaceILPostProcessor, zzzUnity.Burst.CodeGen.BurstILPostProcessor
running Unity.Jobs.CodeGen.JobsILPostProcessor
running Unity.Pipeline.CodeGen.CodeReloadInPlaceILPostProcessor
running zzzUnity.Burst.CodeGen.BurstILPostProcessor
[1302/1589  0s] ILPostProcess Library/Bee/artifacts/200b0aE.dag/post-processed/Unity.VisualScripting.Flow.dll (+pdb)
Processing assembly Library/Bee/artifacts/200b0aE.dag/Unity.VisualScripting.Flow.dll, with 145 defines and 313 references
processors: Unity.Jobs.CodeGen.JobsILPostProcessor, Unity.Pipeline.CodeGen.CodeReloadInPlaceILPostProcessor, zzzUnity.Burst.CodeGen.BurstILPostProcessor
running Unity.Jobs.CodeGen.JobsILPostProcessor
running Unity.Pipeline.CodeGen.CodeReloadInPlaceILPostProcessor
running zzzUnity.Burst.CodeGen.BurstILPostProcessor
[1303/1589  0s] ILPostProcess Library/Bee/artifacts/200b0aE.dag/post-processed/Unity.RenderPipelines.Core.Runtime.Shared.dll (+pdb)
Processing assembly Library/Bee/artifacts/200b0aE.dag/Unity.RenderPipelines.Core.Runtime.Shared.dll, with 137 defines and 314 references
processors: Unity.Jobs.CodeGen.JobsILPostProcessor, Unity.Pipeline.CodeGen.CodeReloadInPlaceILPostProcessor, zzzUnity.Burst.CodeGen.BurstILPostProcessor
running Unity.Jobs.CodeGen.JobsILPostProcessor
running Unity.Pipeline.CodeGen.CodeReloadInPlaceILPostProcessor
running zzzUnity.Burst.CodeGen.BurstILPostProcessor
[1304/1589  0s] ILPostProcess Library/Bee/artifacts/200b0aE.dag/post-processed/Unity.AI.Assistant.Runtime.dll (+pdb)
Processing assembly Library/Bee/artifacts/200b0aE.dag/Unity.AI.Assistant.Runtime.dll, with 137 defines and 287 references
processors: Unity.Jobs.CodeGen.JobsILPostProcessor, Unity.Pipeline.CodeGen.CodeReloadInPlaceILPostProcessor, zzzUnity.Burst.CodeGen.BurstILPostProcessor
running Unity.Jobs.CodeGen.JobsILPostProcessor
running Unity.Pipeline.CodeGen.CodeReloadInPlaceILPostProcessor
running zzzUnity.Burst.CodeGen.BurstILPostProcessor
[1305/1589  0s] ILPostProcess Library/Bee/artifacts/200b0aE.dag/post-processed/Unity.RenderPipelines.Core.Runtime.dll (+pdb)
Processing assembly Library/Bee/artifacts/200b0aE.dag/Unity.RenderPipelines.Core.Runtime.dll, with 141 defines and 315 references
processors: Unity.Jobs.CodeGen.JobsILPostProcessor, Unity.Pipeline.CodeGen.CodeReloadInPlaceILPostProcessor, zzzUnity.Burst.CodeGen.BurstILPostProcessor
running Unity.Jobs.CodeGen.JobsILPostProcessor
running Unity.Pipeline.CodeGen.CodeReloadInPlaceILPostProcessor
running zzzUnity.Burst.CodeGen.BurstILPostProcessor
[1306/1589  0s] ILPostProcess Library/Bee/artifacts/200b0aE.dag/post-processed/UnityEngine.UI.dll (+pdb)
Processing assembly Library/Bee/artifacts/200b0aE.dag/UnityEngine.UI.dll, with 143 defines and 309 references
processors: Unity.Jobs.CodeGen.JobsILPostProcessor, Unity.Pipeline.CodeGen.CodeReloadInPlaceILPostProcessor, zzzUnity.Burst.CodeGen.BurstILPostProcessor
running Unity.Jobs.CodeGen.JobsILPostProcessor
running Unity.Pipeline.CodeGen.CodeReloadInPlaceILPostProcessor
running zzzUnity.Burst.CodeGen.BurstILPostProcessor
[1307/1589  0s] ILPostProcess Library/Bee/artifacts/200b0aE.dag/post-processed/Unity.TextMeshPro.dll (+pdb)
Processing assembly Library/Bee/artifacts/200b0aE.dag/Unity.TextMeshPro.dll, with 138 defines and 312 references
processors: Unity.Jobs.CodeGen.JobsILPostProcessor, Unity.Pipeline.CodeGen.CodeReloadInPlaceILPostProcessor, zzzUnity.Burst.CodeGen.BurstILPostProcessor
running Unity.Jobs.CodeGen.JobsILPostProcessor
running Unity.Pipeline.CodeGen.CodeReloadInPlaceILPostProcessor
running zzzUnity.Burst.CodeGen.BurstILPostProcessor
[1308/1589  0s] ILPostProcess Library/Bee/artifacts/200b0aE.dag/post-processed/Unity.RenderPipelines.Core.ShaderLibrary.dll (+pdb)
Processing assembly Library/Bee/artifacts/200b0aE.dag/Unity.RenderPipelines.Core.ShaderLibrary.dll, with 137 defines and 311 references
processors: Unity.Jobs.CodeGen.JobsILPostProcessor, Unity.Pipeline.CodeGen.CodeReloadInPlaceILPostProcessor, zzzUnity.Burst.CodeGen.BurstILPostProcessor
running Unity.Jobs.CodeGen.JobsILPostProcessor
running Unity.Pipeline.CodeGen.CodeReloadInPlaceILPostProcessor
running zzzUnity.Burst.CodeGen.BurstILPostProcessor
[1309/1589  0s] ILPostProcess Library/Bee/artifacts/200b0aE.dag/post-processed/Unity.AppUI.dll (+pdb)
Processing assembly Library/Bee/artifacts/200b0aE.dag/Unity.AppUI.dll, with 146 defines and 297 references
processors: Unity.Jobs.CodeGen.JobsILPostProcessor, Unity.Pipeline.CodeGen.CodeReloadInPlaceILPostProcessor, zzzUnity.Burst.CodeGen.BurstILPostProcessor
running Unity.Jobs.CodeGen.JobsILPostProcessor
running Unity.Pipeline.CodeGen.CodeReloadInPlaceILPostProcessor
running zzzUnity.Burst.CodeGen.BurstILPostProcessor
[1310/1589  0s] ILPostProcess Library/Bee/artifacts/200b0aE.dag/post-processed/Unity.Pipeline.Attributes.dll (+pdb)
Processing assembly Library/Bee/artifacts/200b0aE.dag/Unity.Pipeline.Attributes.dll, with 137 defines and 311 references
processors: Unity.Jobs.CodeGen.JobsILPostProcessor, Unity.Pipeline.CodeGen.CodeReloadInPlaceILPostProcessor, zzzUnity.Burst.CodeGen.BurstILPostProcessor
running Unity.Jobs.CodeGen.JobsILPostProcessor
running Unity.Pipeline.CodeGen.CodeReloadInPlaceILPostProcessor
running zzzUnity.Burst.CodeGen.BurstILPostProcessor
[1311/1589  0s] ILPostProcess Library/Bee/artifacts/200b0aE.dag/post-processed/Unity.InferenceEngine.MacBLAS.dll (+pdb)
Processing assembly Library/Bee/artifacts/200b0aE.dag/Unity.InferenceEngine.MacBLAS.dll, with 137 defines and 312 references
processors: Unity.Jobs.CodeGen.JobsILPostProcessor, Unity.Pipeline.CodeGen.CodeReloadInPlaceILPostProcessor, zzzUnity.Burst.CodeGen.BurstILPostProcessor
running Unity.Jobs.CodeGen.JobsILPostProcessor
running Unity.Pipeline.CodeGen.CodeReloadInPlaceILPostProcessor
running zzzUnity.Burst.CodeGen.BurstILPostProcessor
[1312/1589  0s] ILPostProcess Library/Bee/artifacts/200b0aE.dag/post-processed/Unity.Burst.dll (+pdb)
Processing assembly Library/Bee/artifacts/200b0aE.dag/Unity.Burst.dll, with 137 defines and 291 references
processors: Unity.Jobs.CodeGen.JobsILPostProcessor, Unity.Pipeline.CodeGen.CodeReloadInPlaceILPostProcessor, zzzUnity.Burst.CodeGen.BurstILPostProcessor
running Unity.Jobs.CodeGen.JobsILPostProcessor
running Unity.Pipeline.CodeGen.CodeReloadInPlaceILPostProcessor
running zzzUnity.Burst.CodeGen.BurstILPostProcessor
[1313/1589  0s] ILPostProcess Library/Bee/artifacts/200b0aE.dag/post-processed/Unity.RenderPipelines.Universal.2D.Runtime.dll (+pdb)
Processing assembly Library/Bee/artifacts/200b0aE.dag/Unity.RenderPipelines.Universal.2D.Runtime.dll, with 139 defines and 316 references
processors: Unity.Jobs.CodeGen.JobsILPostProcessor, Unity.Pipeline.CodeGen.CodeReloadInPlaceILPostProcessor, zzzUnity.Burst.CodeGen.BurstILPostProcessor
running Unity.Jobs.CodeGen.JobsILPostProcessor
running Unity.Pipeline.CodeGen.CodeReloadInPlaceILPostProcessor
running zzzUnity.Burst.CodeGen.BurstILPostProcessor
[1314/1589  0s] ILPostProcess Library/Bee/artifacts/200b0aE.dag/post-processed/Unity.AppUI.Redux.dll (+pdb)
Processing assembly Library/Bee/artifacts/200b0aE.dag/Unity.AppUI.Redux.dll, with 137 defines and 297 references
processors: Unity.Jobs.CodeGen.JobsILPostProcessor, Unity.Pipeline.CodeGen.CodeReloadInPlaceILPostProcessor, zzzUnity.Burst.CodeGen.BurstILPostProcessor
running Unity.Jobs.CodeGen.JobsILPostProcessor
running Unity.Pipeline.CodeGen.CodeReloadInPlaceILPostProcessor
running zzzUnity.Burst.CodeGen.BurstILPostProcessor
[1315/1589  0s] ILPostProcess Library/Bee/artifacts/200b0aE.dag/post-processed/Unity.SurfaceCache.Runtime.dll (+pdb)
Processing assembly Library/Bee/artifacts/200b0aE.dag/Unity.SurfaceCache.Runtime.dll, with 137 defines and 315 references
processors: Unity.Jobs.CodeGen.JobsILPostProcessor, Unity.Pipeline.CodeGen.CodeReloadInPlaceILPostProcessor, zzzUnity.Burst.CodeGen.BurstILPostProcessor
running Unity.Jobs.CodeGen.JobsILPostProcessor
running Unity.Pipeline.CodeGen.CodeReloadInPlaceILPostProcessor
running zzzUnity.Burst.CodeGen.BurstILPostProcessor
[1316/1589  0s] ILPostProcess Library/Bee/artifacts/200b0aE.dag/post-processed/Unity.AppUI.Undo.dll (+pdb)
Processing assembly Library/Bee/artifacts/200b0aE.dag/Unity.AppUI.Undo.dll, with 137 defines and 295 references
processors: Unity.Jobs.CodeGen.JobsILPostProcessor, Unity.Pipeline.CodeGen.CodeReloadInPlaceILPostProcessor, zzzUnity.Burst.CodeGen.BurstILPostProcessor
running Unity.Jobs.CodeGen.JobsILPostProcessor
running Unity.Pipeline.CodeGen.CodeReloadInPlaceILPostProcessor
running zzzUnity.Burst.CodeGen.BurstILPostProcessor
[1317/1589  1s] Csc Library/Bee/artifacts/200b0aE.dag/MotionCore.Vehicle.Core.dll (+2 others)
[1318/1589  0s] ILPostProcess Library/Bee/artifacts/200b0aE.dag/post-processed/Unity.InputSystem.ForUI.dll (+pdb)
Processing assembly Library/Bee/artifacts/200b0aE.dag/Unity.InputSystem.ForUI.dll, with 137 defines and 312 references
processors: Unity.Jobs.CodeGen.JobsILPostProcessor, Unity.Pipeline.CodeGen.CodeReloadInPlaceILPostProcessor, zzzUnity.Burst.CodeGen.BurstILPostProcessor
running Unity.Jobs.CodeGen.JobsILPostProcessor
running Unity.Pipeline.CodeGen.CodeReloadInPlaceILPostProcessor
running zzzUnity.Burst.CodeGen.BurstILPostProcessor
[1319/1589  0s] ILPostProcess Library/Bee/artifacts/200b0aE.dag/post-processed/Unity.RenderPipelines.GPUDriven.Runtime.dll (+pdb)
Processing assembly Library/Bee/artifacts/200b0aE.dag/Unity.RenderPipelines.GPUDriven.Runtime.dll, with 137 defines and 315 references
processors: Unity.Jobs.CodeGen.JobsILPostProcessor, Unity.Pipeline.CodeGen.CodeReloadInPlaceILPostProcessor, zzzUnity.Burst.CodeGen.BurstILPostProcessor
running Unity.Jobs.CodeGen.JobsILPostProcessor
running Unity.Pipeline.CodeGen.CodeReloadInPlaceILPostProcessor
running zzzUnity.Burst.CodeGen.BurstILPostProcessor
[1320/1589  0s] ILPostProcess Library/Bee/artifacts/200b0aE.dag/post-processed/Unity.RenderPipelines.ShaderGraph.ShaderGraphLibrary.dll (+pdb)
Processing assembly Library/Bee/artifacts/200b0aE.dag/Unity.RenderPipelines.ShaderGraph.ShaderGraphLibrary.dll, with 137 defines and 311 references
processors: Unity.Jobs.CodeGen.JobsILPostProcessor, Unity.Pipeline.CodeGen.CodeReloadInPlaceILPostProcessor, zzzUnity.Burst.CodeGen.BurstILPostProcessor
running Unity.Jobs.CodeGen.JobsILPostProcessor
running Unity.Pipeline.CodeGen.CodeReloadInPlaceILPostProcessor
running zzzUnity.Burst.CodeGen.BurstILPostProcessor
[1321/1589  0s] ILPostProcess Library/Bee/artifacts/200b0aE.dag/post-processed/Unity.RenderPipeline.Universal.ShaderLibrary.dll (+pdb)
Processing assembly Library/Bee/artifacts/200b0aE.dag/Unity.RenderPipeline.Universal.ShaderLibrary.dll, with 137 defines and 312 references
processors: Unity.Jobs.CodeGen.JobsILPostProcessor, Unity.Pipeline.CodeGen.CodeReloadInPlaceILPostProcessor, zzzUnity.Burst.CodeGen.BurstILPostProcessor
running Unity.Jobs.CodeGen.JobsILPostProcessor
running Unity.Pipeline.CodeGen.CodeReloadInPlaceILPostProcessor
running zzzUnity.Burst.CodeGen.BurstILPostProcessor
[1322/1589  0s] ILPostProcess Library/Bee/artifacts/200b0aE.dag/post-processed/Unity.RenderPipelines.Universal.Config.Runtime.dll (+pdb)
Processing assembly Library/Bee/artifacts/200b0aE.dag/Unity.RenderPipelines.Universal.Config.Runtime.dll, with 137 defines and 312 references
processors: Unity.Jobs.CodeGen.JobsILPostProcessor, Unity.Pipeline.CodeGen.CodeReloadInPlaceILPostProcessor, zzzUnity.Burst.CodeGen.BurstILPostProcessor
running Unity.Jobs.CodeGen.JobsILPostProcessor
running Unity.Pipeline.CodeGen.CodeReloadInPlaceILPostProcessor
running zzzUnity.Burst.CodeGen.BurstILPostProcessor
[1323/1589  0s] Csc Library/Bee/artifacts/200b0aE.dag/MotionCore.Vehicle.Core.Editor.dll (+2 others)
[1324/1589  0s] ILPostProcess Library/Bee/artifacts/200b0aE.dag/post-processed/MCPForUnity.Runtime.dll (+pdb)
Processing assembly Library/Bee/artifacts/200b0aE.dag/MCPForUnity.Runtime.dll, with 137 defines and 311 references
processors: Unity.Jobs.CodeGen.JobsILPostProcessor, Unity.Pipeline.CodeGen.CodeReloadInPlaceILPostProcessor, zzzUnity.Burst.CodeGen.BurstILPostProcessor
running Unity.Jobs.CodeGen.JobsILPostProcessor
running Unity.Pipeline.CodeGen.CodeReloadInPlaceILPostProcessor
running zzzUnity.Burst.CodeGen.BurstILPostProcessor
[1325/1589  0s] ILPostProcess Library/Bee/artifacts/200b0aE.dag/post-processed/Unity.UnifiedRayTracing.Runtime.dll (+pdb)
Processing assembly Library/Bee/artifacts/200b0aE.dag/Unity.UnifiedRayTracing.Runtime.dll, with 138 defines and 314 references
processors: Unity.Jobs.CodeGen.JobsILPostProcessor, Unity.Pipeline.CodeGen.CodeReloadInPlaceILPostProcessor, zzzUnity.Burst.CodeGen.BurstILPostProcessor
running Unity.Jobs.CodeGen.JobsILPostProcessor
running Unity.Pipeline.CodeGen.CodeReloadInPlaceILPostProcessor
running zzzUnity.Burst.CodeGen.BurstILPostProcessor
[1326/1589  0s] ILPostProcess Library/Bee/artifacts/200b0aE.dag/post-processed/Unity.PathTracing.Runtime.dll (+pdb)
Processing assembly Library/Bee/artifacts/200b0aE.dag/Unity.PathTracing.Runtime.dll, with 138 defines and 315 references
processors: Unity.Jobs.CodeGen.JobsILPostProcessor, Unity.Pipeline.CodeGen.CodeReloadInPlaceILPostProcessor, zzzUnity.Burst.CodeGen.BurstILPostProcessor
running Unity.Jobs.CodeGen.JobsILPostProcessor
running Unity.Pipeline.CodeGen.CodeReloadInPlaceILPostProcessor
running zzzUnity.Burst.CodeGen.BurstILPostProcessor
[1327/1589  0s] ILPostProcess Library/Bee/artifacts/200b0aE.dag/post-processed/Unity.AI.Tracing.dll (+pdb)
Processing assembly Library/Bee/artifacts/200b0aE.dag/Unity.AI.Tracing.dll, with 137 defines and 291 references
processors: Unity.Jobs.CodeGen.JobsILPostProcessor, Unity.Pipeline.CodeGen.CodeReloadInPlaceILPostProcessor, zzzUnity.Burst.CodeGen.BurstILPostProcessor
running Unity.Jobs.CodeGen.JobsILPostProcessor
running Unity.Pipeline.CodeGen.CodeReloadInPlaceILPostProcessor
running zzzUnity.Burst.CodeGen.BurstILPostProcessor
[1328/1589  0s] ILPostProcess Library/Bee/artifacts/200b0aE.dag/post-processed/Unity.RenderPipelines.Universal.Runtime.dll (+pdb)
Processing assembly Library/Bee/artifacts/200b0aE.dag/Unity.RenderPipelines.Universal.Runtime.dll, with 143 defines and 321 references
processors: Unity.Jobs.CodeGen.JobsILPostProcessor, Unity.Pipeline.CodeGen.CodeReloadInPlaceILPostProcessor, zzzUnity.Burst.CodeGen.BurstILPostProcessor
running Unity.Jobs.CodeGen.JobsILPostProcessor
running Unity.Pipeline.CodeGen.CodeReloadInPlaceILPostProcessor
running zzzUnity.Burst.CodeGen.BurstILPostProcessor
[1329/1589  0s] ILPostProcess Library/Bee/artifacts/200b0aE.dag/post-processed/Unity.VisualScripting.State.dll (+pdb)
Processing assembly Library/Bee/artifacts/200b0aE.dag/Unity.VisualScripting.State.dll, with 137 defines and 313 references
processors: Unity.Jobs.CodeGen.JobsILPostProcessor, Unity.Pipeline.CodeGen.CodeReloadInPlaceILPostProcessor, zzzUnity.Burst.CodeGen.BurstILPostProcessor
running Unity.Jobs.CodeGen.JobsILPostProcessor
running Unity.Pipeline.CodeGen.CodeReloadInPlaceILPostProcessor
running zzzUnity.Burst.CodeGen.BurstILPostProcessor
[1330/1589  0s] ILPostProcess Library/Bee/artifacts/200b0aE.dag/post-processed/Unity.AI.Navigation.dll (+pdb)
Processing assembly Library/Bee/artifacts/200b0aE.dag/Unity.AI.Navigation.dll, with 138 defines and 311 references
processors: Unity.Jobs.CodeGen.JobsILPostProcessor, Unity.Pipeline.CodeGen.CodeReloadInPlaceILPostProcessor, zzzUnity.Burst.CodeGen.BurstILPostProcessor
running Unity.Jobs.CodeGen.JobsILPostProcessor
running Unity.Pipeline.CodeGen.CodeReloadInPlaceILPostProcessor
running zzzUnity.Burst.CodeGen.BurstILPostProcessor
[1331/1589  0s] ILPostProcess Library/Bee/artifacts/200b0aE.dag/post-processed/Unity.InternalAPIEngineBridge.RenderPipelines.Core.Runtime.Shared.dll (+pdb)
Processing assembly Library/Bee/artifacts/200b0aE.dag/Unity.InternalAPIEngineBridge.RenderPipelines.Core.Runtime.Shared.dll, with 137 defines and 311 references
processors: Unity.Jobs.CodeGen.JobsILPostProcessor, Unity.Pipeline.CodeGen.CodeReloadInPlaceILPostProcessor, zzzUnity.Burst.CodeGen.BurstILPostProcessor
running Unity.Jobs.CodeGen.JobsILPostProcessor
running Unity.Pipeline.CodeGen.CodeReloadInPlaceILPostProcessor
running zzzUnity.Burst.CodeGen.BurstILPostProcessor
[1332/1589  0s] ILPostProcess Library/Bee/artifacts/200b0aE.dag/post-processed/Unity.Pipeline.IlInterpreter.dll (+pdb)
Processing assembly Library/Bee/artifacts/200b0aE.dag/Unity.Pipeline.IlInterpreter.dll, with 137 defines and 295 references
processors: Unity.Jobs.CodeGen.JobsILPostProcessor, Unity.Pipeline.CodeGen.CodeReloadInPlaceILPostProcessor, zzzUnity.Burst.CodeGen.BurstILPostProcessor
running Unity.Jobs.CodeGen.JobsILPostProcessor
running Unity.Pipeline.CodeGen.CodeReloadInPlaceILPostProcessor
running zzzUnity.Burst.CodeGen.BurstILPostProcessor
[1333/1589  0s] ILPostProcess Library/Bee/artifacts/200b0aE.dag/post-processed/Unity.AppUI.Navigation.dll (+pdb)
Processing assembly Library/Bee/artifacts/200b0aE.dag/Unity.AppUI.Navigation.dll, with 139 defines and 297 references
processors: Unity.Jobs.CodeGen.JobsILPostProcessor, Unity.Pipeline.CodeGen.CodeReloadInPlaceILPostProcessor, zzzUnity.Burst.CodeGen.BurstILPostProcessor
running Unity.Jobs.CodeGen.JobsILPostProcessor
running Unity.Pipeline.CodeGen.CodeReloadInPlaceILPostProcessor
running zzzUnity.Burst.CodeGen.BurstILPostProcessor
[1334/1589  0s] ILPostProcess Library/Bee/artifacts/200b0aE.dag/post-processed/Unity.InputSystem.dll (+pdb)
Processing assembly Library/Bee/artifacts/200b0aE.dag/Unity.InputSystem.dll, with 149 defines and 311 references
processors: Unity.Jobs.CodeGen.JobsILPostProcessor, Unity.Pipeline.CodeGen.CodeReloadInPlaceILPostProcessor, zzzUnity.Burst.CodeGen.BurstILPostProcessor
running Unity.Jobs.CodeGen.JobsILPostProcessor
running Unity.Pipeline.CodeGen.CodeReloadInPlaceILPostProcessor
running zzzUnity.Burst.CodeGen.BurstILPostProcessor
[1335/1589  0s] ILPostProcess Library/Bee/artifacts/200b0aE.dag/post-processed/Unity.VisualScripting.Core.dll (+pdb)
Processing assembly Library/Bee/artifacts/200b0aE.dag/Unity.VisualScripting.Core.dll, with 142 defines and 312 references
processors: Unity.Jobs.CodeGen.JobsILPostProcessor, Unity.Pipeline.CodeGen.CodeReloadInPlaceILPostProcessor, zzzUnity.Burst.CodeGen.BurstILPostProcessor
running Unity.Jobs.CodeGen.JobsILPostProcessor
running Unity.Pipeline.CodeGen.CodeReloadInPlaceILPostProcessor
running zzzUnity.Burst.CodeGen.BurstILPostProcessor
[1336/1589  0s] ILPostProcess Library/Bee/artifacts/200b0aE.dag/post-processed/MotionCore.Vehicle.Core.dll (+pdb)
Processing assembly Library/Bee/artifacts/200b0aE.dag/MotionCore.Vehicle.Core.dll, with 137 defines and 312 references
processors: Unity.Jobs.CodeGen.JobsILPostProcessor, Unity.Pipeline.CodeGen.CodeReloadInPlaceILPostProcessor, zzzUnity.Burst.CodeGen.BurstILPostProcessor
running Unity.Jobs.CodeGen.JobsILPostProcessor
running Unity.Pipeline.CodeGen.CodeReloadInPlaceILPostProcessor
running zzzUnity.Burst.CodeGen.BurstILPostProcessor
[1337/1589  0s] ILPostProcess Library/Bee/artifacts/200b0aE.dag/post-processed/Unity.RenderPipelines.Universal.Shaders.dll (+pdb)
Processing assembly Library/Bee/artifacts/200b0aE.dag/Unity.RenderPipelines.Universal.Shaders.dll, with 137 defines and 311 references
processors: Unity.Jobs.CodeGen.JobsILPostProcessor, Unity.Pipeline.CodeGen.CodeReloadInPlaceILPostProcessor, zzzUnity.Burst.CodeGen.BurstILPostProcessor
running Unity.Jobs.CodeGen.JobsILPostProcessor
running Unity.Pipeline.CodeGen.CodeReloadInPlaceILPostProcessor
running zzzUnity.Burst.CodeGen.BurstILPostProcessor
[1338/1589  0s] ILPostProcess Library/Bee/artifacts/200b0aE.dag/post-processed/Unity.AI.MCP.Runtime.dll (+pdb)
Processing assembly Library/Bee/artifacts/200b0aE.dag/Unity.AI.MCP.Runtime.dll, with 137 defines and 311 references
processors: Unity.Jobs.CodeGen.JobsILPostProcessor, Unity.Pipeline.CodeGen.CodeReloadInPlaceILPostProcessor, zzzUnity.Burst.CodeGen.BurstILPostProcessor
running Unity.Jobs.CodeGen.JobsILPostProcessor
running Unity.Pipeline.CodeGen.CodeReloadInPlaceILPostProcessor
running zzzUnity.Burst.CodeGen.BurstILPostProcessor
[1339/1589  0s] ILPostProcess Library/Bee/artifacts/200b0aE.dag/post-processed/Unity.AI.Animate.Motion.Runtime.dll (+pdb)
Processing assembly Library/Bee/artifacts/200b0aE.dag/Unity.AI.Animate.Motion.Runtime.dll, with 137 defines and 295 references
processors: Unity.Jobs.CodeGen.JobsILPostProcessor, Unity.Pipeline.CodeGen.CodeReloadInPlaceILPostProcessor, zzzUnity.Burst.CodeGen.BurstILPostProcessor
running Unity.Jobs.CodeGen.JobsILPostProcessor
running Unity.Pipeline.CodeGen.CodeReloadInPlaceILPostProcessor
running zzzUnity.Burst.CodeGen.BurstILPostProcessor
[1340/1589  0s] ILPostProcess Library/Bee/artifacts/200b0aE.dag/post-processed/Unity.AI.Toolkit.Accounts.dll (+pdb)
Processing assembly Library/Bee/artifacts/200b0aE.dag/Unity.AI.Toolkit.Accounts.dll, with 135 defines and 322 references
processors: Unity.Jobs.CodeGen.JobsILPostProcessor, Unity.Pipeline.CodeGen.CodeReloadInPlaceILPostProcessor, zzzUnity.Burst.CodeGen.BurstILPostProcessor
running Unity.Jobs.CodeGen.JobsILPostProcessor
running Unity.Pipeline.CodeGen.CodeReloadInPlaceILPostProcessor
running zzzUnity.Burst.CodeGen.BurstILPostProcessor
[1341/1589  0s] ILPostProcess Library/Bee/artifacts/200b0aE.dag/post-processed/Unity.AI.Assistant.Editor.dll (+pdb)
Processing assembly Library/Bee/artifacts/200b0aE.dag/Unity.AI.Assistant.Editor.dll, with 135 defines and 310 references
processors: Unity.Jobs.CodeGen.JobsILPostProcessor, Unity.Pipeline.CodeGen.CodeReloadInPlaceILPostProcessor, zzzUnity.Burst.CodeGen.BurstILPostProcessor
running Unity.Jobs.CodeGen.JobsILPostProcessor
running Unity.Pipeline.CodeGen.CodeReloadInPlaceILPostProcessor
running zzzUnity.Burst.CodeGen.BurstILPostProcessor
[1342/1589  0s] ILPostProcess Library/Bee/artifacts/200b0aE.dag/post-processed/Unity.AI.Assistant.AssetGenerators.Editor.dll (+pdb)
Processing assembly Library/Bee/artifacts/200b0aE.dag/Unity.AI.Assistant.AssetGenerators.Editor.dll, with 135 defines and 305 references
processors: Unity.Jobs.CodeGen.JobsILPostProcessor, Unity.Pipeline.CodeGen.CodeReloadInPlaceILPostProcessor, zzzUnity.Burst.CodeGen.BurstILPostProcessor
running Unity.Jobs.CodeGen.JobsILPostProcessor
running Unity.Pipeline.CodeGen.CodeReloadInPlaceILPostProcessor
running zzzUnity.Burst.CodeGen.BurstILPostProcessor
[1343/1589  0s] ILPostProcess Library/Bee/artifacts/200b0aE.dag/post-processed/Unity.InferenceEngine.Microsoft.Msagl.dll (+pdb)
Processing assembly Library/Bee/artifacts/200b0aE.dag/Unity.InferenceEngine.Microsoft.Msagl.dll, with 135 defines and 320 references
processors: Unity.Jobs.CodeGen.JobsILPostProcessor, Unity.Pipeline.CodeGen.CodeReloadInPlaceILPostProcessor, zzzUnity.Burst.CodeGen.BurstILPostProcessor
running Unity.Jobs.CodeGen.JobsILPostProcessor
running Unity.Pipeline.CodeGen.CodeReloadInPlaceILPostProcessor
running zzzUnity.Burst.CodeGen.BurstILPostProcessor
[1344/1589  0s] ILPostProcess Library/Bee/artifacts/200b0aE.dag/post-processed/Unity.Searcher.Editor.dll (+pdb)
Processing assembly Library/Bee/artifacts/200b0aE.dag/Unity.Searcher.Editor.dll, with 135 defines and 320 references
processors: Unity.Jobs.CodeGen.JobsILPostProcessor, Unity.Pipeline.CodeGen.CodeReloadInPlaceILPostProcessor, zzzUnity.Burst.CodeGen.BurstILPostProcessor
running Unity.Jobs.CodeGen.JobsILPostProcessor
running Unity.Pipeline.CodeGen.CodeReloadInPlaceILPostProcessor
running zzzUnity.Burst.CodeGen.BurstILPostProcessor
[1345/1589  0s] ILPostProcess Library/Bee/artifacts/200b0aE.dag/post-processed/Unity.Collections.dll (+pdb)
Processing assembly Library/Bee/artifacts/200b0aE.dag/Unity.Collections.dll, with 139 defines and 313 references
processors: Unity.Jobs.CodeGen.JobsILPostProcessor, Unity.Pipeline.CodeGen.CodeReloadInPlaceILPostProcessor, zzzUnity.Burst.CodeGen.BurstILPostProcessor
running Unity.Jobs.CodeGen.JobsILPostProcessor
running Unity.Pipeline.CodeGen.CodeReloadInPlaceILPostProcessor
running zzzUnity.Burst.CodeGen.BurstILPostProcessor
[1346/1589  0s] ILPostProcess Library/Bee/artifacts/200b0aE.dag/post-processed/Unity.AI.Navigation.Editor.ConversionSystem.dll (+pdb)
Processing assembly Library/Bee/artifacts/200b0aE.dag/Unity.AI.Navigation.Editor.ConversionSystem.dll, with 135 defines and 320 references
processors: Unity.Jobs.CodeGen.JobsILPostProcessor, Unity.Pipeline.CodeGen.CodeReloadInPlaceILPostProcessor, zzzUnity.Burst.CodeGen.BurstILPostProcessor
running Unity.Jobs.CodeGen.JobsILPostProcessor
running Unity.Pipeline.CodeGen.CodeReloadInPlaceILPostProcessor
running zzzUnity.Burst.CodeGen.BurstILPostProcessor
[1347/1589  0s] ILPostProcess Library/Bee/artifacts/200b0aE.dag/post-processed/Unity.AppUI.Redux.Editor.dll (+pdb)
Processing assembly Library/Bee/artifacts/200b0aE.dag/Unity.AppUI.Redux.Editor.dll, with 139 defines and 304 references
processors: Unity.Jobs.CodeGen.JobsILPostProcessor, Unity.Pipeline.CodeGen.CodeReloadInPlaceILPostProcessor, zzzUnity.Burst.CodeGen.BurstILPostProcessor
running Unity.Jobs.CodeGen.JobsILPostProcessor
running Unity.Pipeline.CodeGen.CodeReloadInPlaceILPostProcessor
running zzzUnity.Burst.CodeGen.BurstILPostProcessor
[1348/1589  0s] ILPostProcess Library/Bee/artifacts/200b0aE.dag/post-processed/Unity.AI.Toolkit.GenerationContextMenu.dll (+pdb)
Processing assembly Library/Bee/artifacts/200b0aE.dag/Unity.AI.Toolkit.GenerationContextMenu.dll, with 135 defines and 321 references
processors: Unity.Jobs.CodeGen.JobsILPostProcessor, Unity.Pipeline.CodeGen.CodeReloadInPlaceILPostProcessor, zzzUnity.Burst.CodeGen.BurstILPostProcessor
running Unity.Jobs.CodeGen.JobsILPostProcessor
running Unity.Pipeline.CodeGen.CodeReloadInPlaceILPostProcessor
running zzzUnity.Burst.CodeGen.BurstILPostProcessor
[1349/1589  0s] ILPostProcess Library/Bee/artifacts/200b0aE.dag/post-processed/Unity.AI.Assistant.Annotations.Editor.dll (+pdb)
Processing assembly Library/Bee/artifacts/200b0aE.dag/Unity.AI.Assistant.Annotations.Editor.dll, with 135 defines and 320 references
processors: Unity.Jobs.CodeGen.JobsILPostProcessor, Unity.Pipeline.CodeGen.CodeReloadInPlaceILPostProcessor, zzzUnity.Burst.CodeGen.BurstILPostProcessor
running Unity.Jobs.CodeGen.JobsILPostProcessor
running Unity.Pipeline.CodeGen.CodeReloadInPlaceILPostProcessor
running zzzUnity.Burst.CodeGen.BurstILPostProcessor
[1350/1589  0s] ILPostProcess Library/Bee/artifacts/200b0aE.dag/post-processed/Unity.AI.Sound.dll (+pdb)
Processing assembly Library/Bee/artifacts/200b0aE.dag/Unity.AI.Sound.dll, with 135 defines and 336 references
processors: Unity.Jobs.CodeGen.JobsILPostProcessor, Unity.Pipeline.CodeGen.CodeReloadInPlaceILPostProcessor, zzzUnity.Burst.CodeGen.BurstILPostProcessor
running Unity.Jobs.CodeGen.JobsILPostProcessor
running Unity.Pipeline.CodeGen.CodeReloadInPlaceILPostProcessor
running zzzUnity.Burst.CodeGen.BurstILPostProcessor
[1351/1589  0s] ILPostProcess Library/Bee/artifacts/200b0aE.dag/post-processed/Unity.AI.Generators.Tools.dll (+pdb)
Processing assembly Library/Bee/artifacts/200b0aE.dag/Unity.AI.Generators.Tools.dll, with 135 defines and 333 references
processors: Unity.Jobs.CodeGen.JobsILPostProcessor, Unity.Pipeline.CodeGen.CodeReloadInPlaceILPostProcessor, zzzUnity.Burst.CodeGen.BurstILPostProcessor
running Unity.Jobs.CodeGen.JobsILPostProcessor
running Unity.Pipeline.CodeGen.CodeReloadInPlaceILPostProcessor
running zzzUnity.Burst.CodeGen.BurstILPostProcessor
[1352/1589  0s] ILPostProcess Library/Bee/artifacts/200b0aE.dag/post-processed/Unity.AI.Assistant.UI.Editor.dll (+pdb)
Processing assembly Library/Bee/artifacts/200b0aE.dag/Unity.AI.Assistant.UI.Editor.dll, with 135 defines and 313 references
processors: Unity.Jobs.CodeGen.JobsILPostProcessor, Unity.Pipeline.CodeGen.CodeReloadInPlaceILPostProcessor, zzzUnity.Burst.CodeGen.BurstILPostProcessor
running Unity.Jobs.CodeGen.JobsILPostProcessor
running Unity.Pipeline.CodeGen.CodeReloadInPlaceILPostProcessor
running zzzUnity.Burst.CodeGen.BurstILPostProcessor
[1353/1589  0s] ILPostProcess Library/Bee/artifacts/200b0aE.dag/post-processed/Unity.AI.Toolkit.GenerationObjectPicker.dll (+pdb)
Processing assembly Library/Bee/artifacts/200b0aE.dag/Unity.AI.Toolkit.GenerationObjectPicker.dll, with 136 defines and 323 references
processors: Unity.Jobs.CodeGen.JobsILPostProcessor, Unity.Pipeline.CodeGen.CodeReloadInPlaceILPostProcessor, zzzUnity.Burst.CodeGen.BurstILPostProcessor
running Unity.Jobs.CodeGen.JobsILPostProcessor
running Unity.Pipeline.CodeGen.CodeReloadInPlaceILPostProcessor
running zzzUnity.Burst.CodeGen.BurstILPostProcessor
[1354/1589  0s] ILPostProcess Library/Bee/artifacts/200b0aE.dag/post-processed/Unity.Pipeline.Editor.dll (+pdb)
Processing assembly Library/Bee/artifacts/200b0aE.dag/Unity.Pipeline.Editor.dll, with 135 defines and 323 references
processors: Unity.Jobs.CodeGen.JobsILPostProcessor, Unity.Pipeline.CodeGen.CodeReloadInPlaceILPostProcessor, zzzUnity.Burst.CodeGen.BurstILPostProcessor
running Unity.Jobs.CodeGen.JobsILPostProcessor
running Unity.Pipeline.CodeGen.CodeReloadInPlaceILPostProcessor
running zzzUnity.Burst.CodeGen.BurstILPostProcessor
[1355/1589  0s] ILPostProcess Library/Bee/artifacts/200b0aE.dag/post-processed/Unity.InternalAPIEditorBridge.ShaderGraph.Editor.dll (+pdb)
Processing assembly Library/Bee/artifacts/200b0aE.dag/Unity.InternalAPIEditorBridge.ShaderGraph.Editor.dll, with 135 defines and 320 references
processors: Unity.Jobs.CodeGen.JobsILPostProcessor, Unity.Pipeline.CodeGen.CodeReloadInPlaceILPostProcessor, zzzUnity.Burst.CodeGen.BurstILPostProcessor
running Unity.Jobs.CodeGen.JobsILPostProcessor
running Unity.Pipeline.CodeGen.CodeReloadInPlaceILPostProcessor
running zzzUnity.Burst.CodeGen.BurstILPostProcessor
[1356/1589  0s] ILPostProcess Library/Bee/artifacts/200b0aE.dag/post-processed/Unity.InferenceEngine.dll (+pdb)
Processing assembly Library/Bee/artifacts/200b0aE.dag/Unity.InferenceEngine.dll, with 137 defines and 314 references
processors: Unity.Jobs.CodeGen.JobsILPostProcessor, Unity.Pipeline.CodeGen.CodeReloadInPlaceILPostProcessor, zzzUnity.Burst.CodeGen.BurstILPostProcessor
running Unity.Jobs.CodeGen.JobsILPostProcessor
running Unity.Pipeline.CodeGen.CodeReloadInPlaceILPostProcessor
running zzzUnity.Burst.CodeGen.BurstILPostProcessor
[1357/1589  0s] ILPostProcess Library/Bee/artifacts/200b0aE.dag/post-processed/Unity.ShaderGraph.Editor.dll (+pdb)
Processing assembly Library/Bee/artifacts/200b0aE.dag/Unity.ShaderGraph.Editor.dll, with 135 defines and 325 references
processors: Unity.Jobs.CodeGen.JobsILPostProcessor, Unity.Pipeline.CodeGen.CodeReloadInPlaceILPostProcessor, zzzUnity.Burst.CodeGen.BurstILPostProcessor
running Unity.Jobs.CodeGen.JobsILPostProcessor
running Unity.Pipeline.CodeGen.CodeReloadInPlaceILPostProcessor
running zzzUnity.Burst.CodeGen.BurstILPostProcessor
[1358/1589  0s] ILPostProcess Library/Bee/artifacts/200b0aE.dag/post-processed/Unity.VisualScripting.SettingsProvider.Editor.dll (+pdb)
Processing assembly Library/Bee/artifacts/200b0aE.dag/Unity.VisualScripting.SettingsProvider.Editor.dll, with 135 defines and 325 references
processors: Unity.Jobs.CodeGen.JobsILPostProcessor, Unity.Pipeline.CodeGen.CodeReloadInPlaceILPostProcessor, zzzUnity.Burst.CodeGen.BurstILPostProcessor
running Unity.Jobs.CodeGen.JobsILPostProcessor
running Unity.Pipeline.CodeGen.CodeReloadInPlaceILPostProcessor
running zzzUnity.Burst.CodeGen.BurstILPostProcessor
[1359/1589  0s] ILPostProcess Library/Bee/artifacts/200b0aE.dag/post-processed/Unity.VisualScripting.Flow.Editor.dll (+pdb)
Processing assembly Library/Bee/artifacts/200b0aE.dag/Unity.VisualScripting.Flow.Editor.dll, with 137 defines and 324 references
processors: Unity.Jobs.CodeGen.JobsILPostProcessor, Unity.Pipeline.CodeGen.CodeReloadInPlaceILPostProcessor, zzzUnity.Burst.CodeGen.BurstILPostProcessor
running Unity.Jobs.CodeGen.JobsILPostProcessor
running Unity.Pipeline.CodeGen.CodeReloadInPlaceILPostProcessor
running zzzUnity.Burst.CodeGen.BurstILPostProcessor
[1360/1589  0s] ILPostProcess Library/Bee/artifacts/200b0aE.dag/post-processed/Unity.AI.Navigation.Editor.dll (+pdb)
Processing assembly Library/Bee/artifacts/200b0aE.dag/Unity.AI.Navigation.Editor.dll, with 136 defines and 322 references
processors: Unity.Jobs.CodeGen.JobsILPostProcessor, Unity.Pipeline.CodeGen.CodeReloadInPlaceILPostProcessor, zzzUnity.Burst.CodeGen.BurstILPostProcessor
running Unity.Jobs.CodeGen.JobsILPostProcessor
running Unity.Pipeline.CodeGen.CodeReloadInPlaceILPostProcessor
running zzzUnity.Burst.CodeGen.BurstILPostProcessor
[1361/1589  0s] ILPostProcess Library/Bee/artifacts/200b0aE.dag/post-processed/Unity.TextMeshPro.Editor.dll (+pdb)
Processing assembly Library/Bee/artifacts/200b0aE.dag/Unity.TextMeshPro.Editor.dll, with 135 defines and 322 references
processors: Unity.Jobs.CodeGen.JobsILPostProcessor, Unity.Pipeline.CodeGen.CodeReloadInPlaceILPostProcessor, zzzUnity.Burst.CodeGen.BurstILPostProcessor
running Unity.Jobs.CodeGen.JobsILPostProcessor
running Unity.Pipeline.CodeGen.CodeReloadInPlaceILPostProcessor
running zzzUnity.Burst.CodeGen.BurstILPostProcessor
[1362/1589  2s] Csc Library/Bee/artifacts/200b0aE.dag/LastSignal.Runtime.dll (+2 others)
Assets/LastSignal/Scripts/Runtime/AI/WorldPopulationAcceptanceRoute.cs(278,26): warning CS0618: 'FindObjectsSortMode' is obsolete: 'FindObjectsSortMode has been deprecated. Use the FindObjectsByType overloads that do not take a FindObjectsSortMode parameter.'
Assets/LastSignal/Scripts/Runtime/AI/WorldPopulationAcceptanceRoute.cs(277,35): warning CS0618: 'Object.FindObjectsByType<T>(FindObjectsSortMode)' is obsolete: 'FindObjectsByType with FindObjectsSortMode parameter has been deprecated. Use FindObjectsByType<T>() or FindObjectsByType<T>(FindObjectsInactive) instead. InstanceID will be replaced in the future with EntityId and previous sort order cannot be maintained.'
Assets/LastSignal/Scripts/Runtime/Inventory/WorldItem.cs(44,35): warning CS0618: 'Object.FindObjectOfType<T>()' is obsolete: 'Object.FindObjectOfType has been deprecated. Use Object.FindAnyObjectByType instead.'
Assets/LastSignal/Scripts/Runtime/Session/SessionFlow.cs(55,22): warning CS0618: 'Object.FindObjectOfType<T>(bool)' is obsolete: 'Object.FindObjectOfType has been deprecated. Use Object.FindAnyObjectByType instead.'
Assets/LastSignal/Scripts/Runtime/Session/SessionFlow.cs(154,22): warning CS0618: 'Object.FindObjectOfType<T>(bool)' is obsolete: 'Object.FindObjectOfType has been deprecated. Use Object.FindAnyObjectByType instead.'
Assets/LastSignal/Scripts/Runtime/Slice/S014PopulationCapture.cs(142,66): warning CS0618: 'FindObjectsSortMode' is obsolete: 'FindObjectsSortMode has been deprecated. Use the FindObjectsByType overloads that do not take a FindObjectsSortMode parameter.'
Assets/LastSignal/Scripts/Runtime/Slice/S014PopulationCapture.cs(142,30): warning CS0618: 'Object.FindObjectsByType<T>(FindObjectsSortMode)' is obsolete: 'FindObjectsByType with FindObjectsSortMode parameter has been deprecated. Use FindObjectsByType<T>() or FindObjectsByType<T>(FindObjectsInactive) instead. InstanceID will be replaced in the future with EntityId and previous sort order cannot be maintained.'
Assets/LastSignal/Scripts/Runtime/Slice/S014PopulationCapture.cs(169,71): warning CS0618: 'FindObjectsSortMode' is obsolete: 'FindObjectsSortMode has been deprecated. Use the FindObjectsByType overloads that do not take a FindObjectsSortMode parameter.'
Assets/LastSignal/Scripts/Runtime/Slice/S014PopulationCapture.cs(169,35): warning CS0618: 'Object.FindObjectsByType<T>(FindObjectsSortMode)' is obsolete: 'FindObjectsByType with FindObjectsSortMode parameter has been deprecated. Use FindObjectsByType<T>() or FindObjectsByType<T>(FindObjectsInactive) instead. InstanceID will be replaced in the future with EntityId and previous sort order cannot be maintained.'
Assets/LastSignal/Scripts/Runtime/Slice/S013Performance.cs(31,84): warning CS0618: 'FindObjectsSortMode' is obsolete: 'FindObjectsSortMode has been deprecated. Use the FindObjectsByType overloads that do not take a FindObjectsSortMode parameter.'
Assets/LastSignal/Scripts/Runtime/Slice/S013Performance.cs(31,59): warning CS0618: 'Object.FindObjectsByType<T>(FindObjectsSortMode)' is obsolete: 'FindObjectsByType with FindObjectsSortMode parameter has been deprecated. Use FindObjectsByType<T>() or FindObjectsByType<T>(FindObjectsInactive) instead. InstanceID will be replaced in the future with EntityId and previous sort order cannot be maintained.'
Assets/LastSignal/Scripts/Runtime/WorldCells/WorldCellAcceptanceRoute.cs(55,78): warning CS0618: 'FindObjectsSortMode' is obsolete: 'FindObjectsSortMode has been deprecated. Use the FindObjectsByType overloads that do not take a FindObjectsSortMode parameter.'
Assets/LastSignal/Scripts/Runtime/WorldCells/WorldCellAcceptanceRoute.cs(55,23): warning CS0618: 'Object.FindObjectsByType<T>(FindObjectsSortMode)' is obsolete: 'FindObjectsByType with FindObjectsSortMode parameter has been deprecated. Use FindObjectsByType<T>() or FindObjectsByType<T>(FindObjectsInactive) instead. InstanceID will be replaced in the future with EntityId and previous sort order cannot be maintained.'
Assets/LastSignal/Scripts/Runtime/WorldCells/WorldCellAcceptanceRoute.cs(56,106): warning CS0618: 'FindObjectsSortMode' is obsolete: 'FindObjectsSortMode has been deprecated. Use the FindObjectsByType overloads that do not take a FindObjectsSortMode parameter.'
Assets/LastSignal/Scripts/Runtime/WorldCells/WorldCellAcceptanceRoute.cs(56,58): warning CS0618: 'Object.FindObjectsByType<T>(FindObjectsSortMode)' is obsolete: 'FindObjectsByType with FindObjectsSortMode parameter has been deprecated. Use FindObjectsByType<T>() or FindObjectsByType<T>(FindObjectsInactive) instead. InstanceID will be replaced in the future with EntityId and previous sort order cannot be maintained.'
Assets/LastSignal/Scripts/Runtime/WorldCells/WorldCellAcceptanceRoute.cs(56,196): warning CS0618: 'FindObjectsSortMode' is obsolete: 'FindObjectsSortMode has been deprecated. Use the FindObjectsByType overloads that do not take a FindObjectsSortMode parameter.'
Assets/LastSignal/Scripts/Runtime/WorldCells/WorldCellAcceptanceRoute.cs(56,141): warning CS0618: 'Object.FindObjectsByType<T>(FindObjectsSortMode)' is obsolete: 'FindObjectsByType with FindObjectsSortMode parameter has been deprecated. Use FindObjectsByType<T>() or FindObjectsByType<T>(FindObjectsInactive) instead. InstanceID will be replaced in the future with EntityId and previous sort order cannot be maintained.'
Assets/LastSignal/Scripts/Runtime/Slice/S013Performance.cs(122,236): warning CS0618: 'FindObjectsSortMode' is obsolete: 'FindObjectsSortMode has been deprecated. Use the FindObjectsByType overloads that do not take a FindObjectsSortMode parameter.'
Assets/LastSignal/Scripts/Runtime/Slice/S013Performance.cs(122,208): warning CS0618: 'Object.FindObjectsByType<T>(FindObjectsSortMode)' is obsolete: 'FindObjectsByType with FindObjectsSortMode parameter has been deprecated. Use FindObjectsByType<T>() or FindObjectsByType<T>(FindObjectsInactive) instead. InstanceID will be replaced in the future with EntityId and previous sort order cannot be maintained.'
Assets/LastSignal/Scripts/Runtime/Combat/WeaponVfxPresenter.cs(25,40): warning CS0414: The field 'WeaponVfxPresenter.impactLifetime' is assigned but its value is never used
[1363/1589  0s] ILPostProcess Library/Bee/artifacts/200b0aE.dag/post-processed/Unity.AI.Generators.IO.Srp.dll (+pdb)
Processing assembly Library/Bee/artifacts/200b0aE.dag/Unity.AI.Generators.IO.Srp.dll, with 135 defines and 320 references
processors: Unity.Jobs.CodeGen.JobsILPostProcessor, Unity.Pipeline.CodeGen.CodeReloadInPlaceILPostProcessor, zzzUnity.Burst.CodeGen.BurstILPostProcessor
running Unity.Jobs.CodeGen.JobsILPostProcessor
running Unity.Pipeline.CodeGen.CodeReloadInPlaceILPostProcessor
running zzzUnity.Burst.CodeGen.BurstILPostProcessor
[1364/1589  0s] ILPostProcess Library/Bee/artifacts/200b0aE.dag/post-processed/Unity.PathTracing.Editor.dll (+pdb)
Processing assembly Library/Bee/artifacts/200b0aE.dag/Unity.PathTracing.Editor.dll, with 136 defines and 324 references
processors: Unity.Jobs.CodeGen.JobsILPostProcessor, Unity.Pipeline.CodeGen.CodeReloadInPlaceILPostProcessor, zzzUnity.Burst.CodeGen.BurstILPostProcessor
running Unity.Jobs.CodeGen.JobsILPostProcessor
running Unity.Pipeline.CodeGen.CodeReloadInPlaceILPostProcessor
running zzzUnity.Burst.CodeGen.BurstILPostProcessor
[1365/1589  0s] ILPostProcess Library/Bee/artifacts/200b0aE.dag/post-processed/Unity.Multiplayer.Center.Editor.dll (+pdb)
Processing assembly Library/Bee/artifacts/200b0aE.dag/Unity.Multiplayer.Center.Editor.dll, with 135 defines and 321 references
processors: Unity.Jobs.CodeGen.JobsILPostProcessor, Unity.Pipeline.CodeGen.CodeReloadInPlaceILPostProcessor, zzzUnity.Burst.CodeGen.BurstILPostProcessor
running Unity.Jobs.CodeGen.JobsILPostProcessor
running Unity.Pipeline.CodeGen.CodeReloadInPlaceILPostProcessor
running zzzUnity.Burst.CodeGen.BurstILPostProcessor
[1366/1589  0s] ILPostProcess Library/Bee/artifacts/200b0aE.dag/post-processed/Unity.VisualScripting.Shared.Editor.dll (+pdb)
Processing assembly Library/Bee/artifacts/200b0aE.dag/Unity.VisualScripting.Shared.Editor.dll, with 135 defines and 326 references
processors: Unity.Jobs.CodeGen.JobsILPostProcessor, Unity.Pipeline.CodeGen.CodeReloadInPlaceILPostProcessor, zzzUnity.Burst.CodeGen.BurstILPostProcessor
running Unity.Jobs.CodeGen.JobsILPostProcessor
running Unity.Pipeline.CodeGen.CodeReloadInPlaceILPostProcessor
running zzzUnity.Burst.CodeGen.BurstILPostProcessor
[1367/1589  0s] ILPostProcess Library/Bee/artifacts/200b0aE.dag/post-processed/Unity.AI.Generators.Sdk.dll (+pdb)
Processing assembly Library/Bee/artifacts/200b0aE.dag/Unity.AI.Generators.Sdk.dll, with 135 defines and 324 references
processors: Unity.Jobs.CodeGen.JobsILPostProcessor, Unity.Pipeline.CodeGen.CodeReloadInPlaceILPostProcessor, zzzUnity.Burst.CodeGen.BurstILPostProcessor
running Unity.Jobs.CodeGen.JobsILPostProcessor
running Unity.Pipeline.CodeGen.CodeReloadInPlaceILPostProcessor
running zzzUnity.Burst.CodeGen.BurstILPostProcessor
[1368/1589  0s] ILPostProcess Library/Bee/artifacts/200b0aE.dag/post-processed/MotionCore.Vehicle.Core.Editor.dll (+pdb)
Processing assembly Library/Bee/artifacts/200b0aE.dag/MotionCore.Vehicle.Core.Editor.dll, with 135 defines and 321 references
processors: Unity.Jobs.CodeGen.JobsILPostProcessor, Unity.Pipeline.CodeGen.CodeReloadInPlaceILPostProcessor, zzzUnity.Burst.CodeGen.BurstILPostProcessor
running Unity.Jobs.CodeGen.JobsILPostProcessor
running Unity.Pipeline.CodeGen.CodeReloadInPlaceILPostProcessor
running zzzUnity.Burst.CodeGen.BurstILPostProcessor
[1369/1589  0s] ILPostProcess Library/Bee/artifacts/200b0aE.dag/post-processed/Unity.VisualScripting.Core.Editor.dll (+pdb)
Processing assembly Library/Bee/artifacts/200b0aE.dag/Unity.VisualScripting.Core.Editor.dll, with 135 defines and 321 references
processors: Unity.Jobs.CodeGen.JobsILPostProcessor, Unity.Pipeline.CodeGen.CodeReloadInPlaceILPostProcessor, zzzUnity.Burst.CodeGen.BurstILPostProcessor
running Unity.Jobs.CodeGen.JobsILPostProcessor
running Unity.Pipeline.CodeGen.CodeReloadInPlaceILPostProcessor
running zzzUnity.Burst.CodeGen.BurstILPostProcessor
[1370/1589  0s] ILPostProcess Library/Bee/artifacts/200b0aE.dag/post-processed/Unity.Timeline.Editor.dll (+pdb)
Processing assembly Library/Bee/artifacts/200b0aE.dag/Unity.Timeline.Editor.dll, with 136 defines and 321 references
processors: Unity.Jobs.CodeGen.JobsILPostProcessor, Unity.Pipeline.CodeGen.CodeReloadInPlaceILPostProcessor, zzzUnity.Burst.CodeGen.BurstILPostProcessor
running Unity.Jobs.CodeGen.JobsILPostProcessor
running Unity.Pipeline.CodeGen.CodeReloadInPlaceILPostProcessor
running zzzUnity.Burst.CodeGen.BurstILPostProcessor
[1371/1589  0s] ILPostProcess Library/Bee/artifacts/200b0aE.dag/post-processed/Unity.AI.Toolkit.Utility.dll (+pdb)
Processing assembly Library/Bee/artifacts/200b0aE.dag/Unity.AI.Toolkit.Utility.dll, with 135 defines and 320 references
processors: Unity.Jobs.CodeGen.JobsILPostProcessor, Unity.Pipeline.CodeGen.CodeReloadInPlaceILPostProcessor, zzzUnity.Burst.CodeGen.BurstILPostProcessor
running Unity.Jobs.CodeGen.JobsILPostProcessor
running Unity.Pipeline.CodeGen.CodeReloadInPlaceILPostProcessor
running zzzUnity.Burst.CodeGen.BurstILPostProcessor
[1372/1589  0s] ILPostProcess Library/Bee/artifacts/200b0aE.dag/post-processed/Unity.AI.Toolkit.Async.dll (+pdb)
Processing assembly Library/Bee/artifacts/200b0aE.dag/Unity.AI.Toolkit.Async.dll, with 135 defines and 320 references
processors: Unity.Jobs.CodeGen.JobsILPostProcessor, Unity.Pipeline.CodeGen.CodeReloadInPlaceILPostProcessor, zzzUnity.Burst.CodeGen.BurstILPostProcessor
running Unity.Jobs.CodeGen.JobsILPostProcessor
running Unity.Pipeline.CodeGen.CodeReloadInPlaceILPostProcessor
running zzzUnity.Burst.CodeGen.BurstILPostProcessor
[1373/1589  0s] Csc Library/Bee/artifacts/200b0aE.dag/LastSignal.MotionCore.dll (+2 others)
[1374/1589  0s] ILPostProcess Library/Bee/artifacts/200b0aE.dag/post-processed/Unity.RenderPipelines.Core.Editor.dll (+pdb)
Processing assembly Library/Bee/artifacts/200b0aE.dag/Unity.RenderPipelines.Core.Editor.dll, with 138 defines and 329 references
processors: Unity.Jobs.CodeGen.JobsILPostProcessor, Unity.Pipeline.CodeGen.CodeReloadInPlaceILPostProcessor, zzzUnity.Burst.CodeGen.BurstILPostProcessor
running Unity.Jobs.CodeGen.JobsILPostProcessor
running Unity.Pipeline.CodeGen.CodeReloadInPlaceILPostProcessor
running zzzUnity.Burst.CodeGen.BurstILPostProcessor
[1375/1589  0s] Csc Library/Bee/artifacts/200b0aE.dag/LastSignal.VehicleAuthoring.dll (+2 others)
[1376/1589  0s] Csc Library/Bee/artifacts/200b0aE.dag/LastSignal.Art.Editor.dll (+2 others)
Assets/LastSignal/Scripts/Editor/S013/S013ProductionPolish.cs(28,77): warning CS0618: 'FindObjectsSortMode' is obsolete: 'FindObjectsSortMode has been deprecated. Use the FindObjectsByType overloads that do not take a FindObjectsSortMode parameter.'
Assets/LastSignal/Scripts/Editor/S013/S013ProductionPolish.cs(28,25): warning CS0618: 'Object.FindObjectsByType<T>(FindObjectsSortMode)' is obsolete: 'FindObjectsByType with FindObjectsSortMode parameter has been deprecated. Use FindObjectsByType<T>() or FindObjectsByType<T>(FindObjectsInactive) instead. InstanceID will be replaced in the future with EntityId and previous sort order cannot be maintained.'
Assets/LastSignal/Scripts/Editor/S013/S013ProductionAuthoring.cs(263,66): warning CS0618: 'FindObjectsSortMode' is obsolete: 'FindObjectsSortMode has been deprecated. Use the FindObjectsByType overloads that do not take a FindObjectsSortMode parameter.'
Assets/LastSignal/Scripts/Editor/S013/S013ProductionAuthoring.cs(263,31): warning CS0618: 'Object.FindObjectsByType<T>(FindObjectsSortMode)' is obsolete: 'FindObjectsByType with FindObjectsSortMode parameter has been deprecated. Use FindObjectsByType<T>() or FindObjectsByType<T>(FindObjectsInactive) instead. InstanceID will be replaced in the future with EntityId and previous sort order cannot be maintained.'
[1377/1589  0s] ILPostProcess Library/Bee/artifacts/200b0aE.dag/post-processed/LastSignal.Runtime.dll (+pdb)
Processing assembly Library/Bee/artifacts/200b0aE.dag/LastSignal.Runtime.dll, with 137 defines and 315 references
processors: Unity.Jobs.CodeGen.JobsILPostProcessor, Unity.Pipeline.CodeGen.CodeReloadInPlaceILPostProcessor, zzzUnity.Burst.CodeGen.BurstILPostProcessor
running Unity.Jobs.CodeGen.JobsILPostProcessor
running Unity.Pipeline.CodeGen.CodeReloadInPlaceILPostProcessor
running zzzUnity.Burst.CodeGen.BurstILPostProcessor
[1378/1589  0s] ILPostProcess Library/Bee/artifacts/200b0aE.dag/post-processed/Unity.PerformanceTesting.Editor.dll (+pdb)
Processing assembly Library/Bee/artifacts/200b0aE.dag/Unity.PerformanceTesting.Editor.dll, with 136 defines and 300 references
processors: Unity.Jobs.CodeGen.JobsILPostProcessor, Unity.Pipeline.CodeGen.CodeReloadInPlaceILPostProcessor, zzzUnity.Burst.CodeGen.BurstILPostProcessor
running Unity.Jobs.CodeGen.JobsILPostProcessor
running Unity.Pipeline.CodeGen.CodeReloadInPlaceILPostProcessor
running zzzUnity.Burst.CodeGen.BurstILPostProcessor
[1379/1589  0s] ILPostProcess Library/Bee/artifacts/200b0aE.dag/post-processed/Unity.AI.Generators.UI.AIDropdownIntegrations.dll (+pdb)
Processing assembly Library/Bee/artifacts/200b0aE.dag/Unity.AI.Generators.UI.AIDropdownIntegrations.dll, with 135 defines and 323 references
processors: Unity.Jobs.CodeGen.JobsILPostProcessor, Unity.Pipeline.CodeGen.CodeReloadInPlaceILPostProcessor, zzzUnity.Burst.CodeGen.BurstILPostProcessor
running Unity.Jobs.CodeGen.JobsILPostProcessor
running Unity.Pipeline.CodeGen.CodeReloadInPlaceILPostProcessor
running zzzUnity.Burst.CodeGen.BurstILPostProcessor
[1380/1589  0s] ILPostProcess Library/Bee/artifacts/200b0aE.dag/post-processed/LastSignal.MotionCore.dll (+pdb)
Processing assembly Library/Bee/artifacts/200b0aE.dag/LastSignal.MotionCore.dll, with 137 defines and 313 references
processors: Unity.Jobs.CodeGen.JobsILPostProcessor, Unity.Pipeline.CodeGen.CodeReloadInPlaceILPostProcessor, zzzUnity.Burst.CodeGen.BurstILPostProcessor
running Unity.Jobs.CodeGen.JobsILPostProcessor
running Unity.Pipeline.CodeGen.CodeReloadInPlaceILPostProcessor
running zzzUnity.Burst.CodeGen.BurstILPostProcessor
[1381/1589  0s] ILPostProcess Library/Bee/artifacts/200b0aE.dag/post-processed/Unity.AI.Assistant.Bridge.Editor.dll (+pdb)
Processing assembly Library/Bee/artifacts/200b0aE.dag/Unity.AI.Assistant.Bridge.Editor.dll, with 136 defines and 320 references
processors: Unity.Jobs.CodeGen.JobsILPostProcessor, Unity.Pipeline.CodeGen.CodeReloadInPlaceILPostProcessor, zzzUnity.Burst.CodeGen.BurstILPostProcessor
running Unity.Jobs.CodeGen.JobsILPostProcessor
running Unity.Pipeline.CodeGen.CodeReloadInPlaceILPostProcessor
running zzzUnity.Burst.CodeGen.BurstILPostProcessor
[1382/1589  0s] ILPostProcess Library/Bee/artifacts/200b0aE.dag/post-processed/Unity.AI.Navigation.Updater.dll (+pdb)
Processing assembly Library/Bee/artifacts/200b0aE.dag/Unity.AI.Navigation.Updater.dll, with 135 defines and 323 references
processors: Unity.Jobs.CodeGen.JobsILPostProcessor, Unity.Pipeline.CodeGen.CodeReloadInPlaceILPostProcessor, zzzUnity.Burst.CodeGen.BurstILPostProcessor
running Unity.Jobs.CodeGen.JobsILPostProcessor
running Unity.Pipeline.CodeGen.CodeReloadInPlaceILPostProcessor
running zzzUnity.Burst.CodeGen.BurstILPostProcessor
[1383/1589  0s] ILPostProcess Library/Bee/artifacts/200b0aE.dag/post-processed/Unity.AI.Mesh.dll (+pdb)
Processing assembly Library/Bee/artifacts/200b0aE.dag/Unity.AI.Mesh.dll, with 135 defines and 334 references
processors: Unity.Jobs.CodeGen.JobsILPostProcessor, Unity.Pipeline.CodeGen.CodeReloadInPlaceILPostProcessor, zzzUnity.Burst.CodeGen.BurstILPostProcessor
running Unity.Jobs.CodeGen.JobsILPostProcessor
running Unity.Pipeline.CodeGen.CodeReloadInPlaceILPostProcessor
running zzzUnity.Burst.CodeGen.BurstILPostProcessor
[1384/1589  0s] ILPostProcess Library/Bee/artifacts/200b0aE.dag/post-processed/Unity.InferenceEngine.ONNX.Editor.dll (+pdb)
Processing assembly Library/Bee/artifacts/200b0aE.dag/Unity.InferenceEngine.ONNX.Editor.dll, with 135 defines and 300 references
processors: Unity.Jobs.CodeGen.JobsILPostProcessor, Unity.Pipeline.CodeGen.CodeReloadInPlaceILPostProcessor, zzzUnity.Burst.CodeGen.BurstILPostProcessor
running Unity.Jobs.CodeGen.JobsILPostProcessor
running Unity.Pipeline.CodeGen.CodeReloadInPlaceILPostProcessor
running zzzUnity.Burst.CodeGen.BurstILPostProcessor
[1385/1589  0s] ILPostProcess Library/Bee/artifacts/200b0aE.dag/post-processed/LastSignal.VehicleAuthoring.dll (+pdb)
Processing assembly Library/Bee/artifacts/200b0aE.dag/LastSignal.VehicleAuthoring.dll, with 135 defines and 323 references
processors: Unity.Jobs.CodeGen.JobsILPostProcessor, Unity.Pipeline.CodeGen.CodeReloadInPlaceILPostProcessor, zzzUnity.Burst.CodeGen.BurstILPostProcessor
running Unity.Jobs.CodeGen.JobsILPostProcessor
running Unity.Pipeline.CodeGen.CodeReloadInPlaceILPostProcessor
running zzzUnity.Burst.CodeGen.BurstILPostProcessor
[1386/1589  0s] Csc Library/Bee/artifacts/200b0aE.dag/LastSignal.Art.EditorTests.dll (+2 others)
[1387/1589  0s] Csc Library/Bee/artifacts/200b0aE.dag/LastSignal.Editor.dll (+2 others)
Assets/LastSignal/Scripts/Editor/AttachManager.cs(16,32): warning CS0618: 'Object.FindObjectsOfType<T>(bool)' is obsolete: 'Object.FindObjectsOfType has been deprecated. Use Object.FindObjectsByType instead which lets you decide whether you need the results sorted or not.  FindObjectsOfType sorts the results by InstanceID but if you do not need this using FindObjectSortMode.None is considerably faster.'
Assets/LastSignal/Scripts/Editor/ZombieAnimationPreview.cs(65,24): warning CS0618: 'Object.FindFirstObjectByType<T>()' is obsolete: 'FindFirstObjectByType has been deprecated because it relies on instance ID ordering. Use FindAnyObjectByType instead, which does not depend on ordering.'
Assets/LastSignal/Scripts/Editor/S015AudioAuthoring.cs(93,22): warning CS0618: 'Object.FindFirstObjectByType<T>()' is obsolete: 'FindFirstObjectByType has been deprecated because it relies on instance ID ordering. Use FindAnyObjectByType instead, which does not depend on ordering.'
Assets/LastSignal/Scripts/Editor/ZombieAssetIntegration.cs(190,75): warning CS0618: 'FindObjectsSortMode' is obsolete: 'FindObjectsSortMode has been deprecated. Use the FindObjectsByType overloads that do not take a FindObjectsSortMode parameter.'
Assets/LastSignal/Scripts/Editor/ZombieAssetIntegration.cs(190,31): warning CS0618: 'Object.FindObjectsByType<T>(FindObjectsSortMode)' is obsolete: 'FindObjectsByType with FindObjectsSortMode parameter has been deprecated. Use FindObjectsByType<T>() or FindObjectsByType<T>(FindObjectsInactive) instead. InstanceID will be replaced in the future with EntityId and previous sort order cannot be maintained.'
[1388/1589  0s] ILPostProcess Library/Bee/artifacts/200b0aE.dag/post-processed/Unity.2D.Sprite.Editor.dll (+pdb)
Processing assembly Library/Bee/artifacts/200b0aE.dag/Unity.2D.Sprite.Editor.dll, with 135 defines and 320 references
processors: Unity.Jobs.CodeGen.JobsILPostProcessor, Unity.Pipeline.CodeGen.CodeReloadInPlaceILPostProcessor, zzzUnity.Burst.CodeGen.BurstILPostProcessor
running Unity.Jobs.CodeGen.JobsILPostProcessor
running Unity.Pipeline.CodeGen.CodeReloadInPlaceILPostProcessor
running zzzUnity.Burst.CodeGen.BurstILPostProcessor
[1389/1589  0s] ILPostProcess Library/Bee/artifacts/200b0aE.dag/post-processed/Unity.AI.Generators.UI.dll (+pdb)
Processing assembly Library/Bee/artifacts/200b0aE.dag/Unity.AI.Generators.UI.dll, with 135 defines and 311 references
processors: Unity.Jobs.CodeGen.JobsILPostProcessor, Unity.Pipeline.CodeGen.CodeReloadInPlaceILPostProcessor, zzzUnity.Burst.CodeGen.BurstILPostProcessor
running Unity.Jobs.CodeGen.JobsILPostProcessor
running Unity.Pipeline.CodeGen.CodeReloadInPlaceILPostProcessor
running zzzUnity.Burst.CodeGen.BurstILPostProcessor
[1390/1589  0s] ILPostProcess Library/Bee/artifacts/200b0aE.dag/post-processed/Unity.InferenceEngine.Editor.dll (+pdb)
Processing assembly Library/Bee/artifacts/200b0aE.dag/Unity.InferenceEngine.Editor.dll, with 135 defines and 306 references
processors: Unity.Jobs.CodeGen.JobsILPostProcessor, Unity.Pipeline.CodeGen.CodeReloadInPlaceILPostProcessor, zzzUnity.Burst.CodeGen.BurstILPostProcessor
running Unity.Jobs.CodeGen.JobsILPostProcessor
running Unity.Pipeline.CodeGen.CodeReloadInPlaceILPostProcessor
running zzzUnity.Burst.CodeGen.BurstILPostProcessor
[1391/1589  0s] ILPostProcess Library/Bee/artifacts/200b0aE.dag/post-processed/Unity.PlasticSCM.Editor.dll (+pdb)
Processing assembly Library/Bee/artifacts/200b0aE.dag/Unity.PlasticSCM.Editor.dll, with 135 defines and 303 references
processors: Unity.Jobs.CodeGen.JobsILPostProcessor, Unity.Pipeline.CodeGen.CodeReloadInPlaceILPostProcessor, zzzUnity.Burst.CodeGen.BurstILPostProcessor
running Unity.Jobs.CodeGen.JobsILPostProcessor
running Unity.Pipeline.CodeGen.CodeReloadInPlaceILPostProcessor
running zzzUnity.Burst.CodeGen.BurstILPostProcessor
[1392/1589  0s] ILPostProcess Library/Bee/artifacts/200b0aE.dag/post-processed/Unity.RenderPipelines.Core.Editor.Shared.dll (+pdb)
Processing assembly Library/Bee/artifacts/200b0aE.dag/Unity.RenderPipelines.Core.Editor.Shared.dll, with 135 defines and 327 references
processors: Unity.Jobs.CodeGen.JobsILPostProcessor, Unity.Pipeline.CodeGen.CodeReloadInPlaceILPostProcessor, zzzUnity.Burst.CodeGen.BurstILPostProcessor
running Unity.Jobs.CodeGen.JobsILPostProcessor
running Unity.Pipeline.CodeGen.CodeReloadInPlaceILPostProcessor
running zzzUnity.Burst.CodeGen.BurstILPostProcessor
[1393/1589  0s] ILPostProcess Library/Bee/artifacts/200b0aE.dag/post-processed/Unity.AI.Toolkit.Asset.dll (+pdb)
Processing assembly Library/Bee/artifacts/200b0aE.dag/Unity.AI.Toolkit.Asset.dll, with 135 defines and 321 references
processors: Unity.Jobs.CodeGen.JobsILPostProcessor, Unity.Pipeline.CodeGen.CodeReloadInPlaceILPostProcessor, zzzUnity.Burst.CodeGen.BurstILPostProcessor
running Unity.Jobs.CodeGen.JobsILPostProcessor
running Unity.Pipeline.CodeGen.CodeReloadInPlaceILPostProcessor
running zzzUnity.Burst.CodeGen.BurstILPostProcessor
[1394/1589  0s] ILPostProcess Library/Bee/artifacts/200b0aE.dag/post-processed/Unity.AI.Generators.Asset.dll (+pdb)
Processing assembly Library/Bee/artifacts/200b0aE.dag/Unity.AI.Generators.Asset.dll, with 135 defines and 325 references
processors: Unity.Jobs.CodeGen.JobsILPostProcessor, Unity.Pipeline.CodeGen.CodeReloadInPlaceILPostProcessor, zzzUnity.Burst.CodeGen.BurstILPostProcessor
running Unity.Jobs.CodeGen.JobsILPostProcessor
running Unity.Pipeline.CodeGen.CodeReloadInPlaceILPostProcessor
running zzzUnity.Burst.CodeGen.BurstILPostProcessor
[1395/1589  0s] ILPostProcess Library/Bee/artifacts/200b0aE.dag/post-processed/Unity.Burst.Editor.dll (+pdb)
Processing assembly Library/Bee/artifacts/200b0aE.dag/Unity.Burst.Editor.dll, with 135 defines and 321 references
processors: Unity.Jobs.CodeGen.JobsILPostProcessor, Unity.Pipeline.CodeGen.CodeReloadInPlaceILPostProcessor, zzzUnity.Burst.CodeGen.BurstILPostProcessor
running Unity.Jobs.CodeGen.JobsILPostProcessor
running Unity.Pipeline.CodeGen.CodeReloadInPlaceILPostProcessor
running zzzUnity.Burst.CodeGen.BurstILPostProcessor
[1396/1589  0s] ILPostProcess Library/Bee/artifacts/200b0aE.dag/post-processed/Unity.VisualScripting.State.Editor.dll (+pdb)
Processing assembly Library/Bee/artifacts/200b0aE.dag/Unity.VisualScripting.State.Editor.dll, with 135 defines and 325 references
processors: Unity.Jobs.CodeGen.JobsILPostProcessor, Unity.Pipeline.CodeGen.CodeReloadInPlaceILPostProcessor, zzzUnity.Burst.CodeGen.BurstILPostProcessor
running Unity.Jobs.CodeGen.JobsILPostProcessor
running Unity.Pipeline.CodeGen.CodeReloadInPlaceILPostProcessor
running zzzUnity.Burst.CodeGen.BurstILPostProcessor
[1397/1589  0s] ILPostProcess Library/Bee/artifacts/200b0aE.dag/post-processed/LastSignal.Art.EditorTests.dll (+pdb)
Processing assembly Library/Bee/artifacts/200b0aE.dag/LastSignal.Art.EditorTests.dll, with 135 defines and 300 references
processors: Unity.Jobs.CodeGen.JobsILPostProcessor, Unity.Pipeline.CodeGen.CodeReloadInPlaceILPostProcessor, zzzUnity.Burst.CodeGen.BurstILPostProcessor
running Unity.Jobs.CodeGen.JobsILPostProcessor
running Unity.Pipeline.CodeGen.CodeReloadInPlaceILPostProcessor
running zzzUnity.Burst.CodeGen.BurstILPostProcessor
[1398/1589  0s] ILPostProcess Library/Bee/artifacts/200b0aE.dag/post-processed/Unity.InferenceEngine.Editor.Visualizer.dll (+pdb)
Processing assembly Library/Bee/artifacts/200b0aE.dag/Unity.InferenceEngine.Editor.Visualizer.dll, with 135 defines and 327 references
processors: Unity.Jobs.CodeGen.JobsILPostProcessor, Unity.Pipeline.CodeGen.CodeReloadInPlaceILPostProcessor, zzzUnity.Burst.CodeGen.BurstILPostProcessor
running Unity.Jobs.CodeGen.JobsILPostProcessor
running Unity.Pipeline.CodeGen.CodeReloadInPlaceILPostProcessor
running zzzUnity.Burst.CodeGen.BurstILPostProcessor
[1399/1589  0s] ILPostProcess Library/Bee/artifacts/200b0aE.dag/post-processed/Unity.PlasticSCM.Editor.Entities.dll (+pdb)
Processing assembly Library/Bee/artifacts/200b0aE.dag/Unity.PlasticSCM.Editor.Entities.dll, with 135 defines and 321 references
processors: Unity.Jobs.CodeGen.JobsILPostProcessor, Unity.Pipeline.CodeGen.CodeReloadInPlaceILPostProcessor, zzzUnity.Burst.CodeGen.BurstILPostProcessor
running Unity.Jobs.CodeGen.JobsILPostProcessor
running Unity.Pipeline.CodeGen.CodeReloadInPlaceILPostProcessor
running zzzUnity.Burst.CodeGen.BurstILPostProcessor
[1400/1589  0s] Csc Library/Bee/artifacts/200b0aE.dag/LastSignal.PlayModeTests.dll (+2 others)
Assets/LastSignal/Scripts/Tests/PlayMode/CombatAcceptanceTests.cs(74,70): warning CS0618: 'FindObjectsSortMode' is obsolete: 'FindObjectsSortMode has been deprecated. Use the FindObjectsByType overloads that do not take a FindObjectsSortMode parameter.'
Assets/LastSignal/Scripts/Tests/PlayMode/CombatAcceptanceTests.cs(74,27): warning CS0618: 'Object.FindObjectsByType<T>(FindObjectsSortMode)' is obsolete: 'FindObjectsByType with FindObjectsSortMode parameter has been deprecated. Use FindObjectsByType<T>() or FindObjectsByType<T>(FindObjectsInactive) instead. InstanceID will be replaced in the future with EntityId and previous sort order cannot be maintained.'
Assets/LastSignal/Scripts/Tests/PlayMode/R05SessionLifecyclePlayTests.cs(72,85): warning CS0618: 'FindObjectsSortMode' is obsolete: 'FindObjectsSortMode has been deprecated. Use the FindObjectsByType overloads that do not take a FindObjectsSortMode parameter.'
Assets/LastSignal/Scripts/Tests/PlayMode/R05SessionLifecyclePlayTests.cs(72,30): warning CS0618: 'Object.FindObjectsByType<T>(FindObjectsSortMode)' is obsolete: 'FindObjectsByType with FindObjectsSortMode parameter has been deprecated. Use FindObjectsByType<T>() or FindObjectsByType<T>(FindObjectsInactive) instead. InstanceID will be replaced in the future with EntityId and previous sort order cannot be maintained.'
Assets/LastSignal/Scripts/Tests/PlayMode/R05SessionLifecyclePlayTests.cs(76,96): warning CS0618: 'FindObjectsSortMode' is obsolete: 'FindObjectsSortMode has been deprecated. Use the FindObjectsByType overloads that do not take a FindObjectsSortMode parameter.'
Assets/LastSignal/Scripts/Tests/PlayMode/R05SessionLifecyclePlayTests.cs(76,38): warning CS0618: 'Object.FindObjectsByType<T>(FindObjectsSortMode)' is obsolete: 'FindObjectsByType with FindObjectsSortMode parameter has been deprecated. Use FindObjectsByType<T>() or FindObjectsByType<T>(FindObjectsInactive) instead. InstanceID will be replaced in the future with EntityId and previous sort order cannot be maintained.'
Assets/LastSignal/Scripts/Tests/PlayMode/R05SessionLifecyclePlayTests.cs(91,81): warning CS0618: 'FindObjectsSortMode' is obsolete: 'FindObjectsSortMode has been deprecated. Use the FindObjectsByType overloads that do not take a FindObjectsSortMode parameter.'
Assets/LastSignal/Scripts/Tests/PlayMode/R05SessionLifecyclePlayTests.cs(91,26): warning CS0618: 'Object.FindObjectsByType<T>(FindObjectsSortMode)' is obsolete: 'FindObjectsByType with FindObjectsSortMode parameter has been deprecated. Use FindObjectsByType<T>() or FindObjectsByType<T>(FindObjectsInactive) instead. InstanceID will be replaced in the future with EntityId and previous sort order cannot be maintained.'
Assets/LastSignal/Scripts/Tests/PlayMode/R05IntegratedPerformancePlayTests.cs(163,81): warning CS0618: 'FindObjectsSortMode' is obsolete: 'FindObjectsSortMode has been deprecated. Use the FindObjectsByType overloads that do not take a FindObjectsSortMode parameter.'
Assets/LastSignal/Scripts/Tests/PlayMode/R05IntegratedPerformancePlayTests.cs(163,26): warning CS0618: 'Object.FindObjectsByType<T>(FindObjectsSortMode)' is obsolete: 'FindObjectsByType with FindObjectsSortMode parameter has been deprecated. Use FindObjectsByType<T>() or FindObjectsByType<T>(FindObjectsInactive) instead. InstanceID will be replaced in the future with EntityId and previous sort order cannot be maintained.'
Assets/LastSignal/Scripts/Tests/PlayMode/RuntimeSmokeTests.cs(62,70): warning CS0618: 'FindObjectsSortMode' is obsolete: 'FindObjectsSortMode has been deprecated. Use the FindObjectsByType overloads that do not take a FindObjectsSortMode parameter.'
Assets/LastSignal/Scripts/Tests/PlayMode/RuntimeSmokeTests.cs(62,31): warning CS0618: 'Object.FindObjectsByType<T>(FindObjectsSortMode)' is obsolete: 'FindObjectsByType with FindObjectsSortMode parameter has been deprecated. Use FindObjectsByType<T>() or FindObjectsByType<T>(FindObjectsInactive) instead. InstanceID will be replaced in the future with EntityId and previous sort order cannot be maintained.'
Assets/LastSignal/Scripts/Tests/PlayMode/RuntimeSmokeTests.cs(63,73): warning CS0618: 'FindObjectsSortMode' is obsolete: 'FindObjectsSortMode has been deprecated. Use the FindObjectsByType overloads that do not take a FindObjectsSortMode parameter.'
Assets/LastSignal/Scripts/Tests/PlayMode/RuntimeSmokeTests.cs(63,31): warning CS0618: 'Object.FindObjectsByType<T>(FindObjectsSortMode)' is obsolete: 'FindObjectsByType with FindObjectsSortMode parameter has been deprecated. Use FindObjectsByType<T>() or FindObjectsByType<T>(FindObjectsInactive) instead. InstanceID will be replaced in the future with EntityId and previous sort order cannot be maintained.'
Assets/LastSignal/Scripts/Tests/PlayMode/RuntimeSmokeTests.cs(105,66): warning CS0618: 'FindObjectsSortMode' is obsolete: 'FindObjectsSortMode has been deprecated. Use the FindObjectsByType overloads that do not take a FindObjectsSortMode parameter.'
Assets/LastSignal/Scripts/Tests/PlayMode/RuntimeSmokeTests.cs(105,27): warning CS0618: 'Object.FindObjectsByType<T>(FindObjectsSortMode)' is obsolete: 'FindObjectsByType with FindObjectsSortMode parameter has been deprecated. Use FindObjectsByType<T>() or FindObjectsByType<T>(FindObjectsInactive) instead. InstanceID will be replaced in the future with EntityId and previous sort order cannot be maintained.'
Assets/LastSignal/Scripts/Tests/PlayMode/S015AudioPlayTests.cs(21,18): warning CS0618: 'Object.FindFirstObjectByType<T>()' is obsolete: 'FindFirstObjectByType has been deprecated because it relies on instance ID ordering. Use FindAnyObjectByType instead, which does not depend on ordering.'
Assets/LastSignal/Scripts/Tests/PlayMode/S014PopulationCaptureTests.cs(27,79): warning CS0618: 'FindObjectsSortMode' is obsolete: 'FindObjectsSortMode has been deprecated. Use the FindObjectsByType overloads that do not take a FindObjectsSortMode parameter.'
Assets/LastSignal/Scripts/Tests/PlayMode/S014PopulationCaptureTests.cs(27,36): warning CS0618: 'Object.FindObjectsByType<T>(FindObjectsSortMode)' is obsolete: 'FindObjectsByType with FindObjectsSortMode parameter has been deprecated. Use FindObjectsByType<T>() or FindObjectsByType<T>(FindObjectsInactive) instead. InstanceID will be replaced in the future with EntityId and previous sort order cannot be maintained.'
Assets/LastSignal/Scripts/Tests/PlayMode/S014PopulationCaptureTests.cs(47,75): warning CS0618: 'FindObjectsSortMode' is obsolete: 'FindObjectsSortMode has been deprecated. Use the FindObjectsByType overloads that do not take a FindObjectsSortMode parameter.'
Assets/LastSignal/Scripts/Tests/PlayMode/S014PopulationCaptureTests.cs(47,32): warning CS0618: 'Object.FindObjectsByType<T>(FindObjectsSortMode)' is obsolete: 'FindObjectsByType with FindObjectsSortMode parameter has been deprecated. Use FindObjectsByType<T>() or FindObjectsByType<T>(FindObjectsInactive) instead. InstanceID will be replaced in the future with EntityId and previous sort order cannot be maintained.'
Assets/LastSignal/Scripts/Tests/PlayMode/Inventory/InventoryIntegrationTests.cs(116,32): warning CS0618: 'Object.FindObjectsOfType<T>(bool)' is obsolete: 'Object.FindObjectsOfType has been deprecated. Use Object.FindObjectsByType instead which lets you decide whether you need the results sorted or not.  FindObjectsOfType sorts the results by InstanceID but if you do not need this using FindObjectSortMode.None is considerably faster.'
[1401/1589  0s] Csc Library/Bee/artifacts/200b0aE.dag/LastSignal.EditModeTests.dll (+2 others)
Assets/LastSignal/Scripts/Tests/EditMode/InventorySnapshotTests.cs(33,100): warning CS0618: 'FindObjectsSortMode' is obsolete: 'FindObjectsSortMode has been deprecated. Use the FindObjectsByType overloads that do not take a FindObjectsSortMode parameter.'
Assets/LastSignal/Scripts/Tests/EditMode/InventorySnapshotTests.cs(33,35): warning CS0618: 'Object.FindObjectsByType<T>(FindObjectsInactive, FindObjectsSortMode)' is obsolete: 'FindObjectsByType with FindObjectsSortMode parameter has been deprecated. Use FindObjectsByType<T>() or FindObjectsByType<T>(FindObjectsInactive) instead. InstanceID will be replaced in the future with EntityId and previous sort order cannot be maintained.'
Assets/LastSignal/Scripts/Tests/EditMode/InventorySnapshotTests.cs(107,99): warning CS0618: 'FindObjectsSortMode' is obsolete: 'FindObjectsSortMode has been deprecated. Use the FindObjectsByType overloads that do not take a FindObjectsSortMode parameter.'
Assets/LastSignal/Scripts/Tests/EditMode/InventorySnapshotTests.cs(107,34): warning CS0618: 'Object.FindObjectsByType<T>(FindObjectsInactive, FindObjectsSortMode)' is obsolete: 'FindObjectsByType with FindObjectsSortMode parameter has been deprecated. Use FindObjectsByType<T>() or FindObjectsByType<T>(FindObjectsInactive) instead. InstanceID will be replaced in the future with EntityId and previous sort order cannot be maintained.'
Assets/LastSignal/Scripts/Tests/EditMode/WeaponStateTests.cs(379,70): warning CS0618: 'FindObjectsSortMode' is obsolete: 'FindObjectsSortMode has been deprecated. Use the FindObjectsByType overloads that do not take a FindObjectsSortMode parameter.'
Assets/LastSignal/Scripts/Tests/EditMode/WeaponStateTests.cs(379,27): warning CS0618: 'Object.FindObjectsByType<T>(FindObjectsSortMode)' is obsolete: 'FindObjectsByType with FindObjectsSortMode parameter has been deprecated. Use FindObjectsByType<T>() or FindObjectsByType<T>(FindObjectsInactive) instead. InstanceID will be replaced in the future with EntityId and previous sort order cannot be maintained.'
[1402/1589  0s] Csc Library/Bee/artifacts/200b0aE.dag/Assembly-CSharp.dll (+2 others)
Assets/ThirdParty/FirstPersonARPGStarterPack/Scripts/Characters/Enemies/DetectionModule.cs(29,27): warning CS0618: 'Object.FindObjectOfType<T>()' is obsolete: 'Object.FindObjectOfType has been deprecated. Use Object.FindAnyObjectByType instead.'
Assets/ThirdParty/FirstPersonARPGStarterPack/Scripts/Characters/Enemies/EnemyManager.cs(17,30): warning CS0618: 'Object.FindObjectOfType<T>()' is obsolete: 'Object.FindObjectOfType has been deprecated. Use Object.FindAnyObjectByType instead.'
Assets/ThirdParty/FirstPersonARPGStarterPack/Scripts/Characters/Player/Stance UI/StanceHUD.cs(17,47): warning CS0618: 'Object.FindObjectOfType<T>()' is obsolete: 'Object.FindObjectOfType has been deprecated. Use Object.FindAnyObjectByType instead.'
Assets/ThirdParty/FirstPersonARPGStarterPack/Scripts/StatsAndManipulation/UI Stat Bars/PlayerHealthBar.cs(12,63): warning CS0618: 'Object.FindObjectOfType<T>()' is obsolete: 'Object.FindObjectOfType has been deprecated. Use Object.FindAnyObjectByType instead.'
Assets/ThirdParty/FirstPersonARPGStarterPack/Scripts/StatsAndManipulation/UI Stat Bars/PlayerStaminaBar.cs(15,63): warning CS0618: 'Object.FindObjectOfType<T>()' is obsolete: 'Object.FindObjectOfType has been deprecated. Use Object.FindAnyObjectByType instead.'
Assets/ThirdParty/FirstPersonARPGStarterPack/Scripts/UI/WeaponSlot.cs(38,34): warning CS0618: 'Object.FindObjectOfType<T>()' is obsolete: 'Object.FindObjectOfType has been deprecated. Use Object.FindAnyObjectByType instead.'
Assets/ThirdParty/FirstPersonARPGStarterPack/Scripts/Utility Scripts/FX/AudioUtility.cs(35,34): warning CS0618: 'Object.FindObjectOfType<T>()' is obsolete: 'Object.FindObjectOfType has been deprecated. Use Object.FindAnyObjectByType instead.'
Assets/ThirdParty/FirstPersonARPGStarterPack/Scripts/UI/InGameMenuManager.cs(27,33): warning CS0618: 'Object.FindObjectOfType<T>()' is obsolete: 'Object.FindObjectOfType has been deprecated. Use Object.FindAnyObjectByType instead.'
Assets/ThirdParty/FirstPersonARPGStarterPack/Scripts/Utility Scripts/FX/AudioUtility.cs(49,34): warning CS0618: 'Object.FindObjectOfType<T>()' is obsolete: 'Object.FindObjectOfType has been deprecated. Use Object.FindAnyObjectByType instead.'
Assets/ThirdParty/FirstPersonARPGStarterPack/Scripts/Characters/Enemies/EnemyController.cs(117,26): warning CS0618: 'Object.FindObjectOfType<T>()' is obsolete: 'Object.FindObjectOfType has been deprecated. Use Object.FindAnyObjectByType instead.'
Assets/ThirdParty/FirstPersonARPGStarterPack/Scripts/Characters/Enemies/EnemyController.cs(120,27): warning CS0618: 'Object.FindObjectOfType<T>()' is obsolete: 'Object.FindObjectOfType has been deprecated. Use Object.FindAnyObjectByType instead.'
Assets/ThirdParty/FirstPersonARPGStarterPack/Scripts/UI/WeaponHUDManager.cs(16,34): warning CS0618: 'Object.FindObjectOfType<T>()' is obsolete: 'Object.FindObjectOfType has been deprecated. Use Object.FindAnyObjectByType instead.'
Assets/ThirdParty/FirstPersonARPGStarterPack/Scripts/Utility Scripts/FX/AudioUtility.cs(61,34): warning CS0618: 'Object.FindObjectOfType<T>()' is obsolete: 'Object.FindObjectOfType has been deprecated. Use Object.FindAnyObjectByType instead.'
Assets/ThirdParty/FirstPersonARPGStarterPack/Scripts/Weapons/Melee/MeleeWeapon.cs(92,30): warning CS0618: 'Object.FindObjectOfType<T>()' is obsolete: 'Object.FindObjectOfType has been deprecated. Use Object.FindAnyObjectByType instead.'
Assets/ThirdParty/FirstPersonARPGStarterPack/Scripts/UI/CrosshairManager.cs(20,28): warning CS0618: 'Object.FindObjectOfType<T>()' is obsolete: 'Object.FindObjectOfType has been deprecated. Use Object.FindAnyObjectByType instead.'
[1403/1589  0s] ILPostProcess Library/Bee/artifacts/200b0aE.dag/post-processed/LastSignal.PlayModeTests.dll (+pdb)
Processing assembly Library/Bee/artifacts/200b0aE.dag/LastSignal.PlayModeTests.dll, with 137 defines and 294 references
processors: Unity.Jobs.CodeGen.JobsILPostProcessor, Unity.Pipeline.CodeGen.CodeReloadInPlaceILPostProcessor, zzzUnity.Burst.CodeGen.BurstILPostProcessor
running Unity.Jobs.CodeGen.JobsILPostProcessor
running Unity.Pipeline.CodeGen.CodeReloadInPlaceILPostProcessor
running zzzUnity.Burst.CodeGen.BurstILPostProcessor
[1404/1589  0s] ILPostProcess Library/Bee/artifacts/200b0aE.dag/post-processed/HFDownloader.dll (+pdb)
Processing assembly Library/Bee/artifacts/200b0aE.dag/HFDownloader.dll, with 135 defines and 300 references
processors: Unity.Jobs.CodeGen.JobsILPostProcessor, Unity.Pipeline.CodeGen.CodeReloadInPlaceILPostProcessor, zzzUnity.Burst.CodeGen.BurstILPostProcessor
running Unity.Jobs.CodeGen.JobsILPostProcessor
running Unity.Pipeline.CodeGen.CodeReloadInPlaceILPostProcessor
running zzzUnity.Burst.CodeGen.BurstILPostProcessor
[1405/1589  0s] ILPostProcess Library/Bee/artifacts/200b0aE.dag/post-processed/Unity.RenderPipelines.Universal.2D.Editor.Overrides.dll (+pdb)
Processing assembly Library/Bee/artifacts/200b0aE.dag/Unity.RenderPipelines.Universal.2D.Editor.Overrides.dll, with 136 defines and 329 references
processors: Unity.Jobs.CodeGen.JobsILPostProcessor, Unity.Pipeline.CodeGen.CodeReloadInPlaceILPostProcessor, zzzUnity.Burst.CodeGen.BurstILPostProcessor
running Unity.Jobs.CodeGen.JobsILPostProcessor
running Unity.Pipeline.CodeGen.CodeReloadInPlaceILPostProcessor
running zzzUnity.Burst.CodeGen.BurstILPostProcessor
[1406/1589  0s] ILPostProcess Library/Bee/artifacts/200b0aE.dag/post-processed/Unity.InputSystem.DocCodeSamples.dll (+pdb)
Processing assembly Library/Bee/artifacts/200b0aE.dag/Unity.InputSystem.DocCodeSamples.dll, with 135 defines and 300 references
processors: Unity.Jobs.CodeGen.JobsILPostProcessor, Unity.Pipeline.CodeGen.CodeReloadInPlaceILPostProcessor, zzzUnity.Burst.CodeGen.BurstILPostProcessor
running Unity.Jobs.CodeGen.JobsILPostProcessor
running Unity.Pipeline.CodeGen.CodeReloadInPlaceILPostProcessor
running zzzUnity.Burst.CodeGen.BurstILPostProcessor
[1407/1589  0s] ILPostProcess Library/Bee/artifacts/200b0aE.dag/post-processed/Unity.AI.Assistant.Agent.Dynamic.Extension.Editor.dll (+pdb)
Processing assembly Library/Bee/artifacts/200b0aE.dag/Unity.AI.Assistant.Agent.Dynamic.Extension.Editor.dll, with 135 defines and 320 references
processors: Unity.Jobs.CodeGen.JobsILPostProcessor, Unity.Pipeline.CodeGen.CodeReloadInPlaceILPostProcessor, zzzUnity.Burst.CodeGen.BurstILPostProcessor
running Unity.Jobs.CodeGen.JobsILPostProcessor
running Unity.Pipeline.CodeGen.CodeReloadInPlaceILPostProcessor
running zzzUnity.Burst.CodeGen.BurstILPostProcessor
[1408/1589  0s] ILPostProcess Library/Bee/artifacts/200b0aE.dag/post-processed/Unity.AI.Search.Editor.dll (+pdb)
Processing assembly Library/Bee/artifacts/200b0aE.dag/Unity.AI.Search.Editor.dll, with 136 defines and 308 references
processors: Unity.Jobs.CodeGen.JobsILPostProcessor, Unity.Pipeline.CodeGen.CodeReloadInPlaceILPostProcessor, zzzUnity.Burst.CodeGen.BurstILPostProcessor
running Unity.Jobs.CodeGen.JobsILPostProcessor
running Unity.Pipeline.CodeGen.CodeReloadInPlaceILPostProcessor
running zzzUnity.Burst.CodeGen.BurstILPostProcessor
[1409/1589  0s] ILPostProcess Library/Bee/artifacts/200b0aE.dag/post-processed/Unity.AI.Assistant.Tools.Editor.dll (+pdb)
Processing assembly Library/Bee/artifacts/200b0aE.dag/Unity.AI.Assistant.Tools.Editor.dll, with 135 defines and 309 references
processors: Unity.Jobs.CodeGen.JobsILPostProcessor, Unity.Pipeline.CodeGen.CodeReloadInPlaceILPostProcessor, zzzUnity.Burst.CodeGen.BurstILPostProcessor
running Unity.Jobs.CodeGen.JobsILPostProcessor
running Unity.Pipeline.CodeGen.CodeReloadInPlaceILPostProcessor
running zzzUnity.Burst.CodeGen.BurstILPostProcessor
[1410/1589  0s] ILPostProcess Library/Bee/artifacts/200b0aE.dag/post-processed/Unity.AI.Animate.dll (+pdb)
Processing assembly Library/Bee/artifacts/200b0aE.dag/Unity.AI.Animate.dll, with 135 defines and 337 references
processors: Unity.Jobs.CodeGen.JobsILPostProcessor, Unity.Pipeline.CodeGen.CodeReloadInPlaceILPostProcessor, zzzUnity.Burst.CodeGen.BurstILPostProcessor
running Unity.Jobs.CodeGen.JobsILPostProcessor
running Unity.Pipeline.CodeGen.CodeReloadInPlaceILPostProcessor
running zzzUnity.Burst.CodeGen.BurstILPostProcessor
[1411/1589  0s] ILPostProcess Library/Bee/artifacts/200b0aE.dag/post-processed/LastSignal.EditModeTests.dll (+pdb)
Processing assembly Library/Bee/artifacts/200b0aE.dag/LastSignal.EditModeTests.dll, with 135 defines and 302 references
processors: Unity.Jobs.CodeGen.JobsILPostProcessor, Unity.Pipeline.CodeGen.CodeReloadInPlaceILPostProcessor, zzzUnity.Burst.CodeGen.BurstILPostProcessor
running Unity.Jobs.CodeGen.JobsILPostProcessor
running Unity.Pipeline.CodeGen.CodeReloadInPlaceILPostProcessor
running zzzUnity.Burst.CodeGen.BurstILPostProcessor
[1412/1589  0s] ILPostProcess Library/Bee/artifacts/200b0aE.dag/post-processed/Unity.AI.Pbr.dll (+pdb)
Processing assembly Library/Bee/artifacts/200b0aE.dag/Unity.AI.Pbr.dll, with 135 defines and 336 references
processors: Unity.Jobs.CodeGen.JobsILPostProcessor, Unity.Pipeline.CodeGen.CodeReloadInPlaceILPostProcessor, zzzUnity.Burst.CodeGen.BurstILPostProcessor
running Unity.Jobs.CodeGen.JobsILPostProcessor
running Unity.Pipeline.CodeGen.CodeReloadInPlaceILPostProcessor
running zzzUnity.Burst.CodeGen.BurstILPostProcessor
[1413/1589  0s] Csc Library/Bee/artifacts/200b0aE.dag/Assembly-CSharp-Editor.dll (+2 others)
[1414/1589  0s] ILPostProcess Library/Bee/artifacts/200b0aE.dag/post-processed/Assembly-CSharp.dll (+pdb)
Processing assembly Library/Bee/artifacts/200b0aE.dag/Assembly-CSharp.dll, with 137 defines and 388 references
processors: Unity.Jobs.CodeGen.JobsILPostProcessor, Unity.Pipeline.CodeGen.CodeReloadInPlaceILPostProcessor, zzzUnity.Burst.CodeGen.BurstILPostProcessor
running Unity.Jobs.CodeGen.JobsILPostProcessor
running Unity.Pipeline.CodeGen.CodeReloadInPlaceILPostProcessor
running zzzUnity.Burst.CodeGen.BurstILPostProcessor
[1415/1589  0s] ILPostProcess Library/Bee/artifacts/200b0aE.dag/post-processed/Assembly-CSharp-Editor.dll (+pdb)
Processing assembly Library/Bee/artifacts/200b0aE.dag/Assembly-CSharp-Editor.dll, with 135 defines and 414 references
processors: Unity.Jobs.CodeGen.JobsILPostProcessor, Unity.Pipeline.CodeGen.CodeReloadInPlaceILPostProcessor, zzzUnity.Burst.CodeGen.BurstILPostProcessor
running Unity.Jobs.CodeGen.JobsILPostProcessor
running Unity.Pipeline.CodeGen.CodeReloadInPlaceILPostProcessor
running zzzUnity.Burst.CodeGen.BurstILPostProcessor
[1416/1589  0s] ILPostProcess Library/Bee/artifacts/200b0aE.dag/post-processed/Unity.Rendering.LightTransport.Editor.dll (+pdb)
Processing assembly Library/Bee/artifacts/200b0aE.dag/Unity.Rendering.LightTransport.Editor.dll, with 135 defines and 320 references
processors: Unity.Jobs.CodeGen.JobsILPostProcessor, Unity.Pipeline.CodeGen.CodeReloadInPlaceILPostProcessor, zzzUnity.Burst.CodeGen.BurstILPostProcessor
running Unity.Jobs.CodeGen.JobsILPostProcessor
running Unity.Pipeline.CodeGen.CodeReloadInPlaceILPostProcessor
running zzzUnity.Burst.CodeGen.BurstILPostProcessor
[1417/1589  0s] ILPostProcess Library/Bee/artifacts/200b0aE.dag/post-processed/Unity.AI.ModelSelector.dll (+pdb)
Processing assembly Library/Bee/artifacts/200b0aE.dag/Unity.AI.ModelSelector.dll, with 135 defines and 329 references
processors: Unity.Jobs.CodeGen.JobsILPostProcessor, Unity.Pipeline.CodeGen.CodeReloadInPlaceILPostProcessor, zzzUnity.Burst.CodeGen.BurstILPostProcessor
running Unity.Jobs.CodeGen.JobsILPostProcessor
running Unity.Pipeline.CodeGen.CodeReloadInPlaceILPostProcessor
running zzzUnity.Burst.CodeGen.BurstILPostProcessor
[1418/1589  0s] ILPostProcess Library/Bee/artifacts/200b0aE.dag/post-processed/Unity.AI.Generators.IO.dll (+pdb)
Processing assembly Library/Bee/artifacts/200b0aE.dag/Unity.AI.Generators.IO.dll, with 135 defines and 325 references
processors: Unity.Jobs.CodeGen.JobsILPostProcessor, Unity.Pipeline.CodeGen.CodeReloadInPlaceILPostProcessor, zzzUnity.Burst.CodeGen.BurstILPostProcessor
running Unity.Jobs.CodeGen.JobsILPostProcessor
running Unity.Pipeline.CodeGen.CodeReloadInPlaceILPostProcessor
running zzzUnity.Burst.CodeGen.BurstILPostProcessor
[1419/1589  0s] ILPostProcess Library/Bee/artifacts/200b0aE.dag/post-processed/Unity.InternalAPIEngineBridge.RenderPipelines.Core.Editor.dll (+pdb)
Processing assembly Library/Bee/artifacts/200b0aE.dag/Unity.InternalAPIEngineBridge.RenderPipelines.Core.Editor.dll, with 135 defines and 320 references
processors: Unity.Jobs.CodeGen.JobsILPostProcessor, Unity.Pipeline.CodeGen.CodeReloadInPlaceILPostProcessor, zzzUnity.Burst.CodeGen.BurstILPostProcessor
running Unity.Jobs.CodeGen.JobsILPostProcessor
running Unity.Pipeline.CodeGen.CodeReloadInPlaceILPostProcessor
running zzzUnity.Burst.CodeGen.BurstILPostProcessor
[1420/1589  0s] ILPostProcess Library/Bee/artifacts/200b0aE.dag/post-processed/UnityEditor.UI.dll (+pdb)
Processing assembly Library/Bee/artifacts/200b0aE.dag/UnityEditor.UI.dll, with 138 defines and 319 references
processors: Unity.Jobs.CodeGen.JobsILPostProcessor, Unity.Pipeline.CodeGen.CodeReloadInPlaceILPostProcessor, zzzUnity.Burst.CodeGen.BurstILPostProcessor
running Unity.Jobs.CodeGen.JobsILPostProcessor
running Unity.Pipeline.CodeGen.CodeReloadInPlaceILPostProcessor
running zzzUnity.Burst.CodeGen.BurstILPostProcessor
[1421/1589  0s] ILPostProcess Library/Bee/artifacts/200b0aE.dag/post-processed/Unity.AI.Assistant.API.Editor.dll (+pdb)
Processing assembly Library/Bee/artifacts/200b0aE.dag/Unity.AI.Assistant.API.Editor.dll, with 135 defines and 324 references
processors: Unity.Jobs.CodeGen.JobsILPostProcessor, Unity.Pipeline.CodeGen.CodeReloadInPlaceILPostProcessor, zzzUnity.Burst.CodeGen.BurstILPostProcessor
running Unity.Jobs.CodeGen.JobsILPostProcessor
running Unity.Pipeline.CodeGen.CodeReloadInPlaceILPostProcessor
running zzzUnity.Burst.CodeGen.BurstILPostProcessor
[1422/1589  0s] ILPostProcess Library/Bee/artifacts/200b0aE.dag/post-processed/Unity.ShaderGraph.Utilities.dll (+pdb)
Processing assembly Library/Bee/artifacts/200b0aE.dag/Unity.ShaderGraph.Utilities.dll, with 135 defines and 320 references
processors: Unity.Jobs.CodeGen.JobsILPostProcessor, Unity.Pipeline.CodeGen.CodeReloadInPlaceILPostProcessor, zzzUnity.Burst.CodeGen.BurstILPostProcessor
running Unity.Jobs.CodeGen.JobsILPostProcessor
running Unity.Pipeline.CodeGen.CodeReloadInPlaceILPostProcessor
running zzzUnity.Burst.CodeGen.BurstILPostProcessor
[1423/1589  0s] ILPostProcess Library/Bee/artifacts/200b0aE.dag/post-processed/Unity.AI.Image.dll (+pdb)
Processing assembly Library/Bee/artifacts/200b0aE.dag/Unity.AI.Image.dll, with 135 defines and 337 references
processors: Unity.Jobs.CodeGen.JobsILPostProcessor, Unity.Pipeline.CodeGen.CodeReloadInPlaceILPostProcessor, zzzUnity.Burst.CodeGen.BurstILPostProcessor
running Unity.Jobs.CodeGen.JobsILPostProcessor
running Unity.Pipeline.CodeGen.CodeReloadInPlaceILPostProcessor
running zzzUnity.Burst.CodeGen.BurstILPostProcessor
[1424/1589  0s] ILPostProcess Library/Bee/artifacts/200b0aE.dag/post-processed/LastSignal.Editor.dll (+pdb)
Processing assembly Library/Bee/artifacts/200b0aE.dag/LastSignal.Editor.dll, with 135 defines and 322 references
processors: Unity.Jobs.CodeGen.JobsILPostProcessor, Unity.Pipeline.CodeGen.CodeReloadInPlaceILPostProcessor, zzzUnity.Burst.CodeGen.BurstILPostProcessor
running Unity.Jobs.CodeGen.JobsILPostProcessor
running Unity.Pipeline.CodeGen.CodeReloadInPlaceILPostProcessor
running zzzUnity.Burst.CodeGen.BurstILPostProcessor
[1425/1589  0s] ILPostProcess Library/Bee/artifacts/200b0aE.dag/post-processed/Unity.AI.MCP.Editor.dll (+pdb)
Processing assembly Library/Bee/artifacts/200b0aE.dag/Unity.AI.MCP.Editor.dll, with 135 defines and 308 references
processors: Unity.Jobs.CodeGen.JobsILPostProcessor, Unity.Pipeline.CodeGen.CodeReloadInPlaceILPostProcessor, zzzUnity.Burst.CodeGen.BurstILPostProcessor
running Unity.Jobs.CodeGen.JobsILPostProcessor
running Unity.Pipeline.CodeGen.CodeReloadInPlaceILPostProcessor
running zzzUnity.Burst.CodeGen.BurstILPostProcessor
[1426/1589  0s] ILPostProcess Library/Bee/artifacts/200b0aE.dag/post-processed/Unity.AI.Generators.Redux.dll (+pdb)
Processing assembly Library/Bee/artifacts/200b0aE.dag/Unity.AI.Generators.Redux.dll, with 135 defines and 323 references
processors: Unity.Jobs.CodeGen.JobsILPostProcessor, Unity.Pipeline.CodeGen.CodeReloadInPlaceILPostProcessor, zzzUnity.Burst.CodeGen.BurstILPostProcessor
running Unity.Jobs.CodeGen.JobsILPostProcessor
running Unity.Pipeline.CodeGen.CodeReloadInPlaceILPostProcessor
running zzzUnity.Burst.CodeGen.BurstILPostProcessor
[1427/1589  0s] ILPostProcess Library/Bee/artifacts/200b0aE.dag/post-processed/Unity.AppUI.Navigation.Editor.dll (+pdb)
Processing assembly Library/Bee/artifacts/200b0aE.dag/Unity.AppUI.Navigation.Editor.dll, with 136 defines and 324 references
processors: Unity.Jobs.CodeGen.JobsILPostProcessor, Unity.Pipeline.CodeGen.CodeReloadInPlaceILPostProcessor, zzzUnity.Burst.CodeGen.BurstILPostProcessor
running Unity.Jobs.CodeGen.JobsILPostProcessor
running Unity.Pipeline.CodeGen.CodeReloadInPlaceILPostProcessor
running zzzUnity.Burst.CodeGen.BurstILPostProcessor
[1428/1589  0s] ILPostProcess Library/Bee/artifacts/200b0aE.dag/post-processed/Unity.AI.Assistant.Integrations.Profiler.Editor.dll (+pdb)
Processing assembly Library/Bee/artifacts/200b0aE.dag/Unity.AI.Assistant.Integrations.Profiler.Editor.dll, with 135 defines and 325 references
processors: Unity.Jobs.CodeGen.JobsILPostProcessor, Unity.Pipeline.CodeGen.CodeReloadInPlaceILPostProcessor, zzzUnity.Burst.CodeGen.BurstILPostProcessor
running Unity.Jobs.CodeGen.JobsILPostProcessor
running Unity.Pipeline.CodeGen.CodeReloadInPlaceILPostProcessor
running zzzUnity.Burst.CodeGen.BurstILPostProcessor
[1429/1589  0s] ILPostProcess Library/Bee/artifacts/200b0aE.dag/post-processed/LastSignal.Art.Editor.dll (+pdb)
Processing assembly Library/Bee/artifacts/200b0aE.dag/LastSignal.Art.Editor.dll, with 135 defines and 324 references
processors: Unity.Jobs.CodeGen.JobsILPostProcessor, Unity.Pipeline.CodeGen.CodeReloadInPlaceILPostProcessor, zzzUnity.Burst.CodeGen.BurstILPostProcessor
running Unity.Jobs.CodeGen.JobsILPostProcessor
running Unity.Pipeline.CodeGen.CodeReloadInPlaceILPostProcessor
running zzzUnity.Burst.CodeGen.BurstILPostProcessor
[1430/1589  0s] ILPostProcess Library/Bee/artifacts/200b0aE.dag/post-processed/Unity.AI.Generators.Contexts.dll (+pdb)
Processing assembly Library/Bee/artifacts/200b0aE.dag/Unity.AI.Generators.Contexts.dll, with 135 defines and 320 references
processors: Unity.Jobs.CodeGen.JobsILPostProcessor, Unity.Pipeline.CodeGen.CodeReloadInPlaceILPostProcessor, zzzUnity.Burst.CodeGen.BurstILPostProcessor
running Unity.Jobs.CodeGen.JobsILPostProcessor
running Unity.Pipeline.CodeGen.CodeReloadInPlaceILPostProcessor
running zzzUnity.Burst.CodeGen.BurstILPostProcessor
[1431/1589  0s] ILPostProcess Library/Bee/artifacts/200b0aE.dag/post-processed/MCPForUnity.Editor.dll (+pdb)
Processing assembly Library/Bee/artifacts/200b0aE.dag/MCPForUnity.Editor.dll, with 135 defines and 301 references
processors: Unity.Jobs.CodeGen.JobsILPostProcessor, Unity.Pipeline.CodeGen.CodeReloadInPlaceILPostProcessor, zzzUnity.Burst.CodeGen.BurstILPostProcessor
running Unity.Jobs.CodeGen.JobsILPostProcessor
running Unity.Pipeline.CodeGen.CodeReloadInPlaceILPostProcessor
running zzzUnity.Burst.CodeGen.BurstILPostProcessor
[1432/1589  0s] ILPostProcess Library/Bee/artifacts/200b0aE.dag/post-processed/Unity.RenderPipelines.Universal.Editor.dll (+pdb)
Processing assembly Library/Bee/artifacts/200b0aE.dag/Unity.RenderPipelines.Universal.Editor.dll, with 137 defines and 333 references
processors: Unity.Jobs.CodeGen.JobsILPostProcessor, Unity.Pipeline.CodeGen.CodeReloadInPlaceILPostProcessor, zzzUnity.Burst.CodeGen.BurstILPostProcessor
running Unity.Jobs.CodeGen.JobsILPostProcessor
running Unity.Pipeline.CodeGen.CodeReloadInPlaceILPostProcessor
running zzzUnity.Burst.CodeGen.BurstILPostProcessor
[1433/1589  0s] ILPostProcess Library/Bee/artifacts/200b0aE.dag/post-processed/Unity.AI.Toolkit.Compliance.dll (+pdb)
Processing assembly Library/Bee/artifacts/200b0aE.dag/Unity.AI.Toolkit.Compliance.dll, with 135 defines and 320 references
processors: Unity.Jobs.CodeGen.JobsILPostProcessor, Unity.Pipeline.CodeGen.CodeReloadInPlaceILPostProcessor, zzzUnity.Burst.CodeGen.BurstILPostProcessor
running Unity.Jobs.CodeGen.JobsILPostProcessor
running Unity.Pipeline.CodeGen.CodeReloadInPlaceILPostProcessor
running zzzUnity.Burst.CodeGen.BurstILPostProcessor
[1434/1589  0s] ILPostProcess Library/Bee/artifacts/200b0aE.dag/post-processed/Unity.AppUI.Editor.dll (+pdb)
Processing assembly Library/Bee/artifacts/200b0aE.dag/Unity.AppUI.Editor.dll, with 138 defines and 322 references
processors: Unity.Jobs.CodeGen.JobsILPostProcessor, Unity.Pipeline.CodeGen.CodeReloadInPlaceILPostProcessor, zzzUnity.Burst.CodeGen.BurstILPostProcessor
running Unity.Jobs.CodeGen.JobsILPostProcessor
running Unity.Pipeline.CodeGen.CodeReloadInPlaceILPostProcessor
running zzzUnity.Burst.CodeGen.BurstILPostProcessor
[1435/1589  0s] ILPostProcess Library/Bee/artifacts/200b0aE.dag/post-processed/Unity.AI.Pbr.Srp.dll (+pdb)
Processing assembly Library/Bee/artifacts/200b0aE.dag/Unity.AI.Pbr.Srp.dll, with 135 defines and 321 references
processors: Unity.Jobs.CodeGen.JobsILPostProcessor, Unity.Pipeline.CodeGen.CodeReloadInPlaceILPostProcessor, zzzUnity.Burst.CodeGen.BurstILPostProcessor
running Unity.Jobs.CodeGen.JobsILPostProcessor
running Unity.Pipeline.CodeGen.CodeReloadInPlaceILPostProcessor
running zzzUnity.Burst.CodeGen.BurstILPostProcessor
[1436/1589  0s] ILPostProcess Library/Bee/artifacts/200b0aE.dag/post-processed/UnityEditor.UI.Analytics.dll (+pdb)
Processing assembly Library/Bee/artifacts/200b0aE.dag/UnityEditor.UI.Analytics.dll, with 135 defines and 321 references
processors: Unity.Jobs.CodeGen.JobsILPostProcessor, Unity.Pipeline.CodeGen.CodeReloadInPlaceILPostProcessor, zzzUnity.Burst.CodeGen.BurstILPostProcessor
running Unity.Jobs.CodeGen.JobsILPostProcessor
running Unity.Pipeline.CodeGen.CodeReloadInPlaceILPostProcessor
running zzzUnity.Burst.CodeGen.BurstILPostProcessor
[1437/1589  0s] ILPostProcess Library/Bee/artifacts/200b0aE.dag/post-processed/Unity.CollabProxy.Editor.dll (+pdb)
Processing assembly Library/Bee/artifacts/200b0aE.dag/Unity.CollabProxy.Editor.dll, with 135 defines and 321 references
processors: Unity.Jobs.CodeGen.JobsILPostProcessor, Unity.Pipeline.CodeGen.CodeReloadInPlaceILPostProcessor, zzzUnity.Burst.CodeGen.BurstILPostProcessor
running Unity.Jobs.CodeGen.JobsILPostProcessor
running Unity.Pipeline.CodeGen.CodeReloadInPlaceILPostProcessor
running zzzUnity.Burst.CodeGen.BurstILPostProcessor
[1438/1589  0s] ILPostProcess Library/Bee/artifacts/200b0aE.dag/post-processed/Unity.Collections.Editor.dll (+pdb)
Processing assembly Library/Bee/artifacts/200b0aE.dag/Unity.Collections.Editor.dll, with 136 defines and 321 references
processors: Unity.Jobs.CodeGen.JobsILPostProcessor, Unity.Pipeline.CodeGen.CodeReloadInPlaceILPostProcessor, zzzUnity.Burst.CodeGen.BurstILPostProcessor
running Unity.Jobs.CodeGen.JobsILPostProcessor
running Unity.Pipeline.CodeGen.CodeReloadInPlaceILPostProcessor
running zzzUnity.Burst.CodeGen.BurstILPostProcessor
[1439/1589  0s] CopyFiles Library/ScriptAssemblies/Unity.AI.Animate.Motion.Runtime.dll
[1440/1589  0s] CopyFiles Library/ScriptAssemblies/Unity.AppUI.dll
[1441/1589  0s] CopyFiles Library/ScriptAssemblies/Unity.RenderPipelines.Universal.2D.Runtime.dll
[1442/1589  0s] CopyFiles Library/ScriptAssemblies/Unity.AI.MCP.Runtime.dll
[1443/1589  0s] CopyFiles Library/ScriptAssemblies/Unity.AI.Navigation.dll
[1444/1589  0s] CopyFiles Library/ScriptAssemblies/Unity.RenderPipelines.Universal.Shaders.dll
[1445/1589  0s] CopyFiles Library/ScriptAssemblies/Unity.RenderPipelines.Core.ShaderLibrary.dll
[1446/1589  0s] CopyFiles Library/ScriptAssemblies/Unity.RenderPipelines.ShaderGraph.ShaderGraphLibrary.dll
[1447/1589  0s] CopyFiles Library/ScriptAssemblies/MotionCore.Vehicle.Core.dll
[1448/1589  0s] CopyFiles Library/ScriptAssemblies/Unity.InferenceEngine.Tokenization.dll
[1449/1589  0s] CopyFiles Library/ScriptAssemblies/Unity.UnifiedRayTracing.Runtime.dll
[1450/1589  0s] CopyFiles Library/ScriptAssemblies/Unity.AI.Tracing.dll
[1451/1589  0s] CopyFiles Library/ScriptAssemblies/Unity.InferenceEngine.MacBLAS.dll
[1452/1589  0s] CopyFiles Library/ScriptAssemblies/Unity.RenderPipelines.Universal.Config.Runtime.dll
[1453/1589  0s] CopyFiles Library/ScriptAssemblies/Unity.VisualScripting.Core.dll
[1454/1589  0s] CopyFiles Library/ScriptAssemblies/Unity.RenderPipelines.Core.Runtime.Shared.dll
[1455/1589  0s] CopyFiles Library/ScriptAssemblies/Unity.InferenceEngine.dll
[1456/1589  0s] CopyFiles Library/ScriptAssemblies/Unity.SurfaceCache.Runtime.dll
[1457/1589  0s] CopyFiles Library/ScriptAssemblies/Unity.InternalAPIEngineBridge.004.dll
[1458/1589  0s] CopyFiles Library/ScriptAssemblies/Unity.AppUI.InternalAPIBridge.dll
[1459/1589  0s] CopyFiles Library/ScriptAssemblies/Unity.Burst.dll
[1460/1589  0s] CopyFiles Library/ScriptAssemblies/Unity.PerformanceTesting.dll
[1461/1589  0s] CopyFiles Library/ScriptAssemblies/Unity.RenderPipelines.Universal.Runtime.dll
[1462/1589  0s] CopyFiles Library/ScriptAssemblies/Unity.Pipeline.dll
[1463/1589  0s] CopyFiles Library/ScriptAssemblies/LastSignal.MotionCore.dll
[1464/1589  0s] CopyFiles Library/ScriptAssemblies/Unity.AppUI.MVVM.dll
[1465/1589  0s] CopyFiles Library/ScriptAssemblies/Assembly-CSharp.dll
[1466/1589  0s] CopyFiles Library/ScriptAssemblies/Unity.TextMeshPro.dll
[1467/1589  0s] CopyFiles Library/ScriptAssemblies/Unity.PathTracing.Runtime.dll
[1468/1589  0s] CopyFiles Library/ScriptAssemblies/Unity.InputSystem.TestFramework.dll
[1469/1589  0s] CopyFiles Library/ScriptAssemblies/Unity.InputSystem.dll
[1470/1589  0s] CopyFiles Library/ScriptAssemblies/Unity.InferenceEngine.iOSBLAS.dll
[1471/1589  0s] CopyFiles Library/ScriptAssemblies/UnityEngine.UI.dll
[1472/1589  0s] CopyFiles Library/ScriptAssemblies/Unity.InternalAPIEngineBridge.RenderPipelines.Core.Runtime.Shared.dll
[1473/1589  0s] CopyFiles Library/ScriptAssemblies/MCPForUnity.Runtime.dll
[1474/1589  0s] CopyFiles Library/ScriptAssemblies/Unity.AppUI.Redux.dll
[1475/1589  0s] CopyFiles Library/ScriptAssemblies/Unity.Pipeline.Attributes.dll
[1476/1589  0s] CopyFiles Library/ScriptAssemblies/LastSignal.Runtime.dll
[1477/1589  0s] CopyFiles Library/ScriptAssemblies/Unity.Timeline.dll
[1478/1589  0s] CopyFiles Library/ScriptAssemblies/Unity.RenderPipelines.Core.Runtime.dll
[1479/1589  0s] CopyFiles Library/ScriptAssemblies/Unity.RenderPipeline.Universal.ShaderLibrary.dll
[1480/1589  0s] CopyFiles Library/ScriptAssemblies/Unity.AppUI.Navigation.dll
[1481/1589  0s] CopyFiles Library/ScriptAssemblies/Unity.VisualScripting.DocCodeExamples.dll
[1482/1589  0s] CopyFiles Library/ScriptAssemblies/Unity.RenderPipelines.GPUDriven.Runtime.dll
[1483/1589  0s] CopyFiles Library/ScriptAssemblies/Unity.Collections.dll
[1484/1589  0s] CopyFiles Library/ScriptAssemblies/Unity.VisualScripting.State.dll
[1485/1589  0s] CopyFiles Library/ScriptAssemblies/Unity.Multiplayer.Center.Common.dll
[1486/1589  0s] CopyFiles Library/ScriptAssemblies/Unity.AI.Assistant.Runtime.dll
[1487/1589  0s] CopyFiles Library/ScriptAssemblies/Unity.InputSystem.ForUI.dll
[1488/1589  0s] CopyFiles Library/ScriptAssemblies/LastSignal.PlayModeTests.dll
[1489/1589  0s] CopyFiles Library/ScriptAssemblies/Unity.AppUI.Undo.dll
[1490/1589  0s] CopyFiles Library/ScriptAssemblies/Unity.Pipeline.IlInterpreter.dll
[1491/1589  0s] CopyFiles Library/ScriptAssemblies/Unity.Mathematics.dll
[1492/1589  0s] CopyFiles Library/ScriptAssemblies/Unity.VisualScripting.Flow.dll
[1493/1589  0s] CopyFiles Library/ScriptAssemblies/Unity.AI.Assistant.Integrations.Profiler.Editor.dll
[1494/1589  0s] CopyFiles Library/ScriptAssemblies/Unity.AI.Assistant.Integrations.Profiler.Editor.pdb
[1495/1589  0s] CopyFiles Library/ScriptAssemblies/Unity.AppUI.Navigation.Editor.pdb
[1496/1589  0s] CopyFiles Library/ScriptAssemblies/Unity.AppUI.Navigation.Editor.dll
[1497/1589  0s] CopyFiles Library/ScriptAssemblies/Unity.AI.MCP.Editor.pdb
[1498/1589  0s] CopyFiles Library/ScriptAssemblies/Unity.AI.MCP.Editor.dll
[1499/1589  0s] CopyFiles Library/ScriptAssemblies/Unity.AI.Generators.Redux.pdb
[1500/1589  0s] CopyFiles Library/ScriptAssemblies/Unity.AI.Generators.Redux.dll
[1501/1589  0s] CopyFiles Library/ScriptAssemblies/LastSignal.Editor.pdb
[1502/1589  0s] CopyFiles Library/ScriptAssemblies/LastSignal.Editor.dll
[1503/1589  0s] CopyFiles Library/ScriptAssemblies/Unity.AI.Image.pdb
[1504/1589  0s] CopyFiles Library/ScriptAssemblies/Unity.AI.Image.dll
[1505/1589  0s] CopyFiles Library/ScriptAssemblies/Unity.AI.Assistant.API.Editor.dll
[1506/1589  0s] CopyFiles Library/ScriptAssemblies/Unity.AI.Assistant.API.Editor.pdb
[1507/1589  0s] CopyFiles Library/ScriptAssemblies/Unity.ShaderGraph.Utilities.dll
[1508/1589  0s] CopyFiles Library/ScriptAssemblies/Unity.ShaderGraph.Utilities.pdb
[1509/1589  0s] CopyFiles Library/ScriptAssemblies/UnityEditor.UI.dll
[1510/1589  0s] CopyFiles Library/ScriptAssemblies/UnityEditor.UI.pdb
[1511/1589  0s] CopyFiles Library/ScriptAssemblies/Unity.InternalAPIEngineBridge.RenderPipelines.Core.Editor.dll
[1512/1589  0s] CopyFiles Library/ScriptAssemblies/Unity.InternalAPIEngineBridge.RenderPipelines.Core.Editor.pdb
[1513/1589  0s] CopyFiles Library/ScriptAssemblies/Unity.AI.Generators.IO.pdb
[1514/1589  0s] CopyFiles Library/ScriptAssemblies/Unity.AI.Generators.IO.dll
[1515/1589  0s] CopyFiles Library/ScriptAssemblies/Unity.AI.ModelSelector.dll
[1516/1589  0s] CopyFiles Library/ScriptAssemblies/Unity.AI.ModelSelector.pdb
[1517/1589  0s] CopyFiles Library/ScriptAssemblies/Unity.Rendering.LightTransport.Editor.pdb
[1518/1589  0s] CopyFiles Library/ScriptAssemblies/Unity.Rendering.LightTransport.Editor.dll
[1519/1589  0s] CopyFiles Library/ScriptAssemblies/Assembly-CSharp-Editor.dll
[1520/1589  0s] CopyFiles Library/ScriptAssemblies/Assembly-CSharp-Editor.pdb
[1521/1589  0s] CopyFiles Library/ScriptAssemblies/Assembly-CSharp.pdb
[1522/1589  0s] CopyFiles Library/ScriptAssemblies/LastSignal.EditModeTests.pdb
[1523/1589  0s] CopyFiles Library/ScriptAssemblies/LastSignal.EditModeTests.dll
[1524/1589  0s] CopyFiles Library/ScriptAssemblies/Unity.AI.Pbr.pdb
[1525/1589  0s] CopyFiles Library/ScriptAssemblies/Unity.AI.Animate.pdb
[1526/1589  0s] CopyFiles Library/ScriptAssemblies/Unity.AI.Pbr.dll
[1527/1589  0s] CopyFiles Library/ScriptAssemblies/Unity.AI.Animate.dll
[1528/1589  0s] CopyFiles Library/ScriptAssemblies/Unity.AI.Assistant.Tools.Editor.dll
[1529/1589  0s] CopyFiles Library/ScriptAssemblies/Unity.AI.Assistant.Tools.Editor.pdb
[1530/1589  0s] CopyFiles Library/ScriptAssemblies/Unity.AI.Search.Editor.pdb
[1531/1589  0s] CopyFiles Library/ScriptAssemblies/Unity.AI.Search.Editor.dll
[1532/1589  0s] CopyFiles Library/ScriptAssemblies/Unity.AI.Assistant.Agent.Dynamic.Extension.Editor.dll
[1533/1589  0s] CopyFiles Library/ScriptAssemblies/Unity.AI.Assistant.Agent.Dynamic.Extension.Editor.pdb
[1534/1589  0s] CopyFiles Library/ScriptAssemblies/Unity.InputSystem.DocCodeSamples.dll
[1535/1589  0s] CopyFiles Library/ScriptAssemblies/LastSignal.Art.Editor.dll
[1536/1589  0s] CopyFiles Library/ScriptAssemblies/LastSignal.Art.Editor.pdb
[1537/1589  0s] CopyFiles Library/ScriptAssemblies/Unity.RenderPipelines.Universal.2D.Editor.Overrides.pdb
[1538/1589  0s] CopyFiles Library/ScriptAssemblies/Unity.InputSystem.DocCodeSamples.pdb
[1539/1589  0s] CopyFiles Library/ScriptAssemblies/Unity.RenderPipelines.Universal.2D.Editor.Overrides.dll
[1540/1589  0s] CopyFiles Library/ScriptAssemblies/HFDownloader.pdb
[1541/1589  0s] CopyFiles Library/ScriptAssemblies/HFDownloader.dll
[1542/1589  0s] CopyFiles Library/ScriptAssemblies/Unity.PlasticSCM.Editor.Entities.pdb
[1543/1589  0s] CopyFiles Library/ScriptAssemblies/LastSignal.PlayModeTests.pdb
[1544/1589  0s] CopyFiles Library/ScriptAssemblies/Unity.PlasticSCM.Editor.Entities.dll
[1545/1589  0s] CopyFiles Library/ScriptAssemblies/MCPForUnity.Editor.pdb
[1546/1589  0s] CopyFiles Library/ScriptAssemblies/Unity.AI.Generators.Contexts.pdb
[1547/1589  0s] CopyFiles Library/ScriptAssemblies/MCPForUnity.Editor.dll
[1548/1589  0s] CopyFiles Library/ScriptAssemblies/Unity.AI.Generators.Contexts.dll
[1549/1589  0s] CopyFiles Library/ScriptAssemblies/Unity.RenderPipelines.Universal.Editor.dll
[1550/1589  0s] CopyFiles Library/ScriptAssemblies/Unity.InferenceEngine.Editor.Visualizer.dll
[1551/1589  0s] CopyFiles Library/ScriptAssemblies/Unity.VisualScripting.State.Editor.dll
[1552/1589  0s] CopyFiles Library/ScriptAssemblies/LastSignal.Art.EditorTests.dll
[1553/1589  0s] CopyFiles Library/ScriptAssemblies/Unity.InferenceEngine.Editor.Visualizer.pdb
[1554/1589  0s] CopyFiles Library/ScriptAssemblies/LastSignal.Art.EditorTests.pdb
[1555/1589  0s] CopyFiles Library/ScriptAssemblies/Unity.RenderPipelines.Universal.Editor.pdb
[1556/1589  0s] CopyFiles Library/ScriptAssemblies/Unity.VisualScripting.State.Editor.pdb
[1557/1589  0s] CopyFiles Library/ScriptAssemblies/Unity.Burst.Editor.pdb
[1558/1589  0s] CopyFiles Library/ScriptAssemblies/Unity.AppUI.Editor.pdb
[1559/1589  0s] CopyFiles Library/ScriptAssemblies/Unity.AI.Generators.Asset.pdb
[1560/1589  0s] CopyFiles Library/ScriptAssemblies/Unity.AI.Toolkit.Asset.dll
[1561/1589  0s] CopyFiles Library/ScriptAssemblies/Unity.AI.Generators.Asset.dll
[1562/1589  0s] CopyFiles Library/ScriptAssemblies/Unity.AI.Toolkit.Compliance.dll
[1563/1589  0s] CopyFiles Library/ScriptAssemblies/Unity.AI.Toolkit.Asset.pdb
[1564/1589  0s] CopyFiles Library/ScriptAssemblies/Unity.Burst.Editor.dll
[1565/1589  0s] CopyFiles Library/ScriptAssemblies/Unity.AI.Pbr.Srp.dll
[1566/1589  0s] CopyFiles Library/ScriptAssemblies/Unity.Collections.Editor.pdb
[1567/1589  0s] CopyFiles Library/ScriptAssemblies/UnityEditor.UI.Analytics.pdb
[1568/1589  0s] CopyFiles Library/ScriptAssemblies/Unity.CollabProxy.Editor.pdb
[1569/1589  0s] CopyFiles Library/ScriptAssemblies/Unity.Collections.Editor.dll
[1570/1589  0s] CopyFiles Library/ScriptAssemblies/UnityEditor.UI.Analytics.dll
[1571/1589  0s] CopyFiles Library/ScriptAssemblies/Unity.AI.Pbr.Srp.pdb
[1572/1589  0s] CopyFiles Library/ScriptAssemblies/Unity.CollabProxy.Editor.dll
[1573/1589  0s] CopyFiles Library/ScriptAssemblies/Unity.AppUI.Editor.dll
[1574/1589  0s] CopyFiles Library/ScriptAssemblies/Unity.AI.Generators.UI.pdb
[1575/1589  0s] CopyFiles Library/ScriptAssemblies/Unity.RenderPipelines.Core.Editor.Shared.dll
[1576/1589  0s] CopyFiles Library/ScriptAssemblies/Unity.AI.Toolkit.Compliance.pdb
[1577/1589  0s] CopyFiles Library/ScriptAssemblies/Unity.PlasticSCM.Editor.dll
[1578/1589  0s] CopyFiles Library/ScriptAssemblies/Unity.RenderPipelines.Core.Editor.Shared.pdb
[1579/1589  0s] CopyFiles Library/ScriptAssemblies/Unity.InferenceEngine.Editor.pdb
[1580/1589  0s] CopyFiles Library/ScriptAssemblies/Unity.2D.Sprite.Editor.pdb
[1581/1589  0s] CopyFiles Library/ScriptAssemblies/Unity.AI.Generators.UI.dll
[1582/1589  0s] CopyFiles Library/ScriptAssemblies/Unity.PlasticSCM.Editor.pdb
[1583/1589  0s] CopyFiles Library/ScriptAssemblies/Unity.2D.Sprite.Editor.dll
[1584/1589  0s] CopyFiles Library/ScriptAssemblies/Unity.InferenceEngine.Editor.dll
[1585/1589  0s] CopyFiles Library/ScriptAssemblies/LastSignal.VehicleAuthoring.dll
[1586/1589  0s] CopyFiles Library/ScriptAssemblies/LastSignal.VehicleAuthoring.pdb
[1587/1589  0s] CopyFiles Library/ScriptAssemblies/Unity.AI.Assistant.Bridge.Editor.dll
[1588/1589  0s] CopyFiles Library/ScriptAssemblies/Unity.AI.Assistant.Bridge.Editor.pdb
[1589/1589  0s] CopyFiles Library/ScriptAssemblies/Unity.InferenceEngine.ONNX.Editor.pdb
[1590/1589  0s] CopyFiles Library/ScriptAssemblies/Unity.AI.Navigation.Updater.pdb
[1591/1589  0s] CopyFiles Library/ScriptAssemblies/Unity.AI.Mesh.pdb
[1592/1589  0s] CopyFiles Library/ScriptAssemblies/LastSignal.MotionCore.pdb
[1593/1589  0s] CopyFiles Library/ScriptAssemblies/Unity.AI.Navigation.Updater.dll
[1594/1589  0s] CopyFiles Library/ScriptAssemblies/Unity.InferenceEngine.ONNX.Editor.dll
[1595/1589  0s] CopyFiles Library/ScriptAssemblies/Unity.AI.Generators.UI.AIDropdownIntegrations.pdb
[1596/1589  0s] CopyFiles Library/ScriptAssemblies/Unity.PerformanceTesting.Editor.dll
[1597/1589  0s] CopyFiles Library/ScriptAssemblies/Unity.AI.Generators.UI.AIDropdownIntegrations.dll
[1598/1589  0s] CopyFiles Library/ScriptAssemblies/Unity.AI.Mesh.dll
[1599/1589  0s] CopyFiles Library/ScriptAssemblies/Unity.PerformanceTesting.Editor.pdb
[1600/1589  0s] CopyFiles Library/ScriptAssemblies/Unity.RenderPipelines.Core.Editor.pdb
[1601/1589  0s] CopyFiles Library/ScriptAssemblies/Unity.AI.Toolkit.Utility.dll
[1602/1589  0s] CopyFiles Library/ScriptAssemblies/LastSignal.Runtime.pdb
[1603/1589  0s] CopyFiles Library/ScriptAssemblies/Unity.VisualScripting.Core.Editor.pdb
[1604/1589  0s] CopyFiles Library/ScriptAssemblies/Unity.AI.Toolkit.Utility.pdb
[1605/1589  0s] CopyFiles Library/ScriptAssemblies/Unity.AI.Toolkit.Async.dll
[1606/1589  0s] CopyFiles Library/ScriptAssemblies/Unity.AI.Generators.Sdk.dll
[1607/1589  0s] CopyFiles Library/ScriptAssemblies/Unity.Timeline.Editor.pdb
[1608/1589  0s] CopyFiles Library/ScriptAssemblies/Unity.RenderPipelines.Core.Editor.dll
[1609/1589  0s] CopyFiles Library/ScriptAssemblies/Unity.Timeline.Editor.dll
[1610/1589  0s] CopyFiles Library/ScriptAssemblies/Unity.VisualScripting.Core.Editor.dll
[1611/1589  0s] CopyFiles Library/ScriptAssemblies/Unity.AI.Toolkit.Async.pdb
[1612/1589  0s] CopyFiles Library/ScriptAssemblies/Unity.PathTracing.Editor.dll
[1613/1589  0s] CopyFiles Library/ScriptAssemblies/Unity.AI.Generators.IO.Srp.pdb
[1614/1589  0s] CopyFiles Library/ScriptAssemblies/Unity.VisualScripting.Shared.Editor.pdb
[1615/1589  0s] CopyFiles Library/ScriptAssemblies/MotionCore.Vehicle.Core.Editor.pdb
[1616/1589  0s] CopyFiles Library/ScriptAssemblies/Unity.PathTracing.Editor.pdb
[1617/1589  0s] CopyFiles Library/ScriptAssemblies/MotionCore.Vehicle.Core.Editor.dll
[1618/1589  0s] CopyFiles Library/ScriptAssemblies/Unity.Multiplayer.Center.Editor.pdb
[1619/1589  0s] CopyFiles Library/ScriptAssemblies/Unity.VisualScripting.Shared.Editor.dll
[1620/1589  0s] CopyFiles Library/ScriptAssemblies/Unity.TextMeshPro.Editor.dll
[1621/1589  0s] CopyFiles Library/ScriptAssemblies/Unity.AI.Generators.IO.Srp.dll
[1622/1589  0s] CopyFiles Library/ScriptAssemblies/Unity.Multiplayer.Center.Editor.dll
[1623/1589  0s] CopyFiles Library/ScriptAssemblies/Unity.AI.Generators.Sdk.pdb
[1624/1589  0s] CopyFiles Library/ScriptAssemblies/Unity.AI.Navigation.Editor.dll
[1625/1589  0s] CopyFiles Library/ScriptAssemblies/Unity.TextMeshPro.Editor.pdb
[1626/1589  0s] CopyFiles Library/ScriptAssemblies/Unity.AI.Navigation.Editor.pdb
[1627/1589  0s] CopyFiles Library/ScriptAssemblies/Unity.VisualScripting.Flow.Editor.dll
[1628/1589  0s] CopyFiles Library/ScriptAssemblies/Unity.InternalAPIEditorBridge.ShaderGraph.Editor.dll
[1629/1589  0s] CopyFiles Library/ScriptAssemblies/Unity.VisualScripting.SettingsProvider.Editor.pdb
[1630/1589  0s] CopyFiles Library/ScriptAssemblies/Unity.VisualScripting.Flow.Editor.pdb
[1631/1589  0s] CopyFiles Library/ScriptAssemblies/Unity.VisualScripting.SettingsProvider.Editor.dll
[1632/1589  0s] CopyFiles Library/ScriptAssemblies/Unity.Pipeline.Editor.dll
[1633/1589  0s] CopyFiles Library/ScriptAssemblies/Unity.AI.Toolkit.GenerationObjectPicker.pdb
[1634/1589  0s] CopyFiles Library/ScriptAssemblies/Unity.Pipeline.Editor.pdb
[1635/1589  0s] CopyFiles Library/ScriptAssemblies/Unity.ShaderGraph.Editor.dll
[1636/1589  0s] CopyFiles Library/ScriptAssemblies/Unity.ShaderGraph.Editor.pdb
[1637/1589  0s] CopyFiles Library/ScriptAssemblies/Unity.InternalAPIEditorBridge.ShaderGraph.Editor.pdb
[1638/1589  0s] CopyFiles Library/ScriptAssemblies/Unity.InferenceEngine.pdb
[1639/1589  0s] CopyFiles Library/ScriptAssemblies/Unity.AI.Toolkit.GenerationObjectPicker.dll
[1640/1589  0s] CopyFiles Library/ScriptAssemblies/Unity.AI.Generators.Tools.dll
[1641/1589  0s] CopyFiles Library/ScriptAssemblies/Unity.AI.Assistant.Annotations.Editor.pdb
[1642/1589  0s] CopyFiles Library/ScriptAssemblies/Unity.AI.Assistant.UI.Editor.dll
[1643/1589  0s] CopyFiles Library/ScriptAssemblies/Unity.AI.Sound.pdb
[1644/1589  0s] CopyFiles Library/ScriptAssemblies/Unity.AI.Toolkit.GenerationContextMenu.dll
[1645/1589  0s] CopyFiles Library/ScriptAssemblies/Unity.AppUI.Redux.Editor.dll
[1646/1589  0s] CopyFiles Library/ScriptAssemblies/Unity.AppUI.Redux.Editor.pdb
[1647/1589  0s] CopyFiles Library/ScriptAssemblies/Unity.AI.Generators.Tools.pdb
[1648/1589  0s] CopyFiles Library/ScriptAssemblies/Unity.AI.Toolkit.GenerationContextMenu.pdb
[1649/1589  0s] CopyFiles Library/ScriptAssemblies/Unity.AI.Assistant.UI.Editor.pdb
[1650/1589  0s] CopyFiles Library/ScriptAssemblies/Unity.AI.Sound.dll
[1651/1589  0s] CopyFiles Library/ScriptAssemblies/Unity.AI.Assistant.Annotations.Editor.dll
[1652/1589  0s] CopyFiles Library/ScriptAssemblies/Unity.AI.Navigation.Editor.ConversionSystem.pdb
[1653/1589  0s] CopyFiles Library/ScriptAssemblies/Unity.AI.Navigation.Editor.ConversionSystem.dll
[1654/1589  0s] CopyFiles Library/ScriptAssemblies/Unity.Searcher.Editor.dll
[1655/1589  0s] CopyFiles Library/ScriptAssemblies/Unity.Collections.pdb
[1656/1589  0s] CopyFiles Library/ScriptAssemblies/Unity.Searcher.Editor.pdb
[1657/1589  0s] CopyFiles Library/ScriptAssemblies/Unity.AI.Assistant.AssetGenerators.Editor.pdb
[1658/1589  0s] CopyFiles Library/ScriptAssemblies/Unity.AI.Assistant.AssetGenerators.Editor.dll
[1659/1589  0s] CopyFiles Library/ScriptAssemblies/Unity.AI.Assistant.Editor.dll
[1660/1589  0s] CopyFiles Library/ScriptAssemblies/Unity.InferenceEngine.Microsoft.Msagl.pdb
[1661/1589  0s] CopyFiles Library/ScriptAssemblies/Unity.AI.Toolkit.Accounts.dll
[1662/1589  0s] CopyFiles Library/ScriptAssemblies/MotionCore.Vehicle.Core.pdb
[1663/1589  0s] CopyFiles Library/ScriptAssemblies/Unity.AI.Animate.Motion.Runtime.pdb
[1664/1589  0s] CopyFiles Library/ScriptAssemblies/Unity.AI.MCP.Runtime.pdb
[1665/1589  0s] CopyFiles Library/ScriptAssemblies/Unity.VisualScripting.Core.pdb
[1666/1589  0s] CopyFiles Library/ScriptAssemblies/Unity.RenderPipelines.Universal.Shaders.pdb
[1667/1589  0s] CopyFiles Library/ScriptAssemblies/Unity.InferenceEngine.Microsoft.Msagl.dll
[1668/1589  0s] CopyFiles Library/ScriptAssemblies/Unity.AI.Toolkit.Accounts.pdb
[1669/1589  0s] CopyFiles Library/ScriptAssemblies/Unity.AI.Assistant.Editor.pdb
[1670/1589  0s] CopyFiles Library/ScriptAssemblies/Unity.AppUI.Navigation.pdb
[1671/1589  0s] CopyFiles Library/ScriptAssemblies/Unity.InputSystem.pdb
[1672/1589  0s] CopyFiles Library/ScriptAssemblies/Unity.Pipeline.IlInterpreter.pdb
[1673/1589  0s] CopyFiles Library/ScriptAssemblies/Unity.InternalAPIEngineBridge.RenderPipelines.Core.Runtime.Shared.pdb
[1674/1589  0s] CopyFiles Library/ScriptAssemblies/Unity.AI.Navigation.pdb
[1675/1589  0s] CopyFiles Library/ScriptAssemblies/Unity.RenderPipelines.Universal.Runtime.pdb
[1676/1589  0s] CopyFiles Library/ScriptAssemblies/MCPForUnity.Runtime.pdb
[1677/1589  0s] CopyFiles Library/ScriptAssemblies/Unity.VisualScripting.State.pdb
[1678/1589  0s] CopyFiles Library/ScriptAssemblies/Unity.PathTracing.Runtime.pdb
[1679/1589  0s] CopyFiles Library/ScriptAssemblies/Unity.AI.Tracing.pdb
[1680/1589  0s] CopyFiles Library/ScriptAssemblies/Unity.RenderPipelines.Universal.Config.Runtime.pdb
[1681/1589  0s] CopyFiles Library/ScriptAssemblies/Unity.UnifiedRayTracing.Runtime.pdb
[1682/1589  0s] CopyFiles Library/ScriptAssemblies/Unity.RenderPipelines.ShaderGraph.ShaderGraphLibrary.pdb
[1683/1589  0s] CopyFiles Library/ScriptAssemblies/Unity.RenderPipeline.Universal.ShaderLibrary.pdb
[1684/1589  0s] CopyFiles Library/ScriptAssemblies/Unity.SurfaceCache.Runtime.pdb
[1685/1589  0s] CopyFiles Library/ScriptAssemblies/Unity.Pipeline.Attributes.pdb
[1686/1589  0s] CopyFiles Library/ScriptAssemblies/Unity.AppUI.pdb
[1687/1589  0s] CopyFiles Library/ScriptAssemblies/Unity.AppUI.Undo.pdb
[1688/1589  0s] CopyFiles Library/ScriptAssemblies/Unity.InputSystem.ForUI.pdb
[1689/1589  0s] CopyFiles Library/ScriptAssemblies/Unity.RenderPipelines.Core.ShaderLibrary.pdb
[1690/1589  0s] CopyFiles Library/ScriptAssemblies/Unity.Burst.pdb
[1691/1589  0s] CopyFiles Library/ScriptAssemblies/Unity.RenderPipelines.Universal.2D.Runtime.pdb
[1692/1589  0s] CopyFiles Library/ScriptAssemblies/Unity.InferenceEngine.MacBLAS.pdb
[1693/1589  0s] CopyFiles Library/ScriptAssemblies/Unity.RenderPipelines.GPUDriven.Runtime.pdb
[1694/1589  0s] CopyFiles Library/ScriptAssemblies/Unity.AppUI.Redux.pdb
[1695/1589  0s] CopyFiles Library/ScriptAssemblies/Unity.TextMeshPro.pdb
[1696/1589  0s] CopyFiles Library/ScriptAssemblies/Unity.AI.Assistant.Runtime.pdb
[1697/1589  0s] CopyFiles Library/ScriptAssemblies/Unity.AppUI.InternalAPIBridge.pdb
[1698/1589  0s] CopyFiles Library/ScriptAssemblies/Unity.RenderPipelines.Core.Runtime.Shared.pdb
[1699/1589  0s] CopyFiles Library/ScriptAssemblies/Unity.InternalAPIEngineBridge.004.pdb
[1700/1589  0s] CopyFiles Library/ScriptAssemblies/UnityEngine.UI.pdb
[1701/1589  0s] CopyFiles Library/ScriptAssemblies/Unity.InferenceEngine.Tokenization.pdb
[1702/1589  0s] CopyFiles Library/ScriptAssemblies/Unity.Mathematics.pdb
[1703/1589  0s] CopyFiles Library/ScriptAssemblies/Unity.Pipeline.pdb
[1704/1589  0s] CopyFiles Library/ScriptAssemblies/Unity.InferenceEngine.iOSBLAS.pdb
[1705/1589  0s] CopyFiles Library/ScriptAssemblies/Unity.RenderPipelines.Core.Runtime.pdb
[1706/1589  0s] CopyFiles Library/ScriptAssemblies/Unity.VisualScripting.DocCodeExamples.pdb
[1707/1589  0s] CopyFiles Library/ScriptAssemblies/Unity.VisualScripting.Flow.pdb
[1708/1589  0s] CopyFiles Library/ScriptAssemblies/Unity.InputSystem.TestFramework.pdb
[1709/1589  0s] CopyFiles Library/ScriptAssemblies/Unity.AppUI.MVVM.pdb
[1710/1589  0s] CopyFiles Library/ScriptAssemblies/Unity.Multiplayer.Center.Common.pdb
[1711/1589  0s] CopyFiles Library/ScriptAssemblies/Unity.PerformanceTesting.pdb
[1712/1589  0s] CopyFiles Library/ScriptAssemblies/Unity.VisualStudio.Editor.dll
[1713/1589  0s] CopyFiles Library/ScriptAssemblies/Unity.Rider.Editor.dll
[1714/1589  0s] CopyFiles Library/ScriptAssemblies/Unity.Collections.CodeGen.dll
[1715/1589  0s] CopyFiles Library/ScriptAssemblies/Unity.Burst.CodeGen.pdb
[1716/1589  0s] CopyFiles Library/ScriptAssemblies/Unity.Rider.Editor.pdb
[1717/1589  0s] CopyFiles Library/ScriptAssemblies/Unity.VisualStudio.Editor.pdb
[1718/1589  0s] CopyFiles Library/ScriptAssemblies/Unity.Burst.CodeGen.dll
[1719/1589  0s] CopyFiles Library/ScriptAssemblies/Unity.Collections.CodeGen.pdb
[1720/1589  0s] CopyFiles Library/ScriptAssemblies/Unity.Timeline.pdb
*** Tundra build success (5.53 seconds), 587 items updated, 1589 evaluated
Total cache size 268338544
Total cache size after purge 268338544, took 00:00:00.0884364
Assets/LastSignal/Scripts/Runtime/AI/WorldPopulationAcceptanceRoute.cs(278,26): warning CS0618: 'FindObjectsSortMode' is obsolete: 'FindObjectsSortMode has been deprecated. Use the FindObjectsByType overloads that do not take a FindObjectsSortMode parameter.'
Assets/LastSignal/Scripts/Runtime/AI/WorldPopulationAcceptanceRoute.cs(277,35): warning CS0618: 'Object.FindObjectsByType<T>(FindObjectsSortMode)' is obsolete: 'FindObjectsByType with FindObjectsSortMode parameter has been deprecated. Use FindObjectsByType<T>() or FindObjectsByType<T>(FindObjectsInactive) instead. InstanceID will be replaced in the future with EntityId and previous sort order cannot be maintained.'
Assets/LastSignal/Scripts/Runtime/Inventory/WorldItem.cs(44,35): warning CS0618: 'Object.FindObjectOfType<T>()' is obsolete: 'Object.FindObjectOfType has been deprecated. Use Object.FindAnyObjectByType instead.'
Assets/LastSignal/Scripts/Runtime/Session/SessionFlow.cs(55,22): warning CS0618: 'Object.FindObjectOfType<T>(bool)' is obsolete: 'Object.FindObjectOfType has been deprecated. Use Object.FindAnyObjectByType instead.'
Assets/LastSignal/Scripts/Runtime/Session/SessionFlow.cs(154,22): warning CS0618: 'Object.FindObjectOfType<T>(bool)' is obsolete: 'Object.FindObjectOfType has been deprecated. Use Object.FindAnyObjectByType instead.'
Assets/LastSignal/Scripts/Runtime/Slice/S014PopulationCapture.cs(142,66): warning CS0618: 'FindObjectsSortMode' is obsolete: 'FindObjectsSortMode has been deprecated. Use the FindObjectsByType overloads that do not take a FindObjectsSortMode parameter.'
Assets/LastSignal/Scripts/Runtime/Slice/S014PopulationCapture.cs(142,30): warning CS0618: 'Object.FindObjectsByType<T>(FindObjectsSortMode)' is obsolete: 'FindObjectsByType with FindObjectsSortMode parameter has been deprecated. Use FindObjectsByType<T>() or FindObjectsByType<T>(FindObjectsInactive) instead. InstanceID will be replaced in the future with EntityId and previous sort order cannot be maintained.'
Assets/LastSignal/Scripts/Runtime/Slice/S014PopulationCapture.cs(169,71): warning CS0618: 'FindObjectsSortMode' is obsolete: 'FindObjectsSortMode has been deprecated. Use the FindObjectsByType overloads that do not take a FindObjectsSortMode parameter.'
Assets/LastSignal/Scripts/Runtime/Slice/S014PopulationCapture.cs(169,35): warning CS0618: 'Object.FindObjectsByType<T>(FindObjectsSortMode)' is obsolete: 'FindObjectsByType with FindObjectsSortMode parameter has been deprecated. Use FindObjectsByType<T>() or FindObjectsByType<T>(FindObjectsInactive) instead. InstanceID will be replaced in the future with EntityId and previous sort order cannot be maintained.'
Assets/LastSignal/Scripts/Runtime/Slice/S013Performance.cs(31,84): warning CS0618: 'FindObjectsSortMode' is obsolete: 'FindObjectsSortMode has been deprecated. Use the FindObjectsByType overloads that do not take a FindObjectsSortMode parameter.'
Assets/LastSignal/Scripts/Runtime/Slice/S013Performance.cs(31,59): warning CS0618: 'Object.FindObjectsByType<T>(FindObjectsSortMode)' is obsolete: 'FindObjectsByType with FindObjectsSortMode parameter has been deprecated. Use FindObjectsByType<T>() or FindObjectsByType<T>(FindObjectsInactive) instead. InstanceID will be replaced in the future with EntityId and previous sort order cannot be maintained.'
Assets/LastSignal/Scripts/Runtime/WorldCells/WorldCellAcceptanceRoute.cs(55,78): warning CS0618: 'FindObjectsSortMode' is obsolete: 'FindObjectsSortMode has been deprecated. Use the FindObjectsByType overloads that do not take a FindObjectsSortMode parameter.'
Assets/LastSignal/Scripts/Runtime/WorldCells/WorldCellAcceptanceRoute.cs(55,23): warning CS0618: 'Object.FindObjectsByType<T>(FindObjectsSortMode)' is obsolete: 'FindObjectsByType with FindObjectsSortMode parameter has been deprecated. Use FindObjectsByType<T>() or FindObjectsByType<T>(FindObjectsInactive) instead. InstanceID will be replaced in the future with EntityId and previous sort order cannot be maintained.'
Assets/LastSignal/Scripts/Runtime/WorldCells/WorldCellAcceptanceRoute.cs(56,106): warning CS0618: 'FindObjectsSortMode' is obsolete: 'FindObjectsSortMode has been deprecated. Use the FindObjectsByType overloads that do not take a FindObjectsSortMode parameter.'
Assets/LastSignal/Scripts/Runtime/WorldCells/WorldCellAcceptanceRoute.cs(56,58): warning CS0618: 'Object.FindObjectsByType<T>(FindObjectsSortMode)' is obsolete: 'FindObjectsByType with FindObjectsSortMode parameter has been deprecated. Use FindObjectsByType<T>() or FindObjectsByType<T>(FindObjectsInactive) instead. InstanceID will be replaced in the future with EntityId and previous sort order cannot be maintained.'
Assets/LastSignal/Scripts/Runtime/WorldCells/WorldCellAcceptanceRoute.cs(56,196): warning CS0618: 'FindObjectsSortMode' is obsolete: 'FindObjectsSortMode has been deprecated. Use the FindObjectsByType overloads that do not take a FindObjectsSortMode parameter.'
Assets/LastSignal/Scripts/Runtime/WorldCells/WorldCellAcceptanceRoute.cs(56,141): warning CS0618: 'Object.FindObjectsByType<T>(FindObjectsSortMode)' is obsolete: 'FindObjectsByType with FindObjectsSortMode parameter has been deprecated. Use FindObjectsByType<T>() or FindObjectsByType<T>(FindObjectsInactive) instead. InstanceID will be replaced in the future with EntityId and previous sort order cannot be maintained.'
Assets/LastSignal/Scripts/Runtime/Slice/S013Performance.cs(122,236): warning CS0618: 'FindObjectsSortMode' is obsolete: 'FindObjectsSortMode has been deprecated. Use the FindObjectsByType overloads that do not take a FindObjectsSortMode parameter.'
Assets/LastSignal/Scripts/Runtime/Slice/S013Performance.cs(122,208): warning CS0618: 'Object.FindObjectsByType<T>(FindObjectsSortMode)' is obsolete: 'FindObjectsByType with FindObjectsSortMode parameter has been deprecated. Use FindObjectsByType<T>() or FindObjectsByType<T>(FindObjectsInactive) instead. InstanceID will be replaced in the future with EntityId and previous sort order cannot be maintained.'
Assets/LastSignal/Scripts/Runtime/Combat/WeaponVfxPresenter.cs(25,40): warning CS0414: The field 'WeaponVfxPresenter.impactLifetime' is assigned but its value is never used
Assets/LastSignal/Scripts/Editor/S013/S013ProductionPolish.cs(28,77): warning CS0618: 'FindObjectsSortMode' is obsolete: 'FindObjectsSortMode has been deprecated. Use the FindObjectsByType overloads that do not take a FindObjectsSortMode parameter.'
Assets/LastSignal/Scripts/Editor/S013/S013ProductionPolish.cs(28,25): warning CS0618: 'Object.FindObjectsByType<T>(FindObjectsSortMode)' is obsolete: 'FindObjectsByType with FindObjectsSortMode parameter has been deprecated. Use FindObjectsByType<T>() or FindObjectsByType<T>(FindObjectsInactive) instead. InstanceID will be replaced in the future with EntityId and previous sort order cannot be maintained.'
Assets/LastSignal/Scripts/Editor/S013/S013ProductionAuthoring.cs(263,66): warning CS0618: 'FindObjectsSortMode' is obsolete: 'FindObjectsSortMode has been deprecated. Use the FindObjectsByType overloads that do not take a FindObjectsSortMode parameter.'
Assets/LastSignal/Scripts/Editor/S013/S013ProductionAuthoring.cs(263,31): warning CS0618: 'Object.FindObjectsByType<T>(FindObjectsSortMode)' is obsolete: 'FindObjectsByType with FindObjectsSortMode parameter has been deprecated. Use FindObjectsByType<T>() or FindObjectsByType<T>(FindObjectsInactive) instead. InstanceID will be replaced in the future with EntityId and previous sort order cannot be maintained.'
Assets/LastSignal/Scripts/Editor/AttachManager.cs(16,32): warning CS0618: 'Object.FindObjectsOfType<T>(bool)' is obsolete: 'Object.FindObjectsOfType has been deprecated. Use Object.FindObjectsByType instead which lets you decide whether you need the results sorted or not.  FindObjectsOfType sorts the results by InstanceID but if you do not need this using FindObjectSortMode.None is considerably faster.'
Assets/LastSignal/Scripts/Editor/ZombieAnimationPreview.cs(65,24): warning CS0618: 'Object.FindFirstObjectByType<T>()' is obsolete: 'FindFirstObjectByType has been deprecated because it relies on instance ID ordering. Use FindAnyObjectByType instead, which does not depend on ordering.'
Assets/LastSignal/Scripts/Editor/S015AudioAuthoring.cs(93,22): warning CS0618: 'Object.FindFirstObjectByType<T>()' is obsolete: 'FindFirstObjectByType has been deprecated because it relies on instance ID ordering. Use FindAnyObjectByType instead, which does not depend on ordering.'
Assets/LastSignal/Scripts/Editor/ZombieAssetIntegration.cs(190,75): warning CS0618: 'FindObjectsSortMode' is obsolete: 'FindObjectsSortMode has been deprecated. Use the FindObjectsByType overloads that do not take a FindObjectsSortMode parameter.'
Assets/LastSignal/Scripts/Editor/ZombieAssetIntegration.cs(190,31): warning CS0618: 'Object.FindObjectsByType<T>(FindObjectsSortMode)' is obsolete: 'FindObjectsByType with FindObjectsSortMode parameter has been deprecated. Use FindObjectsByType<T>() or FindObjectsByType<T>(FindObjectsInactive) instead. InstanceID will be replaced in the future with EntityId and previous sort order cannot be maintained.'
Assets/LastSignal/Scripts/Tests/PlayMode/CombatAcceptanceTests.cs(74,70): warning CS0618: 'FindObjectsSortMode' is obsolete: 'FindObjectsSortMode has been deprecated. Use the FindObjectsByType overloads that do not take a FindObjectsSortMode parameter.'
Assets/LastSignal/Scripts/Tests/PlayMode/CombatAcceptanceTests.cs(74,27): warning CS0618: 'Object.FindObjectsByType<T>(FindObjectsSortMode)' is obsolete: 'FindObjectsByType with FindObjectsSortMode parameter has been deprecated. Use FindObjectsByType<T>() or FindObjectsByType<T>(FindObjectsInactive) instead. InstanceID will be replaced in the future with EntityId and previous sort order cannot be maintained.'
Assets/LastSignal/Scripts/Tests/PlayMode/R05SessionLifecyclePlayTests.cs(72,85): warning CS0618: 'FindObjectsSortMode' is obsolete: 'FindObjectsSortMode has been deprecated. Use the FindObjectsByType overloads that do not take a FindObjectsSortMode parameter.'
Assets/LastSignal/Scripts/Tests/PlayMode/R05SessionLifecyclePlayTests.cs(72,30): warning CS0618: 'Object.FindObjectsByType<T>(FindObjectsSortMode)' is obsolete: 'FindObjectsByType with FindObjectsSortMode parameter has been deprecated. Use FindObjectsByType<T>() or FindObjectsByType<T>(FindObjectsInactive) instead. InstanceID will be replaced in the future with EntityId and previous sort order cannot be maintained.'
Assets/LastSignal/Scripts/Tests/PlayMode/R05SessionLifecyclePlayTests.cs(76,96): warning CS0618: 'FindObjectsSortMode' is obsolete: 'FindObjectsSortMode has been deprecated. Use the FindObjectsByType overloads that do not take a FindObjectsSortMode parameter.'
Assets/LastSignal/Scripts/Tests/PlayMode/R05SessionLifecyclePlayTests.cs(76,38): warning CS0618: 'Object.FindObjectsByType<T>(FindObjectsSortMode)' is obsolete: 'FindObjectsByType with FindObjectsSortMode parameter has been deprecated. Use FindObjectsByType<T>() or FindObjectsByType<T>(FindObjectsInactive) instead. InstanceID will be replaced in the future with EntityId and previous sort order cannot be maintained.'
Assets/LastSignal/Scripts/Tests/PlayMode/R05SessionLifecyclePlayTests.cs(91,81): warning CS0618: 'FindObjectsSortMode' is obsolete: 'FindObjectsSortMode has been deprecated. Use the FindObjectsByType overloads that do not take a FindObjectsSortMode parameter.'
Assets/LastSignal/Scripts/Tests/PlayMode/R05SessionLifecyclePlayTests.cs(91,26): warning CS0618: 'Object.FindObjectsByType<T>(FindObjectsSortMode)' is obsolete: 'FindObjectsByType with FindObjectsSortMode parameter has been deprecated. Use FindObjectsByType<T>() or FindObjectsByType<T>(FindObjectsInactive) instead. InstanceID will be replaced in the future with EntityId and previous sort order cannot be maintained.'
Assets/LastSignal/Scripts/Tests/PlayMode/R05IntegratedPerformancePlayTests.cs(163,81): warning CS0618: 'FindObjectsSortMode' is obsolete: 'FindObjectsSortMode has been deprecated. Use the FindObjectsByType overloads that do not take a FindObjectsSortMode parameter.'
Assets/LastSignal/Scripts/Tests/PlayMode/R05IntegratedPerformancePlayTests.cs(163,26): warning CS0618: 'Object.FindObjectsByType<T>(FindObjectsSortMode)' is obsolete: 'FindObjectsByType with FindObjectsSortMode parameter has been deprecated. Use FindObjectsByType<T>() or FindObjectsByType<T>(FindObjectsInactive) instead. InstanceID will be replaced in the future with EntityId and previous sort order cannot be maintained.'
Assets/LastSignal/Scripts/Tests/PlayMode/RuntimeSmokeTests.cs(62,70): warning CS0618: 'FindObjectsSortMode' is obsolete: 'FindObjectsSortMode has been deprecated. Use the FindObjectsByType overloads that do not take a FindObjectsSortMode parameter.'
Assets/LastSignal/Scripts/Tests/PlayMode/RuntimeSmokeTests.cs(62,31): warning CS0618: 'Object.FindObjectsByType<T>(FindObjectsSortMode)' is obsolete: 'FindObjectsByType with FindObjectsSortMode parameter has been deprecated. Use FindObjectsByType<T>() or FindObjectsByType<T>(FindObjectsInactive) instead. InstanceID will be replaced in the future with EntityId and previous sort order cannot be maintained.'
Assets/LastSignal/Scripts/Tests/PlayMode/RuntimeSmokeTests.cs(63,73): warning CS0618: 'FindObjectsSortMode' is obsolete: 'FindObjectsSortMode has been deprecated. Use the FindObjectsByType overloads that do not take a FindObjectsSortMode parameter.'
Assets/LastSignal/Scripts/Tests/PlayMode/RuntimeSmokeTests.cs(63,31): warning CS0618: 'Object.FindObjectsByType<T>(FindObjectsSortMode)' is obsolete: 'FindObjectsByType with FindObjectsSortMode parameter has been deprecated. Use FindObjectsByType<T>() or FindObjectsByType<T>(FindObjectsInactive) instead. InstanceID will be replaced in the future with EntityId and previous sort order cannot be maintained.'
Assets/LastSignal/Scripts/Tests/PlayMode/RuntimeSmokeTests.cs(105,66): warning CS0618: 'FindObjectsSortMode' is obsolete: 'FindObjectsSortMode has been deprecated. Use the FindObjectsByType overloads that do not take a FindObjectsSortMode parameter.'
Assets/LastSignal/Scripts/Tests/PlayMode/RuntimeSmokeTests.cs(105,27): warning CS0618: 'Object.FindObjectsByType<T>(FindObjectsSortMode)' is obsolete: 'FindObjectsByType with FindObjectsSortMode parameter has been deprecated. Use FindObjectsByType<T>() or FindObjectsByType<T>(FindObjectsInactive) instead. InstanceID will be replaced in the future with EntityId and previous sort order cannot be maintained.'
Assets/LastSignal/Scripts/Tests/PlayMode/S015AudioPlayTests.cs(21,18): warning CS0618: 'Object.FindFirstObjectByType<T>()' is obsolete: 'FindFirstObjectByType has been deprecated because it relies on instance ID ordering. Use FindAnyObjectByType instead, which does not depend on ordering.'
Assets/LastSignal/Scripts/Tests/PlayMode/S014PopulationCaptureTests.cs(27,79): warning CS0618: 'FindObjectsSortMode' is obsolete: 'FindObjectsSortMode has been deprecated. Use the FindObjectsByType overloads that do not take a FindObjectsSortMode parameter.'
Assets/LastSignal/Scripts/Tests/PlayMode/S014PopulationCaptureTests.cs(27,36): warning CS0618: 'Object.FindObjectsByType<T>(FindObjectsSortMode)' is obsolete: 'FindObjectsByType with FindObjectsSortMode parameter has been deprecated. Use FindObjectsByType<T>() or FindObjectsByType<T>(FindObjectsInactive) instead. InstanceID will be replaced in the future with EntityId and previous sort order cannot be maintained.'
Assets/LastSignal/Scripts/Tests/PlayMode/S014PopulationCaptureTests.cs(47,75): warning CS0618: 'FindObjectsSortMode' is obsolete: 'FindObjectsSortMode has been deprecated. Use the FindObjectsByType overloads that do not take a FindObjectsSortMode parameter.'
Assets/LastSignal/Scripts/Tests/PlayMode/S014PopulationCaptureTests.cs(47,32): warning CS0618: 'Object.FindObjectsByType<T>(FindObjectsSortMode)' is obsolete: 'FindObjectsByType with FindObjectsSortMode parameter has been deprecated. Use FindObjectsByType<T>() or FindObjectsByType<T>(FindObjectsInactive) instead. InstanceID will be replaced in the future with EntityId and previous sort order cannot be maintained.'
Assets/LastSignal/Scripts/Tests/PlayMode/Inventory/InventoryIntegrationTests.cs(116,32): warning CS0618: 'Object.FindObjectsOfType<T>(bool)' is obsolete: 'Object.FindObjectsOfType has been deprecated. Use Object.FindObjectsByType instead which lets you decide whether you need the results sorted or not.  FindObjectsOfType sorts the results by InstanceID but if you do not need this using FindObjectSortMode.None is considerably faster.'
Assets/LastSignal/Scripts/Tests/EditMode/InventorySnapshotTests.cs(33,100): warning CS0618: 'FindObjectsSortMode' is obsolete: 'FindObjectsSortMode has been deprecated. Use the FindObjectsByType overloads that do not take a FindObjectsSortMode parameter.'
Assets/LastSignal/Scripts/Tests/EditMode/InventorySnapshotTests.cs(33,35): warning CS0618: 'Object.FindObjectsByType<T>(FindObjectsInactive, FindObjectsSortMode)' is obsolete: 'FindObjectsByType with FindObjectsSortMode parameter has been deprecated. Use FindObjectsByType<T>() or FindObjectsByType<T>(FindObjectsInactive) instead. InstanceID will be replaced in the future with EntityId and previous sort order cannot be maintained.'
Assets/LastSignal/Scripts/Tests/EditMode/InventorySnapshotTests.cs(107,99): warning CS0618: 'FindObjectsSortMode' is obsolete: 'FindObjectsSortMode has been deprecated. Use the FindObjectsByType overloads that do not take a FindObjectsSortMode parameter.'
Assets/LastSignal/Scripts/Tests/EditMode/InventorySnapshotTests.cs(107,34): warning CS0618: 'Object.FindObjectsByType<T>(FindObjectsInactive, FindObjectsSortMode)' is obsolete: 'FindObjectsByType with FindObjectsSortMode parameter has been deprecated. Use FindObjectsByType<T>() or FindObjectsByType<T>(FindObjectsInactive) instead. InstanceID will be replaced in the future with EntityId and previous sort order cannot be maintained.'
Assets/LastSignal/Scripts/Tests/EditMode/WeaponStateTests.cs(379,70): warning CS0618: 'FindObjectsSortMode' is obsolete: 'FindObjectsSortMode has been deprecated. Use the FindObjectsByType overloads that do not take a FindObjectsSortMode parameter.'
Assets/LastSignal/Scripts/Tests/EditMode/WeaponStateTests.cs(379,27): warning CS0618: 'Object.FindObjectsByType<T>(FindObjectsSortMode)' is obsolete: 'FindObjectsByType with FindObjectsSortMode parameter has been deprecated. Use FindObjectsByType<T>() or FindObjectsByType<T>(FindObjectsInactive) instead. InstanceID will be replaced in the future with EntityId and previous sort order cannot be maintained.'
Assets/ThirdParty/FirstPersonARPGStarterPack/Scripts/Characters/Enemies/DetectionModule.cs(29,27): warning CS0618: 'Object.FindObjectOfType<T>()' is obsolete: 'Object.FindObjectOfType has been deprecated. Use Object.FindAnyObjectByType instead.'
Assets/ThirdParty/FirstPersonARPGStarterPack/Scripts/Characters/Enemies/EnemyManager.cs(17,30): warning CS0618: 'Object.FindObjectOfType<T>()' is obsolete: 'Object.FindObjectOfType has been deprecated. Use Object.FindAnyObjectByType instead.'
Assets/ThirdParty/FirstPersonARPGStarterPack/Scripts/Characters/Player/Stance UI/StanceHUD.cs(17,47): warning CS0618: 'Object.FindObjectOfType<T>()' is obsolete: 'Object.FindObjectOfType has been deprecated. Use Object.FindAnyObjectByType instead.'
Assets/ThirdParty/FirstPersonARPGStarterPack/Scripts/StatsAndManipulation/UI Stat Bars/PlayerHealthBar.cs(12,63): warning CS0618: 'Object.FindObjectOfType<T>()' is obsolete: 'Object.FindObjectOfType has been deprecated. Use Object.FindAnyObjectByType instead.'
Assets/ThirdParty/FirstPersonARPGStarterPack/Scripts/StatsAndManipulation/UI Stat Bars/PlayerStaminaBar.cs(15,63): warning CS0618: 'Object.FindObjectOfType<T>()' is obsolete: 'Object.FindObjectOfType has been deprecated. Use Object.FindAnyObjectByType instead.'
Assets/ThirdParty/FirstPersonARPGStarterPack/Scripts/UI/WeaponSlot.cs(38,34): warning CS0618: 'Object.FindObjectOfType<T>()' is obsolete: 'Object.FindObjectOfType has been deprecated. Use Object.FindAnyObjectByType instead.'
Assets/ThirdParty/FirstPersonARPGStarterPack/Scripts/Utility Scripts/FX/AudioUtility.cs(35,34): warning CS0618: 'Object.FindObjectOfType<T>()' is obsolete: 'Object.FindObjectOfType has been deprecated. Use Object.FindAnyObjectByType instead.'
Assets/ThirdParty/FirstPersonARPGStarterPack/Scripts/UI/InGameMenuManager.cs(27,33): warning CS0618: 'Object.FindObjectOfType<T>()' is obsolete: 'Object.FindObjectOfType has been deprecated. Use Object.FindAnyObjectByType instead.'
Assets/ThirdParty/FirstPersonARPGStarterPack/Scripts/Utility Scripts/FX/AudioUtility.cs(49,34): warning CS0618: 'Object.FindObjectOfType<T>()' is obsolete: 'Object.FindObjectOfType has been deprecated. Use Object.FindAnyObjectByType instead.'
Assets/ThirdParty/FirstPersonARPGStarterPack/Scripts/Characters/Enemies/EnemyController.cs(117,26): warning CS0618: 'Object.FindObjectOfType<T>()' is obsolete: 'Object.FindObjectOfType has been deprecated. Use Object.FindAnyObjectByType instead.'
Assets/ThirdParty/FirstPersonARPGStarterPack/Scripts/Characters/Enemies/EnemyController.cs(120,27): warning CS0618: 'Object.FindObjectOfType<T>()' is obsolete: 'Object.FindObjectOfType has been deprecated. Use Object.FindAnyObjectByType instead.'
Assets/ThirdParty/FirstPersonARPGStarterPack/Scripts/UI/WeaponHUDManager.cs(16,34): warning CS0618: 'Object.FindObjectOfType<T>()' is obsolete: 'Object.FindObjectOfType has been deprecated. Use Object.FindAnyObjectByType instead.'
Assets/ThirdParty/FirstPersonARPGStarterPack/Scripts/Utility Scripts/FX/AudioUtility.cs(61,34): warning CS0618: 'Object.FindObjectOfType<T>()' is obsolete: 'Object.FindObjectOfType has been deprecated. Use Object.FindAnyObjectByType instead.'
Assets/ThirdParty/FirstPersonARPGStarterPack/Scripts/Weapons/Melee/MeleeWeapon.cs(92,30): warning CS0618: 'Object.FindObjectOfType<T>()' is obsolete: 'Object.FindObjectOfType has been deprecated. Use Object.FindAnyObjectByType instead.'
Assets/ThirdParty/FirstPersonARPGStarterPack/Scripts/UI/CrosshairManager.cs(20,28): warning CS0618: 'Object.FindObjectOfType<T>()' is obsolete: 'Object.FindObjectOfType has been deprecated. Use Object.FindAnyObjectByType instead.'
Assets/ThirdParty/FirstPersonARPGStarterPack/Scripts/Characters/Player/Stance UI/StanceHUD.cs(17,47): warning CS0618: 'Object.FindObjectOfType<T>()' is obsolete: 'Object.FindObjectOfType has been deprecated. Use Object.FindAnyObjectByType instead.'
Assets/ThirdParty/FirstPersonARPGStarterPack/Scripts/StatsAndManipulation/UI Stat Bars/PlayerHealthBar.cs(12,63): warning CS0618: 'Object.FindObjectOfType<T>()' is obsolete: 'Object.FindObjectOfType has been deprecated. Use Object.FindAnyObjectByType instead.'
Assets/ThirdParty/FirstPersonARPGStarterPack/Scripts/StatsAndManipulation/UI Stat Bars/PlayerStaminaBar.cs(15,63): warning CS0618: 'Object.FindObjectOfType<T>()' is obsolete: 'Object.FindObjectOfType has been deprecated. Use Object.FindAnyObjectByType instead.'
Assets/ThirdParty/FirstPersonARPGStarterPack/Scripts/UI/WeaponSlot.cs(38,34): warning CS0618: 'Object.FindObjectOfType<T>()' is obsolete: 'Object.FindObjectOfType has been deprecated. Use Object.FindAnyObjectByType instead.'
Assets/ThirdParty/FirstPersonARPGStarterPack/Scripts/Utility Scripts/FX/AudioUtility.cs(35,34): warning CS0618: 'Object.FindObjectOfType<T>()' is obsolete: 'Object.FindObjectOfType has been deprecated. Use Object.FindAnyObjectByType instead.'
Assets/ThirdParty/FirstPersonARPGStarterPack/Scripts/UI/InGameMenuManager.cs(27,33): warning CS0618: 'Object.FindObjectOfType<T>()' is obsolete: 'Object.FindObjectOfType has been deprecated. Use Object.FindAnyObjectByType instead.'
Assets/ThirdParty/FirstPersonARPGStarterPack/Scripts/Utility Scripts/FX/AudioUtility.cs(49,34): warning CS0618: 'Object.FindObjectOfType<T>()' is obsolete: 'Object.FindObjectOfType has been deprecated. Use Object.FindAnyObjectByType instead.'
Assets/ThirdParty/FirstPersonARPGStarterPack/Scripts/Characters/Enemies/EnemyController.cs(117,26): warning CS0618: 'Object.FindObjectOfType<T>()' is obsolete: 'Object.FindObjectOfType has been deprecated. Use Object.FindAnyObjectByType instead.'
Assets/ThirdParty/FirstPersonARPGStarterPack/Scripts/Characters/Enemies/EnemyController.cs(120,27): warning CS0618: 'Object.FindObjectOfType<T>()' is obsolete: 'Object.FindObjectOfType has been deprecated. Use Object.FindAnyObjectByType instead.'
Assets/ThirdParty/FirstPersonARPGStarterPack/Scripts/UI/WeaponHUDManager.cs(16,34): warning CS0618: 'Object.FindObjectOfType<T>()' is obsolete: 'Object.FindObjectOfType has been deprecated. Use Object.FindAnyObjectByType instead.'
Assets/ThirdParty/FirstPersonARPGStarterPack/Scripts/Utility Scripts/FX/AudioUtility.cs(61,34): warning CS0618: 'Object.FindObjectOfType<T>()' is obsolete: 'Object.FindObjectOfType has been deprecated. Use Object.FindAnyObjectByType instead.'
Assets/ThirdParty/FirstPersonARPGStarterPack/Scripts/Weapons/Melee/MeleeWeapon.cs(92,30): warning CS0618: 'Object.FindObjectOfType<T>()' is obsolete: 'Object.FindObjectOfType has been deprecated. Use Object.FindAnyObjectByType instead.'
Assets/ThirdParty/FirstPersonARPGStarterPack/Scripts/UI/CrosshairManager.cs(20,28): warning CS0618: 'Object.FindObjectOfType<T>()' is obsolete: 'Object.FindObjectOfType has been deprecated. Use Object.FindAnyObjectByType instead.'
Reloading assemblies after forced synchronous recompile.
Begin MonoManager ReloadAssembly
Symbol file LoadedFromMemory is not a mono symbol file
Symbol file LoadedFromMemory is not a mono symbol file
Native extension for iOS target not found
Native extension for Android target not found
Native extension for WindowsStandalone target not found
Native extension for OSXStandalone target not found
Start HTTP server: port:7800
[Licensing::Client] Error: Code 404 while processing request (status: Found 0 entitlement groups and 0 free entitlements matching requested entitlement ids)
[Licensing::Client] Error: Code 404 while processing request (status: Found 0 entitlement groups and 0 free entitlements matching requested entitlement ids)
[Licensing::Client] Error: Code 404 while processing request (status: Found 0 entitlement groups and 0 free entitlements matching requested entitlement ids)
ScheduleIndexationOnStartup MainProcess:True IndexOnStartup:True
Mono: successfully reloaded assembly
- Finished resetting the current domain, in  4.131 seconds
Domain Reload Profiling: 5259ms
	BeginReloadAssembly (516ms)
		DisableScriptedObjects (11ms)
		CreateAndSetChildDomain (313ms)
	RebuildCommonClasses (5ms)
	RebuildNativeTypeToScriptingClass (11ms)
	initialDomainReloadingComplete (56ms)
	LoadAllAssembliesAndSetupDomain (540ms)
		LoadAssemblies (102ms)
		AnalyzeDomain (361ms)
			TypeCache.Refresh (147ms)
				TypeCache.ScanAssembly (130ms)
			BuildScriptInfoCaches (206ms)
			ResolveRequiredComponents (6ms)
	FinalizeReload (4131ms)
		SetupLoadedEditorAssemblies (0ms)
			InitializePlatformSupportModulesInManaged (12ms)
			BeforeProcessingInitializeOnLoad (99ms)
			ProcessInitializeOnLoadAttributes (3669ms)
			ProcessInitializeOnLoadMethodAttributes (164ms)
		AwakeInstancesAfterBackupRestoration (17ms)
Starting new worker id: 0 with log in /Users/burakcoskun/Last Signal/Logs/AssetImportWorkerHW0.log

Asset Pipeline Refresh (id=1b37f6b87dd294edeb21765bfbd0df55): Total: 24.599 seconds - Initiated by InitialRefreshV2(ForceSynchronousImport)
	(Values over 0.05ms)
	Summary:
		Imports: total=0 (actual=0, local cache=0, cache server=0)
		Asset DB Process Time: managed=0 ms, native=10163 ms
		Asset DB Callback time: managed=19 ms, native=7 ms
		Scripting: domain reloads=2, domain reload time=1912 ms, compile time=12447 ms, other=49 ms
		Project Asset Count: scripts=2801, non-scripts=9074
		Asset File Changes: new=0, changed=0, moved=0, deleted=0
		Scan Filter Count: 1
	InvokePackagesCallback: 8.344ms
	ApplyChangesToAssetFolders: 0.353ms
	Scan: 1217.940ms
	Collect global state as custom dependencies: 2.867ms
	CategorizeScriptCompilationAssets: 98.163ms
	ProcessAssetsWithTransientArtifactChanges: 75.677ms
	CategorizeAssets: 120.738ms
	CompileScripts: 12446.797ms
	ImportOutOfDateAssets: 8471.677ms (8378.484ms without children)
		CollectScriptTypesHashes: 1.907ms
		ReloadNativeAssets: 0.692ms
		UnloadImportedAssets: 1.826ms
		EnsureUptoDateAssetsAreRegisteredWithGuidPM: 1.687ms
		ImportSchedulerStart: 88.960ms
	PostProcessAllAssets: 19.978ms
		MonoPostProcessAllAssets: 19.927ms
			UniversalRenderPipelineGlobalSettingsPostprocessor.OnPostprocessAllAssets 6.560ms
			GraphRefreshPostprocessor.OnPostprocessAllAssets 1.193ms
			SpeedTree9Postprocessor.OnPostprocessAllAssets 1.100ms
			WindowAssetPostprocessingWatcher.OnPostprocessAllAssets 0.882ms
			AssetChangeDetector.OnPostprocessAllAssets 0.504ms
			RenderPipelineGlobalSettingsPostprocessor.OnPostprocessAllAssets 0.369ms
			ShaderReflectionAssetPostProcessor.OnPostprocessAllAssets 0.221ms
			ReferencedClipsPostProcessor.OnPostprocessAllAssets 0.169ms
			ProjectSettingsPostprocessor.OnPostprocessAllAssets 0.146ms
			InputActionAssetPostprocessor.OnPostprocessAllAssets 0.145ms
			TerrainToolbarOverlayPostProcessor.OnPostprocessAllAssets 0.130ms
			AssetDatabaseCallbacks.OnPostprocessAllAssets 0.082ms
	UnloadStreamsBegin: 1.508ms
	PersistCurrentRevisions: 0.258ms
	GenerateScriptTypeHashes: 3.457ms
	GenerateScriptTypeSerializationHashes: 5.445ms
	Untracked: 2129.147ms

Application.AssetDatabase Initial Refresh End
Shader Hidden/ChartRasterizerHardware is not supported: GPU does not support conservative rasterization
Launching external process: /Applications/Unity/Hub/Editor/6000.5.0f1/Unity.app/Contents/Helpers/UnityShaderCompiler
Launched and connected shader compiler UnityShaderCompiler after 0.05 seconds
Shader Hidden/ChartRasterizerHardware is not supported: GPU does not support conservative rasterization
Scanning for USB devices : 0.232ms
Initializing Unity extensions:
[MODES] ModeService[none].Initialize
[MODES] ModeService[none].LoadModes
[MODES] Loading mode Default (0) for mode-current-id-Last Signal
Worker ready: AssetImportWorkerHW0 0
2026-10-07 17:19:51.925 Unity[94746:31748283] NSEventModifierFlagFunction specified to -setKeyEquivalentModifierMask: for item <NSMenuItem: 0x6000018a9e30 SDF, ke='Command-F12'>, but is only supported for system-provided menu items; will not be used
Unloading 70 Unused Serialized files (Serialized files now loaded: 0)
Unloading 11093 unused Assets / (24.0 MB). Loaded Objects now: 12042.
Memory consumption went from 0.54 GB to 0.52 GB.
Total: 36.900875 ms (FindLiveObjects: 0.644250 ms CreateObjectMapping: 3.086833 ms MarkObjects: 25.935125 ms  DeleteObjects: 7.234291 ms)

[Project] Loading completed in 29.737 seconds
	Project init time: 				28.789 seconds
		Template init time: 		0.000 seconds
		Package Manager init time: 		0.364 seconds
		Asset Database init time: 		2.095 seconds
		Global illumination init time: 	0.000 seconds
		Assemblies load time: 			0.954 seconds
		Unity extensions init time: 	0.022 seconds
		Asset Database refresh time: 	24.599 seconds
	Scene opening time: 			0.849 seconds
##utp:{"type":"ProjectInfo","version":2,"phase":"Immediate","time":1791382792026,"processId":94746,"projectLoad":29.737469125000005,"projectInit":28.788925417,"templateInit":0.0,"packageManagerInit":0.363536667,"assetDatabaseInit":2.09490325,"globalIlluminationInit":0.000439833,"assembliesLoad":0.954264416,"unityExtensionsInit":0.021764958,"assetDatabaseRefresh":24.598850292,"sceneOpening":0.849071583}
##utp:{"type":"EditorInfo","version":2,"phase":"Immediate","time":1791382792026,"processId":94746,"editorVersion":"6000.5.0f1 (88b47c5e7076)","branch":"6000.5/staging","buildType":"Release","platform":"OSX"}
Subscribe to USB device events
Scanning for USB devices : 0.155ms
[Licensing::Client] Error: Code 404 while processing request (status: Found 0 entitlement groups and 0 free entitlements matching requested entitlement ids)
[Licensing::Client] Error: Code 404 while processing request (status: Found 0 entitlement groups and 0 free entitlements matching requested entitlement ids)
<color=green><b>Thank you for using my asset!</b></color> If you like it, please take a moment to rate it on the Asset Store. It helps me a lot!
UnityEngine.Debug:ExtractStackTraceNoAlloc (byte*,int,string)
UnityEngine.StackTraceUtility:ExtractStackTrace () (at /Users/bokken/build/output/unity/unity/Runtime/Export/Scripting/StackTrace.cs:35)
UnityEngine.DebugLogHandler:Internal_Log (UnityEngine.LogType,UnityEngine.LogOption,string,UnityEngine.Object)
UnityEngine.DebugLogHandler:LogFormat (UnityEngine.LogType,UnityEngine.Object,string,object[])
UnityEngine.Logger:Log (UnityEngine.LogType,object)
UnityEngine.Debug:Log (object)
YourPackage.Editor.WelcomeWindow:OnEnable () (at Assets/ThirdParty/Zombies/ArtStore3D/Fat Zombie(Low Poly)/Editor/WelcomeWindow.cs:41)
UnityEngine.ScriptableObject:CreateScriptableObjectInstanceFromType (System.Type,bool)
UnityEngine.ScriptableObject:CreateInstance (System.Type) (at /Users/bokken/build/output/unity/unity/Runtime/Export/Scripting/ScriptableObject.bindings.cs:35)
UnityEditor.EditorWindow:GetWindowPrivate (System.Type,bool,string,bool,bool) (at /Users/bokken/build/output/unity/unity/Editor/Mono/EditorWindow.cs:780)
UnityEditor.EditorWindow:GetWindow (System.Type,bool,string,bool) (at /Users/bokken/build/output/unity/unity/Editor/Mono/EditorWindow.cs:805)
UnityEditor.EditorWindow:GetWindow<YourPackage.Editor.WelcomeWindow> (bool,string,bool) (at /Users/bokken/build/output/unity/unity/Editor/Mono/EditorWindow.cs:876)
UnityEditor.EditorWindow:GetWindow<YourPackage.Editor.WelcomeWindow> (string,bool) (at /Users/bokken/build/output/unity/unity/Editor/Mono/EditorWindow.cs:870)
UnityEditor.EditorWindow:GetWindow<YourPackage.Editor.WelcomeWindow> (string) (at /Users/bokken/build/output/unity/unity/Editor/Mono/EditorWindow.cs:865)
YourPackage.Editor.WelcomeWindow:Open () (at Assets/ThirdParty/Zombies/ArtStore3D/Fat Zombie(Low Poly)/Editor/WelcomeWindow.cs:27)
YourPackage.Editor.WelcomeWindow:RunOnce () (at Assets/ThirdParty/Zombies/ArtStore3D/Fat Zombie(Low Poly)/Editor/WelcomeWindow.cs:20)
UnityEditor.EditorApplication:Internal_CallUpdateFunctions () (at /Users/bokken/build/output/unity/unity/Editor/Mono/EditorApplication.cs:403)

(Filename: Assets/ThirdParty/Zombies/ArtStore3D/Fat Zombie(Low Poly)/Editor/WelcomeWindow.cs Line: 41)

2026-10-07 17:19:52.283 Unity[94746:31748283] CAMetalLayer ignoring invalid setDrawableSize width=0.000000 height=0.000000
2026-10-07 17:19:52.351 Unity[94746:31748283] CAMetalLayer ignoring invalid setDrawableSize width=0.000000 height=0.000000
Running tests for ExecutionSettings with details:
targetPlatform = 
playerHeartbeatTimeout = 600
filters[0] = 
   Filter with settings:
   testMode = EditMode
   targetPlatform = 
   testNames = null
   groupNames = LastSignal.Tests.S015AudioTests
   categoryNames = null
   assemblyNames = LastSignal.EditModeTests
ignoreTests = {}
featureFlags = null

UnityEngine.Debug:ExtractStackTraceNoAlloc (byte*,int,string)
UnityEngine.StackTraceUtility:ExtractStackTrace () (at /Users/bokken/build/output/unity/unity/Runtime/Export/Scripting/StackTrace.cs:35)
UnityEngine.DebugLogHandler:Internal_Log (UnityEngine.LogType,UnityEngine.LogOption,string,UnityEngine.Object)
UnityEngine.DebugLogHandler:LogFormat (UnityEngine.LogType,UnityEngine.Object,string,object[])
UnityEngine.Logger:Log (UnityEngine.LogType,object)
UnityEngine.Debug:Log (object)
UnityEditor.TestTools.TestRunner.CommandLineTest.Executer:InitializeAndExecuteRun (string[]) (at ./Library/PackageCache/com.unity.test-framework@f3e6c9a02477/UnityEditor.TestRunner/CommandLineTest/Executer.cs:53)
UnityEditor.TestTools.TestRunner.CommandLineTest.TestStarter:InitializeAndExecuteRun () (at ./Library/PackageCache/com.unity.test-framework@f3e6c9a02477/UnityEditor.TestRunner/CommandLineTest/TestStarter.cs:64)
UnityEditor.EditorApplication:Internal_CallUpdateFunctions () (at /Users/bokken/build/output/unity/unity/Editor/Mono/EditorApplication.cs:403)

(Filename: ./Library/PackageCache/com.unity.test-framework@f3e6c9a02477/UnityEditor.TestRunner/CommandLineTest/Executer.cs Line: 53)

Start Indexing on Editor startup
[Indexing] Starting Initial Indexing for Assets
[UnityConnectServicesConfig] config is NOT valid, switching to default
Created GICache directory at /Users/burakcoskun/Library/Caches/com.unity3d.UnityEditor/GiCache. Took: 0.006s, timestamps: [29.744 - 29.750]
[Licensing::Client] Successfully resolved entitlement details
[Licensing::Client] Successfully resolved entitlement details
[Licensing::Client] Error: Code 404 while processing request (status: Found 0 entitlement groups and 0 free entitlements matching requested entitlement ids)
[Licensing::Client] Error: Code 404 while processing request (status: Found 0 entitlement groups and 0 free entitlements matching requested entitlement ids)
[Licensing::Client] Error: Code 404 while processing request (status: Found 0 entitlement groups and 0 free entitlements matching requested entitlement ids)
Unloading 3 Unused Serialized files (Serialized files now loaded: 0)
Unloading 1 unused Assets / (62.6 KB). Loaded Objects now: 12759.
Memory consumption went from 0.53 GB to 0.53 GB.
Total: 24.005584 ms (FindLiveObjects: 0.403791 ms CreateObjectMapping: 1.102042 ms MarkObjects: 22.444292 ms  DeleteObjects: 0.055042 ms)

Executing IPrebuildSetup for: Unity.PerformanceTesting.Editor.TestRunBuilder.
UnityEngine.Debug:ExtractStackTraceNoAlloc (byte*,int,string)
UnityEngine.StackTraceUtility:ExtractStackTrace () (at /Users/bokken/build/output/unity/unity/Runtime/Export/Scripting/StackTrace.cs:35)
UnityEngine.DebugLogHandler:Internal_Log (UnityEngine.LogType,UnityEngine.LogOption,string,UnityEngine.Object)
UnityEngine.DebugLogHandler:LogFormat (UnityEngine.LogType,UnityEngine.Object,string,object[])
UnityEngine.Logger:Log (UnityEngine.LogType,object)
UnityEngine.Debug:Log (object)
UnityEditor.TestTools.TestRunner.TestRun.Tasks.BuildActionTaskBase`1/<ExecuteMethods>d__8<UnityEngine.TestTools.IPrebuildSetup>:MoveNext () (at ./Library/PackageCache/com.unity.test-framework@f3e6c9a02477/UnityEditor.TestRunner/TestRun/Tasks/BuildActionTaskBase.cs:48)
UnityEditor.TestTools.TestRunner.TestRun.Tasks.BuildActionTaskBase`1/<Execute>d__7<UnityEngine.TestTools.IPrebuildSetup>:MoveNext () (at ./Library/PackageCache/com.unity.test-framework@f3e6c9a02477/UnityEditor.TestRunner/TestRun/Tasks/BuildActionTaskBase.cs:34)
UnityEditor.TestTools.TestRunner.TestRun.TestJobRunner:ExecuteStep () (at ./Library/PackageCache/com.unity.test-framework@f3e6c9a02477/UnityEditor.TestRunner/TestRun/TestJobRunner.cs:194)
UnityEditor.TestTools.TestRunner.TestRun.TestJobRunner:ExecuteCallback () (at ./Library/PackageCache/com.unity.test-framework@f3e6c9a02477/UnityEditor.TestRunner/TestRun/TestJobRunner.cs:129)
UnityEditor.EditorApplication:Internal_CallUpdateFunctions () (at /Users/bokken/build/output/unity/unity/Editor/Mono/EditorApplication.cs:403)

(Filename: ./Library/PackageCache/com.unity.test-framework@f3e6c9a02477/UnityEditor.TestRunner/TestRun/Tasks/BuildActionTaskBase.cs Line: 48)

<b><color=#2EA3FF>MCP-FOR-UNITY</color></b>: [TestRunnerNoThrottle] Applied No Throttling for test run.
UnityEngine.Debug:ExtractStackTraceNoAlloc (byte*,int,string)
UnityEngine.StackTraceUtility:ExtractStackTrace () (at /Users/bokken/build/output/unity/unity/Runtime/Export/Scripting/StackTrace.cs:35)
UnityEngine.DebugLogHandler:Internal_Log (UnityEngine.LogType,UnityEngine.LogOption,string,UnityEngine.Object)
UnityEngine.DebugLogHandler:LogFormat (UnityEngine.LogType,UnityEngine.Object,string,object[])
UnityEngine.Logger:Log (UnityEngine.LogType,object)
UnityEngine.Debug:Log (object)
MCPForUnity.Editor.Helpers.McpLog:Info (string,bool) (at ./Library/PackageCache/com.coplaydev.unity-mcp@7b7db7b31f4e/Editor/Helpers/McpLog.cs:40)
MCPForUnity.Editor.Services.TestRunnerNoThrottle:ApplyNoThrottling () (at ./Library/PackageCache/com.coplaydev.unity-mcp@7b7db7b31f4e/Editor/Services/TestRunnerNoThrottle.cs:101)
MCPForUnity.Editor.Services.TestRunnerNoThrottle/TestCallbacks:RunStarted (UnityEditor.TestTools.TestRunner.Api.ITestAdaptor) (at ./Library/PackageCache/com.coplaydev.unity-mcp@7b7db7b31f4e/Editor/Services/TestRunnerNoThrottle.cs:138)
UnityEditor.TestTools.TestRunner.Api.CallbacksDelegator/<>c__DisplayClass7_0:<RunStarted>b__0 (UnityEditor.TestTools.TestRunner.Api.ICallbacks) (at ./Library/PackageCache/com.unity.test-framework@f3e6c9a02477/UnityEditor.TestRunner/Api/CallbacksDelegator.cs:42)
UnityEditor.TestTools.TestRunner.Api.CallbacksDelegator:TryInvokeAllCallbacks (System.Action`1<UnityEditor.TestTools.TestRunner.Api.ICallbacks>) (at ./Library/PackageCache/com.unity.test-framework@f3e6c9a02477/UnityEditor.TestRunner/Api/CallbacksDelegator.cs:135)
UnityEditor.TestTools.TestRunner.Api.CallbacksDelegator:RunStarted (NUnit.Framework.Interfaces.ITest) (at ./Library/PackageCache/com.unity.test-framework@f3e6c9a02477/UnityEditor.TestRunner/Api/CallbacksDelegator.cs:42)
UnityEngine.Events.InvokableCall`1<NUnit.Framework.Interfaces.ITest>:Invoke (NUnit.Framework.Interfaces.ITest) (at /Users/bokken/build/output/unity/unity/Runtime/Export/UnityEvent/UnityEvent.cs:222)
UnityEngine.Events.UnityEvent`1<NUnit.Framework.Interfaces.ITest>:Invoke (NUnit.Framework.Interfaces.ITest) (at /Users/bokken/build/output/unity/unity/artifacts/generated/UnityEvent/UnityEvent_1.cs:59)
UnityEditor.TestTools.TestRunner.TestRun.Tasks.Events.RunStartedInvocationEvent/<Execute>d__0:MoveNext () (at ./Library/PackageCache/com.unity.test-framework@f3e6c9a02477/UnityEditor.TestRunner/TestRun/Tasks/Events/RunStartedInvocationEvent.cs:15)
UnityEditor.TestTools.TestRunner.TestRun.TestJobRunner:ExecuteStep () (at ./Library/PackageCache/com.unity.test-framework@f3e6c9a02477/UnityEditor.TestRunner/TestRun/TestJobRunner.cs:194)
UnityEditor.TestTools.TestRunner.TestRun.TestJobRunner:ExecuteCallback () (at ./Library/PackageCache/com.unity.test-framework@f3e6c9a02477/UnityEditor.TestRunner/TestRun/TestJobRunner.cs:129)
UnityEditor.EditorApplication:Internal_CallUpdateFunctions () (at /Users/bokken/build/output/unity/unity/Editor/Mono/EditorApplication.cs:403)

(Filename: ./Library/PackageCache/com.coplaydev.unity-mcp@7b7db7b31f4e/Editor/Helpers/McpLog.cs Line: 40)

Opening scene 'Assets/LastSignal/Scenes/Production/S013Cabin.unity additively'
[INFO ] [relay] relay.startup port=9003 mcpClientPort=9004 editorPid=94746
[INFO ] [relay] log === RELAY SERVER STARTED === (unity-ai-relay v1.0.12-build.99)
[INFO ] [relay] log TLS trust: NODE_USE_SYSTEM_CA=on systemCAs=4 bundledCAs=145
[INFO ] [relay] log Starting relay server...
[INFO ] [relay] log Command line arguments: ["bun","/$bunfs/root/relay_mac_arm64","--relay","--port","9003","--mcp-client-port","9004","--editor-pid","94746","--shutdown-delay","180","--log-dir","/Users/burakcoskun/Last Signal/Logs"]
[INFO ] [relay] log Parsed config: {"port":9003,"mcpClientPort":9004,"editorPid":"94746","shutdownDelaySeconds":180}
[INFO ] [relay] log Initializing relay components...
[INFO ] [relay] log Creating RelayEditor...
[INFO ] [relay] log WebSocket server started
[INFO ] [relay] log Relay server initialization completed
[INFO ] [relay] log MCP Client initialized at port: 9004
[INFO ] [relay] log Unity MCP Relay server started | Port: 9004 | Endpoints: /mcp/start-server, /mcp/stop-server, /mcp/server-status, /mcp/call-tool
[INFO ] [relay] log Unity client connected with ID: editor-94746-a8z8zc (relay 1.0.12-build.99)
[INFO ] [relay] connection.established clientId=editor-94746-a8z8zc port=9003
Loaded scene 'Assets/LastSignal/Scenes/Production/S013Cabin.unity'
	Deserialize:            125.399 ms
	Integration:            89.980 ms
	Integration of assets:  25.274 ms
	Thread Wait Time:       0.008 ms
	Total Operation Time:   240.661 ms
<b><color=#2EA3FF>MCP-FOR-UNITY</color></b>: [TestRunnerNoThrottle] Restored Interaction Mode after test run.
UnityEngine.Debug:ExtractStackTraceNoAlloc (byte*,int,string)
UnityEngine.StackTraceUtility:ExtractStackTrace () (at /Users/bokken/build/output/unity/unity/Runtime/Export/Scripting/StackTrace.cs:35)
UnityEngine.DebugLogHandler:Internal_Log (UnityEngine.LogType,UnityEngine.LogOption,string,UnityEngine.Object)
UnityEngine.DebugLogHandler:LogFormat (UnityEngine.LogType,UnityEngine.Object,string,object[])
UnityEngine.Logger:Log (UnityEngine.LogType,object)
UnityEngine.Debug:Log (object)
MCPForUnity.Editor.Helpers.McpLog:Info (string,bool) (at ./Library/PackageCache/com.coplaydev.unity-mcp@7b7db7b31f4e/Editor/Helpers/McpLog.cs:40)
MCPForUnity.Editor.Services.TestRunnerNoThrottle:RestoreThrottling () (at ./Library/PackageCache/com.coplaydev.unity-mcp@7b7db7b31f4e/Editor/Services/TestRunnerNoThrottle.cs:114)
MCPForUnity.Editor.Services.TestRunnerNoThrottle/TestCallbacks:RunFinished (UnityEditor.TestTools.TestRunner.Api.ITestResultAdaptor) (at ./Library/PackageCache/com.coplaydev.unity-mcp@7b7db7b31f4e/Editor/Services/TestRunnerNoThrottle.cs:143)
UnityEditor.TestTools.TestRunner.Api.CallbacksDelegator/<>c__DisplayClass9_0:<RunFinished>b__0 (UnityEditor.TestTools.TestRunner.Api.ICallbacks) (at ./Library/PackageCache/com.unity.test-framework@f3e6c9a02477/UnityEditor.TestRunner/Api/CallbacksDelegator.cs:55)
UnityEditor.TestTools.TestRunner.Api.CallbacksDelegator:TryInvokeAllCallbacks (System.Action`1<UnityEditor.TestTools.TestRunner.Api.ICallbacks>) (at ./Library/PackageCache/com.unity.test-framework@f3e6c9a02477/UnityEditor.TestRunner/Api/CallbacksDelegator.cs:135)
UnityEditor.TestTools.TestRunner.Api.CallbacksDelegator:RunFinished (NUnit.Framework.Interfaces.ITestResult) (at ./Library/PackageCache/com.unity.test-framework@f3e6c9a02477/UnityEditor.TestRunner/Api/CallbacksDelegator.cs:55)
UnityEngine.Events.InvokableCall`1<NUnit.Framework.Interfaces.ITestResult>:Invoke (NUnit.Framework.Interfaces.ITestResult) (at /Users/bokken/build/output/unity/unity/Runtime/Export/UnityEvent/UnityEvent.cs:222)
UnityEngine.Events.UnityEvent`1<NUnit.Framework.Interfaces.ITestResult>:Invoke (NUnit.Framework.Interfaces.ITestResult) (at /Users/bokken/build/output/unity/unity/artifacts/generated/UnityEvent/UnityEvent_1.cs:59)
UnityEditor.TestTools.TestRunner.TestRun.Tasks.Events.RunFinishedInvocationEvent/<Execute>d__0:MoveNext () (at ./Library/PackageCache/com.unity.test-framework@f3e6c9a02477/UnityEditor.TestRunner/TestRun/Tasks/Events/RunFinishedInvocationEvent.cs:24)
UnityEditor.TestTools.TestRunner.TestRun.TestJobRunner:ExecuteStep () (at ./Library/PackageCache/com.unity.test-framework@f3e6c9a02477/UnityEditor.TestRunner/TestRun/TestJobRunner.cs:194)
UnityEditor.TestTools.TestRunner.TestRun.TestJobRunner:ExecuteCallback () (at ./Library/PackageCache/com.unity.test-framework@f3e6c9a02477/UnityEditor.TestRunner/TestRun/TestJobRunner.cs:129)
UnityEditor.EditorApplication:Internal_CallUpdateFunctions () (at /Users/bokken/build/output/unity/unity/Editor/Mono/EditorApplication.cs:403)

(Filename: ./Library/PackageCache/com.coplaydev.unity-mcp@7b7db7b31f4e/Editor/Helpers/McpLog.cs Line: 40)

Saving results to: /Users/burakcoskun/Library/Application Support/DefaultCompany/Last Signal/TestResults.xml
Saving results to: /Users/burakcoskun/Last Signal/Docs/Implementation/S015/Evidence/20261007T141921-948030Z-focused-edit/tests.xml
Executing IPostBuildCleanup for: Unity.PerformanceTesting.Editor.TestRunBuilder.
UnityEngine.Debug:ExtractStackTraceNoAlloc (byte*,int,string)
UnityEngine.StackTraceUtility:ExtractStackTrace () (at /Users/bokken/build/output/unity/unity/Runtime/Export/Scripting/StackTrace.cs:35)
UnityEngine.DebugLogHandler:Internal_Log (UnityEngine.LogType,UnityEngine.LogOption,string,UnityEngine.Object)
UnityEngine.DebugLogHandler:LogFormat (UnityEngine.LogType,UnityEngine.Object,string,object[])
UnityEngine.Logger:Log (UnityEngine.LogType,object)
UnityEngine.Debug:Log (object)
UnityEditor.TestTools.TestRunner.TestRun.Tasks.BuildActionTaskBase`1/<ExecuteMethods>d__8<UnityEngine.TestTools.IPostBuildCleanup>:MoveNext () (at ./Library/PackageCache/com.unity.test-framework@f3e6c9a02477/UnityEditor.TestRunner/TestRun/Tasks/BuildActionTaskBase.cs:48)
UnityEditor.TestTools.TestRunner.TestRun.Tasks.BuildActionTaskBase`1/<Execute>d__7<UnityEngine.TestTools.IPostBuildCleanup>:MoveNext () (at ./Library/PackageCache/com.unity.test-framework@f3e6c9a02477/UnityEditor.TestRunner/TestRun/Tasks/BuildActionTaskBase.cs:34)
UnityEditor.TestTools.TestRunner.TestRun.TestJobRunner:ExecuteStep () (at ./Library/PackageCache/com.unity.test-framework@f3e6c9a02477/UnityEditor.TestRunner/TestRun/TestJobRunner.cs:194)
UnityEditor.TestTools.TestRunner.TestRun.TestJobRunner:ExecuteCallback () (at ./Library/PackageCache/com.unity.test-framework@f3e6c9a02477/UnityEditor.TestRunner/TestRun/TestJobRunner.cs:129)
UnityEditor.EditorApplication:Internal_CallUpdateFunctions () (at /Users/bokken/build/output/unity/unity/Editor/Mono/EditorApplication.cs:403)

(Filename: ./Library/PackageCache/com.unity.test-framework@f3e6c9a02477/UnityEditor.TestRunner/TestRun/Tasks/BuildActionTaskBase.cs Line: 48)

Unloading 207 Unused Serialized files (Serialized files now loaded: 0)
Unloading 1714 unused Assets / (5.8 MB). Loaded Objects now: 12765.
Memory consumption went from 0.55 GB to 0.55 GB.
Total: 21.423708 ms (FindLiveObjects: 0.394625 ms CreateObjectMapping: 1.280833 ms MarkObjects: 18.243292 ms  DeleteObjects: 1.504583 ms)

DisplayProgressbar: Undo
Test run completed. Exiting with code 0 (Ok). Run completed.
UnityEngine.Debug:ExtractStackTraceNoAlloc (byte*,int,string)
UnityEngine.StackTraceUtility:ExtractStackTrace () (at /Users/bokken/build/output/unity/unity/Runtime/Export/Scripting/StackTrace.cs:35)
UnityEngine.DebugLogHandler:Internal_Log (UnityEngine.LogType,UnityEngine.LogOption,string,UnityEngine.Object)
UnityEngine.DebugLogHandler:LogFormat (UnityEngine.LogType,UnityEngine.Object,string,object[])
UnityEngine.Logger:Log (UnityEngine.LogType,object)
UnityEngine.Debug:Log (object)
UnityEditor.TestTools.TestRunner.CommandLineTest.Executer:ExitApplication (UnityEditor.TestTools.TestRunner.CommandLineTest.Executer/ReturnCodes,string) (at ./Library/PackageCache/com.unity.test-framework@f3e6c9a02477/UnityEditor.TestRunner/CommandLineTest/Executer.cs:81)
UnityEditor.TestTools.TestRunner.CommandLineTest.Executer:ExitIfRunIsCompleted () (at ./Library/PackageCache/com.unity.test-framework@f3e6c9a02477/UnityEditor.TestRunner/CommandLineTest/Executer.cs:74)
UnityEditor.EditorApplication:Internal_CallUpdateFunctions () (at /Users/bokken/build/output/unity/unity/Editor/Mono/EditorApplication.cs:403)

(Filename: ./Library/PackageCache/com.unity.test-framework@f3e6c9a02477/UnityEditor.TestRunner/CommandLineTest/Executer.cs Line: 81)

MonoPathRemapper: Attempts to remap: 191043; Successful remaps: 47288
Serialized file version minimum: 23, current 23
Pipeline Server stopped
[INFO ] [relay] log Shutdown request received from client editor-94746-a8z8zc
Killing ADB server in 0.177611 seconds.
AcceleratorClientConnectionCallback - disconnected - :0
Importing 'GUID: 00000000000000004000000000000000 - Path: ProjectSettings/ProjectSettings.asset' with importer (LibraryAssetImporter)
Imported 'GUID: 00000000000000004000000000000000' -> (Import Result ID: 'ccf9876a9e63d5374ceb3b430ebba5fe') in 0.003 seconds [static dependencies only]. Details - ImportResultOutputID=276a810dac73e1f29404d5e5f692e214 DependenciesID=6367e3e0de55ccb3f966dcc629dd908c StaticDependenciesID=98cc44e72ed30107d207c1a4db73438b 
Importing 'GUID: 0000000000000000b000000000000000 - Path: ProjectSettings/EditorBuildSettings.asset' with importer (LibraryAssetImporter)
Imported 'GUID: 0000000000000000b000000000000000' -> (Import Result ID: '7d4ed8fbd0ab9140f7533c601adcfcf9') in 0.001 seconds [static dependencies only]. Details - ImportResultOutputID=4647dd083cfc32cebcd7526e8846440c DependenciesID=230f0018ae6f8e259ca09fd2162c232b StaticDependenciesID=d6314ac31c30171c0d0a734448bfd141 
Shutting down MSBuild server...
Shutting down VB/C# compiler server...
VB/C# compiler server shut down successfully.
MSBuild server shut down successfully.

Asset Pipeline Refresh (id=9a78aa5d137ce4847a89bb22c53baf23): Total: 0.471 seconds - Initiated by StopAssetImportingV2(NoUpdateAssetOptions)
	(Values over 0.05ms)
	Summary:
		Imports: total=2 (actual=2, local cache=0, cache server=0)
		Asset DB Process Time: managed=0 ms, native=178 ms
		Asset DB Callback time: managed=287 ms, native=4 ms
		Scripting: domain reloads=0, domain reload time=0 ms, compile time=0 ms, other=0 ms
		Project Asset Count: scripts=2801, non-scripts=9074
		Asset File Changes: new=0, changed=1, moved=0, deleted=0
		Scan Filter Count: 2
	ApplyChangesToAssetFolders: 0.249ms
	Scan: 5.088ms
	OnSourceAssetsModified: 0.510ms
	ProcessAssetsWithTransientArtifactChanges: 0.388ms
	CategorizeAssets: 63.972ms
	ImportOutOfDateAssets: 94.096ms (14.532ms without children)
		ImportManagerImport: 6.883ms (1.087ms without children)
		UnloadImportedAssets: 0.084ms
		EnsureUptoDateAssetsAreRegisteredWithGuidPM: 1.050ms
		ImportSchedulerStart: 71.503ms
	PostProcessAllAssets: 288.232ms
		XRBuildSystem.XRAssetImported 1.160ms
		MonoPostProcessAllAssets: 286.747ms
			AssetPostprocessor.OnPostprocessAllAssets 170.942ms
			AssetReferenceReimportMonitor.OnPostprocessAllAssets 13.724ms
			BuilderAssetPostprocessor.OnPostprocessAllAssets 4.002ms
			SpriteSlicePostprocessor.OnPostprocessAllAssets 1.297ms
			ShaderGraphAssetPostProcessor.OnPostprocessAllAssets 0.817ms
			RetainedModeAssetPostprocessor.OnPostprocessAllAssets 0.629ms
			SpriteEditorTexturePostprocessor.OnPostprocessAllAssets 0.364ms
			ArtifactBrowserPostProcessor.OnPostprocessAllAssets 0.318ms
			SampleDependencyImporterPostProcessor.OnPostprocessAllAssets 0.296ms
			MaterialPostprocessor.OnPostprocessAllAssets 0.269ms
			ModelAssetProcessor.OnPostprocessAllAssets 0.218ms
			AssetChangedListener.OnPostprocessAllAssets 0.193ms
			UVCSAssetPostprocessor.OnPostprocessAllAssets 0.191ms
			TextAssetPostProcessor.OnPostprocessAllAssets 0.183ms
			SkillsProjectAssetPostprocessor.OnPostprocessAllAssets 0.170ms
			TMPro_TexturePostProcessor.OnPostprocessAllAssets 0.168ms
			AudioMixerPostprocessor.OnPostprocessAllAssets 0.164ms
			InputActionJsonNameModifierAssetProcessor.OnPostprocessAllAssets 0.139ms
			PostProcessor.OnPostprocessAllAssets 0.129ms
			StyleCatalogPostProcessor.OnPostprocessAllAssets 0.122ms
			SamplePostprocessor.OnPostprocessAllAssets 0.120ms
			AssetEvents.OnPostprocessAllAssets 0.100ms
			ConfigAssetsTracker.OnPostprocessAllAssets 0.082ms
			SpeedTreePostProcessor.OnPostprocessAllAssets 0.075ms
			ScenarioDriftAssetsTracker.OnPostprocessAllAssets 0.060ms
			InputActionAssetPostprocessor.OnPostprocessAllAssets 0.054ms
			GraphRefreshPostprocessor.OnPostprocessAllAssets 0.053ms
	PostAssetChangesProfiler: 2.837ms
	GatherAllCurrentPrimaryImportResultRevisions: 0.893ms
	PersistCurrentRevisions: 0.321ms
	Untracked: 13.437ms

Thread 0x17a4b7000 may have been prematurely finalized
Input System module state changed to: ShutdownInProgress.
Input Polling Thread exited.
Input System module state changed to: Shutdown.
[Physics::Module] Cleanup current backend.
[Physics::Module] Id: 0xf2b8ea05
[Licensing::IpcConnector] LicenseClient-burakcoskun-notifications channel disconnected successfully.
[Licensing::IpcConnector] LicenseClient-burakcoskun channel disconnected successfully.
Thread 0x17907b000 may have been prematurely finalized
Thread 0x179107000 may have been prematurely finalized
Thread 0x179193000 may have been prematurely finalized
Thread 0x1792ab000 may have been prematurely finalized
Thread 0x178fef000 may have been prematurely finalized
Thread 0x17921f000 may have been prematurely finalized
Thread 0x179337000 may have been prematurely finalized
AcceleratorClientConnectionCallback - disconnected - :0
Thread 0x17b21b000 may have been prematurely finalized
Cleanup mono
CodeReloadManager destroyed
info: Microsoft.Hosting.Lifetime[0]
      Application is shutting down...
info: Unity.ILPP.Runner.PostProcessingAssemblyLoadContext[0]
      ALC ILPP context 2 is unloading
Failed to collect process info for PID 22650: Thread was being aborted.
Failed to collect process info for PID 22650: Thread was being aborted.
Failed to collect process info for PID 22650: Thread was being aborted.
Failed to collect process info for PID 22650: Thread was being aborted.
debugger-agent: Unable to listen on 42
[usbmuxd] Stop listen thread
[usbmuxd] Error: 
[usbmuxd] Listen thread exiting
