clip,time,rootX,rootY,rootZ,rootYaw,hipsY,headY,leftFootX,leftFootY,leftFootZ,rightFootX,rightFootY,rightFootZ,leftHandZ,rightHandZ,meshMinY,meshMaxY
Zombie@Idle01,0,0,0,0,0,0.8561259,1.432988,-0.2525881,0.112873,0.06713647,0.2294865,0.1375163,-0.2479158,0.6342083,0.5177536,-0.002066314,1.635012
Zombie@Idle01,0.02111111,0,0,0,0,0.8550231,1.431149,-0.2538182,0.1124377,0.06779464,0.2309732,0.1375265,-0.2477248,0.6346219,0.5204918,-0.00253424,1.633415
Zombie@Idle01,0.04222222,0,0,0,0,0.8539494,1.42922,-0.2549925,0.1120062,0.06847017,0.2324277,0.1375344,-0.2475133,0.6349974,0.523302,-0.002992839,1.631704
Zombie@Idle01,0.06333334,0,0,0,0,0.8529139,1.427182,-0.2561022,0.1115651,0.06916778,0.2338608,0.137529,-0.2472755,0.6353539,0.5262026,-0.003452837,1.629858
Zombie@Idle01,0.08444445,0,0,0,0,0.8519167,1.424986,-0.2571592,0.111094,0.06989447,0.235286,0.1374907,-0.2470075,0.6357511,0.529212,-0.003930271,1.627817
Zombie@Idle01,0.1055556,0,0,0,0,0.8509443,1.422697,-0.2581586,0.1106299,0.07063884,0.2366793,0.1374542,-0.2467231,0.6361078,0.5322917,-0.004394799,1.625662
Zombie@Idle01,0.1266667,0,0,0,0,0.8500046,1.420299,-0.2590833,0.1101486,0.07139198,0.2380501,0.1373982,-0.2464152,0.6364853,0.5354635,-0.004867703,1.623371
Zombie@Idle01,0.1477778,0,0,0,0,0.8490952,1.41785,-0.259914,0.1096595,0.07213978,0.2393844,0.1373319,-0.2460851,0.6368609,0.5387204,-0.005340636,1.621009
Zombie@Idle01,0.1688889,0,0,0,0,0.8482083,1.415351,-0.2606699,0.1091776,0.07288987,0.2406867,0.1372707,-0.2457407,0.6372011,0.5420216,-0.005803049,1.618578
Zombie@Idle01,0.19,0,0,0,0,0.8473547,1.412809,-0.2613372,0.1086791,0.07362914,0.2419514,0.1371855,-0.2453706,0.6375704,0.545267,-0.006270379,1.616082
Zombie@Idle01,0.2111111,0,0,0,0,0.8465251,1.410226,-0.2619411,0.1081875,0.07437139,0.243181,0.1370998,-0.2449847,0.6379147,0.548411,-0.006724924,1.613524
Zombie@Idle01,0.2322222,0,0,0,0,0.8457172,1.407602,-0.2624818,0.1077015,0.07511619,0.2443814,0.1370154,-0.2445863,0.6382349,0.5514625,-0.007169098,1.610906
Zombie@Idle01,0.2533334,0,0,0,0,0.8449417,1.404947,-0.2629642,0.1072087,0.07585655,0.2455326,0.1369018,-0.2441625,0.6385739,0.5543287,-0.007604271,1.608229
Zombie@Idle01,0.2744445,0,0,0,0,0.8441855,1.402255,-0.2633944,0.1067308,0.07660136,0.2466568,0.1367879,-0.2437263,0.6388794,0.5571291,-0.008020759,1.605494
Zombie@Idle01,0.2955556,0,0,0,0,0.8434535,1.399532,-0.2637737,0.1062655,0.07734476,0.2477477,0.1366567,-0.2432733,0.639173,0.5598198,-0.008418024,1.6027
Zombie@Idle01,0.3166667,0,0,0,0,0.8427501,1.396781,-0.2641141,0.105828,0.07808327,0.2487922,0.1364846,-0.2427938,0.6394604,0.5623831,-0.00877893,1.59985
Zombie@Idle01,0.3377778,0,0,0,0,0.8420635,1.393996,-0.2644041,0.1054084,0.07882723,0.2498168,0.1363047,-0.2423049,0.6397272,0.5648918,-0.009119213,1.596939
Zombie@Idle01,0.3588889,0,0,0,0,0.8414037,1.391187,-0.2646628,0.1050173,0.07956887,0.250789,0.1360815,-0.2417986,0.6400221,0.5672792,-0.009422839,1.593972
Zombie@Idle01,0.38,0,0,0,0,0.8407679,1.388356,-0.2648971,0.1046574,0.08031466,0.2517229,0.1358241,-0.241259,0.6402758,0.5695943,-0.009685427,1.590959
Zombie@Idle01,0.4011112,0,0,0,0,0.8401507,1.3855,-0.2650953,0.1043194,0.0810667,0.2526399,0.1355546,-0.2407,0.6404805,0.5718464,-0.009921968,1.587897
Zombie@Idle01,0.4222223,0,0,0,0,0.8395698,1.382641,-0.2652979,0.1040327,0.08182319,0.253499,0.135214,-0.2400643,0.6405531,0.5740281,-0.01008624,1.584808
Zombie@Idle01,0.4433334,0,0,0,0,0.8390092,1.379758,-0.2654735,0.1037733,0.08258746,0.2543216,0.1348481,-0.2393963,0.6405438,0.5761591,-0.01021594,1.581673
Zombie@Idle01,0.4644445,0,0,0,0,0.8384703,1.376853,-0.2656284,0.1035432,0.08335931,0.2551031,0.1344502,-0.2386924,0.6404539,0.5782278,-0.01030847,1.578495
Zombie@Idle01,0.4855556,0,0,0,0,0.8379727,1.373938,-0.2657741,0.1033638,0.08413599,0.2558455,0.1340118,-0.2379544,0.6402113,0.5802491,-0.01033345,1.575284
Zombie@Idle01,0.5066667,0,0,0,0,0.8374878,1.37099,-0.2659183,0.1032108,0.0849228,0.2565533,0.1335432,-0.2371886,0.63995,0.5822141,-0.01032206,1.572022
Zombie@Idle01,0.5277778,0,0,0,0,0.8370354,1.368018,-0.266045,0.1030968,0.08571757,0.2572142,0.1330407,-0.2363923,0.63955,0.5841384,-0.01026002,1.568715
Zombie@Idle01,0.5488889,0,0,0,0,0.8366136,1.365011,-0.2661659,0.1030246,0.08652233,0.2578089,0.1324902,-0.2355572,0.6390143,0.586038,-0.01014066,1.565353
Zombie@Idle01,0.5700001,0,0,0,0,0.8362136,1.361966,-0.2662672,0.1029799,0.08734497,0.25837,0.1319554,-0.234783,0.638395,0.5878789,-0.009986252,1.561933
Zombie@Idle01,0.5911112,0,0,0,0,0.8358496,1.358871,-0.2663726,0.1029854,0.0882205,0.258813,0.1315039,-0.2343448,0.6376261,0.5897534,-0.009759665,1.558442
Zombie@Idle01,0.6122223,0,0,0,0,0.8355083,1.355707,-0.2664593,0.1030217,0.08901653,0.2592756,0.1306412,-0.232871,0.6366054,0.5915003,-0.009486973,1.554862
Zombie@Idle01,0.6333334,0,0,0,0,0.835192,1.352483,-0.2665306,0.103089,0.08988106,0.259662,0.1299677,-0.2319165,0.6355205,0.5932246,-0.009172112,1.551203
Zombie@Idle01,0.6544445,0,0,0,0,0.8349152,1.349118,-0.2666037,0.1032064,0.09077883,0.2599298,0.1292105,-0.2308942,0.6342489,0.5950172,-0.008774966,1.547377
Zombie@Idle01,0.6755556,0,0,0,0,0.8346604,1.345624,-0.266656,0.1033469,0.09170204,0.2601672,0.1284359,-0.2298438,0.632953,0.5967493,-0.008340061,1.543402
Zombie@Idle01,0.6966667,0,0,0,0,0.8344329,1.341967,-0.2666917,0.1035179,0.09265924,0.2603506,0.1276263,-0.2287496,0.6316304,0.5984477,-0.007853448,1.53924
Zombie@Idle01,0.7177778,0,0,0,0,0.8342583,1.338335,-0.2667153,0.1037383,0.09361388,0.2604409,0.1267827,-0.2276439,0.63025,0.6001649,-0.007297099,1.53507
Zombie@Idle01,0.738889,0,0,0,0,0.8341252,1.334781,-0.2667139,0.1039951,0.09455816,0.260499,0.1259548,-0.2265515,0.6288188,0.6017612,-0.006697983,1.53095
Zombie@Idle01,0.7600001,0,0,0,0,0.8340622,1.33151,-0.2666893,0.1043072,0.09545785,0.2604799,0.1251403,-0.2255006,0.6272975,0.6032984,-0.006036878,1.527069
Zombie@Idle01,0.7811112,0,0,0,0,0.83407,1.328483,-0.2666255,0.1046652,0.09636609,0.2603725,0.1245277,-0.2249742,0.6257514,0.6048069,-0.005323857,1.523836
Zombie@Idle01,0.8022223,0,0,0,0,0.8341173,1.325584,-0.266523,0.1050507,0.09715852,0.2603025,0.1235807,-0.2234966,0.6240531,0.6060997,-0.00457862,1.521185
Zombie@Idle01,0.8233334,0,0,0,0,0.8342555,1.32304,-0.2663557,0.1054833,0.09794079,0.2601223,0.122844,-0.2225555,0.6223192,0.607399,-0.003778726,1.518885
Zombie@Idle01,0.8444445,0,0,0,0,0.8344499,1.320716,-0.2661343,0.1059446,0.09868699,0.2598994,0.1221431,-0.2216477,0.6205328,0.6085839,-0.002946258,1.517076
Zombie@Idle01,0.8655556,0,0,0,0,0.834694,1.318585,-0.2658648,0.1064336,0.09939992,0.2596327,0.1214744,-0.2207685,0.6186876,0.6096582,-0.002081364,1.515564
Zombie@Idle01,0.8866667,0,0,0,0,0.835032,1.316901,-0.2655099,0.1069447,0.1000322,0.2592885,0.1208524,-0.21996,0.6168022,0.6106614,-0.001194388,1.51443
Zombie@Idle01,0.9077778,0,0,0,0,0.8354139,1.31538,-0.2651049,0.1074702,0.1006332,0.2589085,0.1202667,-0.2191805,0.6148757,0.6115334,-0.0002912283,1.513416
Zombie@Idle01,0.928889,0,0,0,0,0.8358588,1.314121,-0.2646318,0.1080083,0.1011836,0.258474,0.1197234,-0.2184467,0.6129136,0.6122933,0.0006248355,1.512618
Zombie@Idle01,0.95,0,0,0,0,0.83638,1.313177,-0.2640689,0.1085427,0.101672,0.2579868,0.1192324,-0.2177735,0.6109391,0.6129572,0.001535952,1.512091
Zombie@Idle01,0.9711112,0,0,0,0,0.8369418,1.312373,-0.2634508,0.1090822,0.1021298,0.2574592,0.1187794,-0.2171295,0.6089298,0.6135121,0.002452463,1.511672
Zombie@Idle01,0.9922223,0,0,0,0,0.8375776,1.311862,-0.2627382,0.1096061,0.1025257,0.2568798,0.1183827,-0.2165464,0.6069201,0.6139531,0.003349006,1.511509
Zombie@Idle01,1.013333,0,0,0,0,0.8382701,1.311557,-0.2619433,0.1101126,0.1028738,0.2562604,0.1180395,-0.2160121,0.604907,0.6142719,0.00422433,1.511525
Zombie@Idle01,1.034445,0,0,0,0,0.8390003,1.311375,-0.2610886,0.1106171,0.1031938,0.2555968,0.1177383,-0.2155077,0.6028684,0.6144923,0.005095512,1.511638
Zombie@Idle01,1.055556,0,0,0,0,0.8398087,1.311501,-0.2601151,0.1110676,0.1034391,0.2548956,0.1175116,-0.2150801,0.60087,0.6145853,0.005902231,1.512031
Zombie@Idle01,1.076667,0,0,0,0,0.8406549,1.311748,-0.2590737,0.1115007,0.1036532,0.2541563,0.1173355,-0.2146874,0.598861,0.6145619,0.006686419,1.512522
Zombie@Idle01,1.097778,0,0,0,0,0.8415419,1.312132,-0.2579575,0.1119109,0.1038315,0.2533751,0.1172124,-0.2143365,0.5968497,0.6144269,0.007440686,1.513129
Zombie@Idle01,1.118889,0,0,0,0,0.8424916,1.312763,-0.2567296,0.1122517,0.1039432,0.2525738,0.117173,-0.2140591,0.5948843,0.6141356,0.008110613,1.513956
Zombie@Idle01,1.14,0,0,0,0,0.8434682,1.313478,-0.2554371,0.1125791,0.104027,0.2517335,0.1171761,-0.2138121,0.5929052,0.613735,0.00875774,1.514847
Zombie@Idle01,1.161111,0,0,0,0,0.8444874,1.314356,-0.2540492,0.1128684,0.1040554,0.2508706,0.1172348,-0.2136146,0.5909447,0.6131648,0.009349912,1.515878
Zombie@Idle01,1.182222,0,0,0,0,0.8455475,1.315401,-0.2525613,0.1131268,0.1040123,0.2500173,0.1173439,-0.2134721,0.5890191,0.6123608,0.00988701,1.517052
Zombie@Idle01,1.203333,0,0,0,0,0.846629,1.316521,-0.251006,0.1133826,0.1039348,0.2491322,0.1174839,-0.2133535,0.5870866,0.6114175,0.01040673,1.518279
Zombie@Idle01,1.224445,0,0,0,0,0.8477425,1.317819,-0.2493484,0.1135927,0.1037754,0.2482218,0.1176554,-0.2132742,0.5852249,0.6102102,0.010851,1.51966
Zombie@Idle01,1.245556,0,0,0,0,0.8488737,1.319221,-0.2476208,0.1137841,0.1035639,0.2472896,0.1178587,-0.2132274,0.5834033,0.6088185,0.01125407,1.521123
Zombie@Idle01,1.266667,0,0,0,0,0.8500182,1.320688,-0.2458311,0.1139726,0.1033194,0.2463249,0.1180905,-0.2132011,0.5815902,0.6072879,0.01163834,1.522629
Zombie@Idle01,1.287778,0,0,0,0,0.8511801,1.322353,-0.2439604,0.1141037,0.1029735,0.2453742,0.11836,-0.2132349,0.5799177,0.6054534,0.01192388,1.524308
Zombie@Idle01,1.308889,0,0,0,0,0.8523453,1.324077,-0.2420421,0.1142329,0.1025938,0.2443926,0.1186557,-0.2132911,0.5782709,0.6034862,0.01218882,1.526024
Zombie@Idle01,1.33,0,0,0,0,0.8535154,1.325897,-0.2400702,0.1143456,0.1021603,0.2433951,0.1189804,-0.2133812,0.576687,0.6013398,0.01241049,1.527814
Zombie@Idle01,1.351111,0,0,0,0,0.8546807,1.327873,-0.2380606,0.114423,0.1016396,0.2424023,0.1193344,-0.2135251,0.5752401,0.5989542,0.01255718,1.529735
Zombie@Idle01,1.372222,0,0,0,0,0.8558426,1.32991,-0.2360156,0.1145016,0.1010827,0.2413857,0.1197143,-0.2136948,0.5738319,0.59644,0.01268378,1.531696
Zombie@Idle01,1.393333,0,0,0,0,0.8569938,1.332084,-0.2339489,0.1145571,0.1004492,0.2403703,0.1201212,-0.2139159,0.5725477,0.593722,0.01275024,1.533773
Zombie@Idle01,1.414445,0,0,0,0,0.8581284,1.334396,-0.2318786,0.1145994,0.0997428,0.2393516,0.1205533,-0.2141896,0.5713829,0.5908258,0.0127672,1.535964
Zombie@Idle01,1.435556,0,0,0,0,0.8592546,1.336784,-0.2297872,0.1146465,0.09899596,0.238319,0.1210141,-0.2144974,0.5702639,0.5878038,0.01276404,1.53839
Zombie@Idle01,1.456667,0,0,0,0,0.8603563,1.339408,-0.227723,0.1146737,0.09813017,0.2373012,0.1215142,-0.2149084,0.5692825,0.5845743,0.01268587,1.541142
Zombie@Idle01,1.477778,0,0,0,0,0.861425,1.342156,-0.2257031,0.1147076,0.09721551,0.2362718,0.1220078,-0.2153287,0.5685235,0.5812073,0.01259518,1.543995
Zombie@Idle01,1.498889,0,0,0,0,0.8624831,1.345009,-0.223677,0.1147458,0.0962436,0.2352437,0.1225445,-0.2158172,0.5677961,0.5777162,0.01247251,1.546933
Zombie@Idle01,1.52,0,0,0,0,0.8634876,1.348062,-0.2217645,0.1147761,0.09516279,0.2342316,0.1230915,-0.2163931,0.5673485,0.5740799,0.01229411,1.550045
Zombie@Idle01,1.541111,0,0,0,0,0.8644684,1.351167,-0.2198819,0.1148191,0.09404946,0.2332196,0.1236569,-0.2170039,0.5669974,0.5703549,0.01210475,1.553186
Zombie@Idle01,1.562222,0,0,0,0,0.8654096,1.354367,-0.2180773,0.1148672,0.09287918,0.2322202,0.1242341,-0.2176681,0.5668221,0.566533,0.01188955,1.556397
Zombie@Idle01,1.583333,0,0,0,0,0.8662912,1.357659,-0.2164181,0.1149214,0.09164775,0.2312375,0.1248086,-0.2183929,0.5668837,0.5626519,0.01164797,1.559672
Zombie@Idle01,1.604445,0,0,0,0,0.8671439,1.360973,-0.214814,0.1149886,0.0903944,0.2302702,0.1253978,-0.2191496,0.5670487,0.558705,0.01139939,1.562943
Zombie@Idle01,1.625556,0,0,0,0,0.8679307,1.364341,-0.2133856,0.1150655,0.08909223,0.2293288,0.1259785,-0.2199628,0.5674537,0.554735,0.0111326,1.566242
Zombie@Idle01,1.646667,0,0,0,0,0.868667,1.367726,-0.2120893,0.1151503,0.08766901,0.2284161,0.1265611,-0.2208104,0.5680464,0.550769,0.01081771,1.569529
Zombie@Idle01,1.667778,0,0,0,0,0.8693619,1.371094,-0.2109129,0.1152593,0.08643091,0.2275325,0.1271443,-0.2217035,0.5687284,0.5467487,0.01058471,1.572774
Zombie@Idle01,1.688889,0,0,0,0,0.8699705,1.374475,-0.2099854,0.1153773,0.08507202,0.2266735,0.1277026,-0.2226353,0.5697066,0.5428269,0.01030645,1.576
Zombie@Idle01,1.71,0,0,0,0,0.8705382,1.377825,-0.2091625,0.1155081,0.08371722,0.2258273,0.1282618,-0.2235869,0.5708048,0.5389214,0.01003084,1.579169
Zombie@Idle01,1.731111,0,0,0,0,0.8710593,1.381147,-0.2084638,0.1156506,0.08236554,0.2249965,0.1288163,-0.2245594,0.5720419,0.5350418,0.009758085,1.582281
Zombie@Idle01,1.752222,0,0,0,0,0.8714916,1.384429,-0.2080259,0.1158055,0.08103209,0.2241711,0.1293348,-0.2255513,0.573526,0.5313306,0.009493709,1.585321
Zombie@Idle01,1.773333,0,0,0,0,0.8718873,1.387663,-0.2076893,0.1159702,0.07971787,0.2233648,0.1298536,-0.2265575,0.5751014,0.5276495,0.009235382,1.588287
Zombie@Idle01,1.794445,0,0,0,0,0.8722169,1.390843,-0.2075525,0.1161451,0.07843154,0.2225716,0.1303514,-0.2275773,0.5768453,0.5240968,0.008986652,1.591168
Zombie@Idle01,1.815556,0,0,0,0,0.8724756,1.39395,-0.2076343,0.1163236,0.07719386,0.2218029,0.1308207,-0.2286021,0.5787533,0.5207229,0.008747727,1.593964
Zombie@Idle01,1.836667,0,0,0,0,0.8726987,1.396991,-0.2078249,0.1165063,0.07598645,0.2210655,0.1312885,-0.229635,0.5807358,0.5174006,0.008514017,1.596921
Zombie@Idle01,1.857778,0,0,0,0,0.8728432,1.399923,-0.2082624,0.1166813,0.0748471,0.2203793,0.1317199,-0.2306618,0.5828799,0.5143294,0.00828591,1.599726
Zombie@Idle01,1.878889,0,0,0,0,0.8729398,1.402767,-0.2088416,0.1168483,0.07376152,0.2197403,0.1321387,-0.2316858,0.5851053,0.5114052,0.008058429,1.602407
Zombie@Idle01,1.9,0,0,0,0,0.8730037,1.405537,-0.2095195,0.117012,0.07271451,0.2191401,0.1325555,-0.2327122,0.5873798,0.5085487,0.007833958,1.604977
Zombie@Idle01,1.921111,0,0,0,0,0.8729848,1.408204,-0.210424,0.1171451,0.07176742,0.218588,0.13293,-0.2337129,0.5897841,0.5060622,0.00760296,1.607397
Zombie@Idle01,1.942222,0,0,0,0,0.8729383,1.410803,-0.2113952,0.1172712,0.07085972,0.218072,0.1333009,-0.2347068,0.592203,0.5036592,0.007372797,1.609715
Zombie@Idle01,1.963333,0,0,0,0,0.8728497,1.413322,-0.2124682,0.1173844,0.07000589,0.2175968,0.1336555,-0.2356836,0.5946535,0.5014203,0.007142693,1.611913
Zombie@Idle01,1.984445,0,0,0,0,0.8726999,1.415738,-0.2136695,0.1174773,0.06922444,0.2171803,0.1339673,-0.2366165,0.5971294,0.4995106,0.006912231,1.613966
Zombie@Idle01,2.005556,0,0,0,0,0.872538,1.418095,-0.2148577,0.1175593,0.06815904,0.2167954,0.1342862,-0.2375081,0.5996118,0.4977168,0.006557822,1.615925
Zombie@Idle01,2.026667,0,0,0,0,0.8723121,1.420336,-0.2162003,0.1176268,0.06747659,0.21647,0.1345609,-0.2383869,0.6020555,0.4961725,0.006326884,1.617907
Zombie@Idle01,2.047778,0,0,0,0,0.872036,1.422462,-0.2177007,0.1176954,0.06717508,0.2161938,0.1348046,-0.2392626,0.6044322,0.494812,0.006239563,1.620261
Zombie@Idle01,2.068889,0,0,0,0,0.8717324,1.424515,-0.219122,0.1177136,0.06662562,0.215975,0.1350471,-0.2400872,0.6067888,0.4936541,0.005992651,1.622529
Zombie@Idle01,2.09,0,0,0,0,0.8713783,1.426435,-0.2206449,0.1177141,0.06614359,0.2158202,0.1352629,-0.2408669,0.6090793,0.4928446,0.005749851,1.624652
Zombie@Idle01,2.111111,0,0,0,0,0.8709958,1.428253,-0.2221935,0.1177013,0.06570384,0.2157192,0.1354682,-0.2416149,0.6112954,0.4921863,0.005503416,1.626654
Zombie@Idle01,2.132222,0,0,0,0,0.8705873,1.429974,-0.223765,0.1176772,0.06530215,0.215663,0.1356642,-0.2423331,0.6134405,0.4916421,0.005254984,1.628541
Zombie@Idle01,2.153333,0,0,0,0,0.8701242,1.43153,-0.225369,0.1176196,0.06495719,0.2157145,0.1358213,-0.2429812,0.6154701,0.4915031,0.004983962,1.630247
Zombie@Idle01,2.174445,0,0,0,0,0.8696415,1.432986,-0.2269755,0.1175552,0.06463997,0.2158114,0.1359739,-0.2436001,0.6174167,0.4914406,0.00471139,1.631832
Zombie@Idle01,2.195556,0,0,0,0,0.8691251,1.434311,-0.2285903,0.1174718,0.0643638,0.2159791,0.13611,-0.244175,0.6192652,0.4915959,0.004428089,1.633266
Zombie@Idle01,2.216667,0,0,0,0,0.8685662,1.435474,-0.2302074,0.1173584,0.06413831,0.2162428,0.1362285,-0.2447019,0.6209772,0.4920349,0.004122257,1.634517
Zombie@Idle01,2.237778,0,0,0,0,0.8679876,1.43653,-0.2318186,0.117238,0.06394298,0.2165499,0.136346,-0.2452012,0.6225958,0.4925444,0.003815442,1.63564
Zombie@Idle01,2.258889,0,0,0,0,0.8673666,1.437414,-0.2334244,0.1170871,0.06380269,0.2169543,0.1364478,-0.2456508,0.6240698,0.493337,0.003487945,1.636571
Zombie@Idle01,2.28,0,0,0,0,0.8667136,1.438148,-0.2350199,0.1169153,0.06371125,0.2174356,0.1365419,-0.2460586,0.6254089,0.4943071,0.003148228,1.63733
Zombie@Idle01,2.301111,0,0,0,0,0.86604,1.438768,-0.236603,0.1167366,0.06365361,0.2179583,0.1366357,-0.2464356,0.6266514,0.4953529,0.002808899,1.638293
Zombie@Idle01,2.322222,0,0,0,0,0.8653153,1.439167,-0.2381704,0.1165168,0.06367217,0.21861,0.1367128,-0.2467514,0.6277016,0.4967254,0.002442002,1.639067
Zombie@Idle01,2.343333,0,0,0,0,0.864567,1.439432,-0.2397203,0.1162874,0.06373302,0.2193145,0.1367899,-0.2470319,0.6286418,0.4981812,0.002073795,1.639673
Zombie@Idle01,2.364445,0,0,0,0,0.8637914,1.439552,-0.2412517,0.1160456,0.06383964,0.2200782,0.1368663,-0.247275,0.6294648,0.49976,0.00170204,1.6401
Zombie@Idle01,2.385556,0,0,0,0,0.8629656,1.439431,-0.2427575,0.1157637,0.06402735,0.2209699,0.1369312,-0.2474577,0.63016,0.5015849,0.001304328,1.640238
Zombie@Idle01,2.406667,0,0,0,0,0.862117,1.439174,-0.244241,0.1154757,0.0642567,0.2219039,0.1369985,-0.2476073,0.6308061,0.5034735,0.0009090602,1.640208
Zombie@Idle01,2.427778,0,0,0,0,0.8612287,1.43871,-0.2456981,0.1151632,0.06455281,0.2229276,0.1370625,-0.2477086,0.631395,0.5055224,0.0005018413,1.63993
Zombie@Idle01,2.448889,0,0,0,0,0.8602948,1.438007,-0.2471276,0.1148212,0.0649247,0.2240546,0.1371206,-0.2477572,0.6319375,0.5077163,7.843971E-05,1.639369
Zombie@Idle01,2.47,0,0,0,0,0.8593348,1.437145,-0.2485297,0.1144743,0.06534305,0.2252218,0.1371837,-0.2477721,0.6324375,0.5099846,-0.000341177,1.63862
Zombie@Idle01,2.491111,0,0,0,0,0.858316,1.435982,-0.2499009,0.114088,0.06585325,0.2265143,0.137238,-0.2477261,0.6328994,0.5124112,-0.0007838011,1.637524
Zombie@Idle01,2.512223,0,0,0,0,0.8572536,1.434609,-0.251248,0.1136865,0.06642076,0.2278766,0.1372941,-0.2476457,0.6333317,0.514926,-0.001230776,1.636357
Zombie@Idle01,2.533334,0,0,0,0,0.8561259,1.432988,-0.2525881,0.112873,0.06713647,0.2294865,0.1375163,-0.2479158,0.6342083,0.5177536,-0.002066314,1.635012
Zombie@Walk01,0,0,0,0,0,0.8517017,1.446826,-0.2179123,0.1289894,0.2776274,0.1459672,0.1250354,-0.2945416,0.3314069,0.518469,0.01917943,1.650504
Zombie@Walk01,0.01222222,0,0,0,0,0.8448331,1.439937,-0.2181772,0.1266429,0.2698696,0.1477987,0.1330085,-0.3069531,0.3270226,0.5182771,0.01987566,1.643593
Zombie@Walk01,0.02444444,0,0,0,0,0.8379409,1.433022,-0.2184154,0.1244796,0.2621243,0.1496603,0.141325,-0.3187428,0.3225161,0.5179756,0.02082307,1.636657
Zombie@Walk01,0.03666667,0,0,0,0,0.8316457,1.426691,-0.2186307,0.1222078,0.2543497,0.1529118,0.1517725,-0.3292077,0.3180921,0.5175414,0.0217676,1.630288
Zombie@Walk01,0.04888889,0,0,0,0,0.8269756,1.421942,-0.218852,0.1192881,0.2464597,0.1597073,0.167473,-0.3369055,0.314059,0.5169415,0.0225538,1.62546
Zombie@Walk01,0.06111111,0,0,0,0,0.8222773,1.417153,-0.2190742,0.1164688,0.2385717,0.1663371,0.1836141,-0.3434946,0.3098542,0.5162545,0.02164972,1.620584
Zombie@Walk01,0.07333334,0,0,0,0,0.8185051,1.413244,-0.2192505,0.1153982,0.2283255,0.1723023,0.1962673,-0.3510416,0.3063112,0.5154514,0.02101569,1.616544
Zombie@Walk01,0.08555556,0,0,0,0,0.8154956,1.410043,-0.2194035,0.1159528,0.2161912,0.1777246,0.2059242,-0.3597579,0.3033014,0.514477,0.02163719,1.613163
Zombie@Walk01,0.09777778,0,0,0,0,0.8124534,1.406777,-0.2195745,0.1168013,0.2041651,0.1830164,0.2157595,-0.3680682,0.3001403,0.5133455,0.02241144,1.609694
Zombie@Walk01,0.11,0,0,0,0,0.8107592,1.404773,-0.2196631,0.1171907,0.1921291,0.1890463,0.2336065,-0.3768865,0.2983266,0.5122086,0.02236208,1.607401
Zombie@Walk01,0.1222222,0,0,0,0,0.8093402,1.402977,-0.2197526,0.11766,0.180135,0.1949905,0.2534471,-0.3849076,0.2966819,0.5107671,0.02238533,1.605266
Zombie@Walk01,0.1344444,0,0,0,0,0.8080261,1.401227,-0.2198501,0.1182971,0.1682062,0.2008867,0.2739373,-0.3915007,0.2950634,0.5090411,0.02257687,1.603134
Zombie@Walk01,0.1466667,0,0,0,0,0.8080418,1.400715,-0.2198171,0.1184407,0.156261,0.2088691,0.2990589,-0.3932104,0.2951404,0.5075475,0.02224573,1.602139
Zombie@Walk01,0.1588889,0,0,0,0,0.8080339,1.400103,-0.2197939,0.1188078,0.1443369,0.2162628,0.3242972,-0.3934665,0.2950586,0.5055676,0.02214396,1.600996
Zombie@Walk01,0.1711111,0,0,0,0,0.8085039,1.399912,-0.2196475,0.1191712,0.1324565,0.2235946,0.3452461,-0.3908609,0.2954448,0.5029825,0.02204439,1.600217
Zombie@Walk01,0.1833333,0,0,0,0,0.8097842,1.400481,-0.2193011,0.1193145,0.1206137,0.2313909,0.3587447,-0.3850966,0.2967831,0.5001928,0.02173117,1.600141
Zombie@Walk01,0.1955556,0,0,0,0,0.8109403,1.400845,-0.2190339,0.1195724,0.1087384,0.2386999,0.3723311,-0.3790304,0.2979618,0.4986063,0.02154008,1.600141
Zombie@Walk01,0.2077778,0,0,0,0,0.812919,1.402053,-0.2184886,0.1196567,0.09690471,0.2461799,0.3846328,-0.369904,0.299828,0.4964471,0.02121127,1.601359
Zombie@Walk01,0.22,0,0,0,0,0.8153327,1.40368,-0.2177607,0.1197077,0.085067,0.2535391,0.3964157,-0.3590139,0.3020443,0.4938624,0.02087283,1.602956
Zombie@Walk01,0.2322222,0,0,0,0,0.8176891,1.405178,-0.2170053,0.1199391,0.07321265,0.2604091,0.4085228,-0.3479467,0.3041633,0.4910134,0.02072269,1.604381
Zombie@Walk01,0.2444444,0,0,0,0,0.821118,1.407929,-0.2158535,0.119845,0.06142714,0.266885,0.4183384,-0.3342759,0.307312,0.4881451,0.02032661,1.607049
Zombie@Walk01,0.2566667,0,0,0,0,0.8245803,1.41068,-0.2145936,0.1198595,0.0495918,0.2729028,0.4283634,-0.3203271,0.3104731,0.4851558,0.02005254,1.609692
Zombie@Walk01,0.2688889,0,0,0,0,0.8281654,1.41356,-0.213213,0.1199542,0.03773969,0.2784159,0.438183,-0.3058677,0.3137663,0.4820479,0.01988284,1.612449
Zombie@Walk01,0.2811111,0,0,0,0,0.8325638,1.417495,-0.2115091,0.1198245,0.02598163,0.283389,0.4456008,-0.2891949,0.3179805,0.4789037,0.01957315,1.616288
Zombie@Walk01,0.2933334,0,0,0,0,0.8368499,1.421271,-0.2096697,0.1198289,0.01413898,0.2879278,0.4536786,-0.2726081,0.3220961,0.4757039,0.01940094,1.619957
Zombie@Walk01,0.3055556,0,0,0,0,0.8414409,1.425487,-0.2076659,0.1198258,0.002339512,0.2919764,0.4603635,-0.2548753,0.3265886,0.4724644,0.01926957,1.624087
Zombie@Walk01,0.3177778,0,0,0,0,0.8463815,1.430226,-0.2054285,0.119751,-0.009409491,0.2955942,0.4654275,-0.2357166,0.331733,0.4692031,0.01912092,1.628778
Zombie@Walk01,0.33,0,0,0,0,0.8511727,1.434777,-0.2029838,0.1197862,-0.02124398,0.2988211,0.4713701,-0.2166698,0.3367832,0.4659292,0.0190791,1.633276
Zombie@Walk01,0.3422222,0,0,0,0,0.8563806,1.439969,-0.20042,0.1198878,-0.03236075,0.3007423,0.4773017,-0.1998019,0.3430855,0.4632428,0.01909666,1.638469
Zombie@Walk01,0.3544444,0,0,0,0,0.8614912,1.445124,-0.1976712,0.1199333,-0.04407527,0.3035226,0.4797516,-0.178559,0.3489678,0.4599329,0.01908399,1.643641
Zombie@Walk01,0.3666667,0,0,0,0,0.8662312,1.449868,-0.1946478,0.1198889,-0.05641647,0.3069556,0.4808582,-0.1533477,0.3541866,0.4560372,0.01897803,1.648401
Zombie@Walk01,0.3788889,0,0,0,0,0.8712017,1.455133,-0.1916969,0.1199115,-0.06797188,0.3094842,0.4799111,-0.1306341,0.3608034,0.4528771,0.01903269,1.653746
Zombie@Walk01,0.3911111,0,0,0,0,0.875976,1.460157,-0.1884164,0.1200323,-0.07956452,0.3117726,0.4801823,-0.107445,0.3673068,0.4496334,0.01917908,1.658845
Zombie@Walk01,0.4033333,0,0,0,0,0.8805329,1.465005,-0.1848876,0.1202807,-0.09153642,0.3137476,0.4799727,-0.08422125,0.3739583,0.4465103,0.0193125,1.66378
Zombie@Walk01,0.4155556,0,0,0,0,0.8848028,1.469749,-0.1815284,0.1203789,-0.1027731,0.3154531,0.4763353,-0.06129788,0.3809931,0.4435965,0.01950219,1.668655
Zombie@Walk01,0.4277778,0,0,0,0,0.8889096,1.474276,-0.1778069,0.1206186,-0.1140274,0.3169782,0.4738974,-0.03735725,0.387862,0.4405125,0.01954951,1.673299
Zombie@Walk01,0.44,0,0,0,0,0.8925792,1.478465,-0.1741036,0.1208413,-0.1252241,0.3178784,0.4691584,-0.01479033,0.3947992,0.4377638,0.01959826,1.677612
Zombie@Walk01,0.4522222,0,0,0,0,0.8958706,1.482342,-0.1703232,0.1210899,-0.136414,0.3183092,0.462508,0.007182875,0.4020786,0.4351861,0.0196842,1.681607
Zombie@Walk01,0.4644445,0,0,0,0,0.8990405,1.486035,-0.1661683,0.1215396,-0.1476324,0.318564,0.4569851,0.03056601,0.4090965,0.4323705,0.01995071,1.685394
Zombie@Walk01,0.4766667,0,0,0,0,0.9014509,1.489082,-0.1623452,0.1218249,-0.1586362,0.3179177,0.4474357,0.05096819,0.4163156,0.4301465,0.02011798,1.68852
Zombie@Walk01,0.4888889,0,0,0,0,0.9036177,1.491853,-0.1583083,0.1222441,-0.1696249,0.3169262,0.4377459,0.0719106,0.4233162,0.4278876,0.02041901,1.69134
Zombie@Walk01,0.5011111,0,0,0,0,0.9056044,1.494386,-0.1539912,0.1228456,-0.1806191,0.3156827,0.4283813,0.09384573,0.4300188,0.4254701,0.02089192,1.693889
Zombie@Walk01,0.5133333,0,0,0,0,0.9066921,1.496076,-0.1501964,0.1232392,-0.1914443,0.3134916,0.4121147,0.1125152,0.436827,0.4237149,0.02121788,1.695555
Zombie@Walk01,0.5255556,0,0,0,0,0.9076895,1.497602,-0.1460481,0.1238549,-0.2022852,0.3110192,0.3969747,0.1325715,0.4432467,0.4217337,0.02175037,1.697264
Zombie@Walk01,0.5377778,0,0,0,0,0.9082791,1.498672,-0.141934,0.1245372,-0.2131228,0.3080735,0.3791042,0.1526055,0.4493769,0.4198313,0.02235902,1.698901
Zombie@Walk01,0.55,0,0,0,0,0.9082246,1.499073,-0.1381428,0.125153,-0.2239289,0.3042158,0.3556217,0.1713689,0.4553255,0.4182781,0.02293006,1.699824
Zombie@Walk01,0.5622222,0,0,0,0,0.9080698,1.499306,-0.1340205,0.1259656,-0.2346926,0.2999337,0.3335827,0.1911075,0.4608816,0.4165602,0.02368687,1.700539
Zombie@Walk01,0.5744445,0,0,0,0,0.9071326,1.498702,-0.1303654,0.126901,-0.2455122,0.2952651,0.3076547,0.210515,0.4661067,0.4150959,0.02447359,1.70035
Zombie@Walk01,0.5866667,0,0,0,0,0.9056973,1.497552,-0.1268522,0.1279431,-0.2562901,0.2897915,0.2802882,0.2296755,0.4710159,0.4137636,0.02531214,1.699566
Zombie@Walk01,0.5988889,0,0,0,0,0.9041457,1.496231,-0.1230457,0.1291195,-0.2669453,0.2836407,0.2546955,0.2491282,0.4755675,0.4123348,0.02620675,1.698577
Zombie@Walk01,0.6111111,0,0,0,0,0.9012387,1.4935,-0.1205638,0.1315414,-0.2772294,0.2788272,0.230019,0.2670485,0.4797694,0.4113784,0.02713487,1.696098
Zombie@Walk01,0.6233333,0,0,0,0,0.8981086,1.49051,-0.1180381,0.1341543,-0.2873067,0.2730746,0.2067522,0.2848041,0.483624,0.4103973,0.02813943,1.693331
Zombie@Walk01,0.6355556,0,0,0,0,0.8946213,1.487125,-0.1156554,0.1371795,-0.2970539,0.2670632,0.1866769,0.301536,0.4871398,0.4094655,0.02919079,1.690136
Zombie@Walk01,0.6477778,0,0,0,0,0.8899243,1.482493,-0.1146688,0.1418564,-0.30594,0.264044,0.174907,0.3140455,0.4903798,0.4090312,0.03030976,1.685635
Zombie@Walk01,0.66,0,0,0,0,0.8851903,1.477806,-0.1136359,0.1466744,-0.3145567,0.260263,0.1635803,0.3266686,0.4932651,0.4084885,0.03161265,1.681067
Zombie@Walk01,0.6722223,0,0,0,0,0.8799328,1.472573,-0.1133893,0.1527526,-0.3220847,0.2572346,0.154631,0.3373685,0.4957701,0.4081443,0.03279787,1.67592
Zombie@Walk01,0.6844445,0,0,0,0,0.8740646,1.466715,-0.1141676,0.1604037,-0.3282114,0.2556171,0.1482075,0.3457638,0.4979774,0.4080769,0.03401262,1.670119
Zombie@Walk01,0.6966667,0,0,0,0,0.868174,1.460828,-0.1150028,0.1682983,-0.3338479,0.2536921,0.1419112,0.3542602,0.4999404,0.4079214,0.03568928,1.664285
Zombie@Walk01,0.7088889,0,0,0,0,0.8619977,1.454645,-0.1172467,0.1778906,-0.3363189,0.253015,0.1386717,0.3606436,0.5014018,0.4080455,0.03621592,1.658124
Zombie@Walk01,0.7211111,0,0,0,0,0.8556892,1.448327,-0.1200468,0.1883827,-0.3371113,0.252896,0.1366042,0.3662113,0.502666,0.4082496,0.03598452,1.651817
Zombie@Walk01,0.7333333,0,0,0,0,0.8493469,1.441975,-0.1228838,0.1992178,-0.3371887,0.2527936,0.1346045,0.371775,0.5038502,0.4084011,0.03365737,1.645476
Zombie@Walk01,0.7455556,0,0,0,0,0.8434775,1.436082,-0.1256755,0.2086266,-0.3371902,0.2516079,0.1300124,0.3656033,0.5044525,0.4089021,0.03041142,1.639553
Zombie@Walk01,0.7577778,0,0,0,0,0.8375846,1.430162,-0.1284405,0.21825,-0.3366252,0.2504552,0.1255188,0.3594149,0.5050235,0.4093615,0.02743509,1.633602
Zombie@Walk01,0.77,0,0,0,0,0.8319954,1.424536,-0.1311134,0.2271519,-0.3357196,0.2494048,0.1208401,0.3530688,0.5054843,0.4098918,0.0236128,1.627929
Zombie@Walk01,0.7822222,0,0,0,0,0.8272595,1.419735,-0.1335668,0.2337378,-0.3350247,0.2485391,0.1154793,0.3463336,0.5056499,0.4106728,0.01875526,1.623038
Zombie@Walk01,0.7944444,0,0,0,0,0.8225096,1.414904,-0.1359379,0.2404095,-0.3340235,0.2476497,0.1101808,0.3395926,0.505695,0.4113955,0.01412895,1.618108
Zombie@Walk01,0.8066667,0,0,0,0,0.8186198,1.410898,-0.1381975,0.2460438,-0.3333445,0.2474104,0.1077681,0.3299344,0.5056162,0.41233,0.01207656,1.613957
Zombie@Walk01,0.8188889,0,0,0,0,0.8154395,1.407553,-0.1403401,0.2507873,-0.3329926,0.2476443,0.1079963,0.3178669,0.5053177,0.4133965,0.01230755,1.610416
Zombie@Walk01,0.8311111,0,0,0,0,0.812239,1.404152,-0.1423875,0.2555558,-0.3324794,0.2477748,0.1085778,0.3058295,0.5047742,0.4143594,0.01289654,1.606797
Zombie@Walk01,0.8433334,0,0,0,0,0.8104723,1.402115,-0.145306,0.2643502,-0.3327459,0.2480876,0.1085368,0.2935825,0.5041755,0.4157315,0.01288131,1.604457
Zombie@Walk01,0.8555556,0,0,0,0,0.8090137,1.400321,-0.1482873,0.2740777,-0.3329321,0.248435,0.1085765,0.2813222,0.503316,0.4170637,0.01295283,1.602309
Zombie@Walk01,0.8677778,0,0,0,0,0.807681,1.398593,-0.1512116,0.283358,-0.3328715,0.2487549,0.1088239,0.2690869,0.5021818,0.4183049,0.01323666,1.600184
Zombie@Walk01,0.88,0,0,0,0,0.8077299,1.398177,-0.1550296,0.2878224,-0.3331701,0.2490053,0.108499,0.2566668,0.5010809,0.4200667,0.01297054,1.599273
Zombie@Walk01,0.8922222,0,0,0,0,0.8077663,1.39767,-0.158769,0.2923321,-0.3333873,0.2492861,0.1084471,0.2443026,0.4996946,0.4216588,0.01297872,1.598224
Zombie@Walk01,0.9044445,0,0,0,0,0.8082533,1.397563,-0.1630203,0.2970442,-0.3326499,0.2494367,0.1083617,0.2319372,0.4981432,0.4233377,0.01295923,1.597522
Zombie@Walk01,0.9166667,0,0,0,0,0.8095338,1.398216,-0.1682043,0.3021142,-0.3303082,0.249328,0.1080016,0.2195094,0.4965386,0.4253016,0.01267351,1.597692
Zombie@Walk01,0.9288889,0,0,0,0,0.810796,1.398768,-0.1732717,0.3072751,-0.327892,0.2492365,0.1078946,0.207125,0.4946908,0.4271069,0.01264161,1.598281
Zombie@Walk01,0.9411111,0,0,0,0,0.8128296,1.400129,-0.1789704,0.3147094,-0.3234607,0.2488414,0.1075669,0.1947395,0.49277,0.4291784,0.0123917,1.599632
Zombie@Walk01,0.9533334,0,0,0,0,0.8152856,1.401905,-0.1848801,0.3235406,-0.3178364,0.2482432,0.1072,0.1823397,0.4907455,0.4313546,0.01210454,1.601358
Zombie@Walk01,0.9655555,0,0,0,0,0.8177113,1.403576,-0.1905441,0.3325247,-0.3121274,0.2476184,0.1070583,0.1699511,0.4885347,0.433401,0.01204337,1.602939
Zombie@Walk01,0.9777778,0,0,0,0,0.8211479,1.406459,-0.1961283,0.3433231,-0.304416,0.2465294,0.1065634,0.1576466,0.4863041,0.4358707,0.01162255,1.60572
Zombie@Walk01,0.99,0,0,0,0,0.8246482,1.409373,-0.2014197,0.3544813,-0.2964576,0.2453166,0.1062122,0.1453101,0.4839629,0.4382985,0.01134646,1.608509
Zombie@Walk01,1.002222,0,0,0,0,0.8282906,1.412437,-0.2062947,0.3659385,-0.2881778,0.2439682,0.1059751,0.132991,0.4815171,0.440604,0.01118293,1.611432
Zombie@Walk01,1.014444,0,0,0,0,0.8326686,1.416492,-0.2104408,0.3780645,-0.2786748,0.2422278,0.1054891,0.1208361,0.4790324,0.4432671,0.01075894,1.615372
Zombie@Walk01,1.026667,0,0,0,0,0.8369825,1.420435,-0.214277,0.3903803,-0.2691875,0.2403397,0.105176,0.1085846,0.4764695,0.4461222,0.01051097,1.619189
Zombie@Walk01,1.038889,0,0,0,0,0.8415567,1.424775,-0.2173819,0.4022473,-0.2594082,0.2382405,0.104846,0.09645617,0.4738324,0.4490413,0.01023908,1.623425
Zombie@Walk01,1.051111,0,0,0,0,0.846448,1.429611,-0.2197337,0.4135416,-0.2493133,0.2358836,0.1044515,0.08446661,0.4711393,0.4520509,0.009894386,1.628191
Zombie@Walk01,1.063333,0,0,0,0,0.8512878,1.434356,-0.2218352,0.4250375,-0.2392881,0.2333555,0.104249,0.07236283,0.4684091,0.455013,0.009746257,1.632863
Zombie@Walk01,1.075556,0,0,0,0,0.8563346,1.439531,-0.2227653,0.4349668,-0.2306238,0.2305974,0.1039559,0.06079188,0.465801,0.4583371,0.009494592,1.638016
Zombie@Walk01,1.087778,0,0,0,0,0.8613905,1.444774,-0.2237187,0.4431572,-0.2209573,0.2276619,0.1037205,0.04910726,0.4629844,0.4615401,0.00929819,1.643269
Zombie@Walk01,1.1,0,0,0,0,0.8663076,1.449838,-0.2253577,0.4496607,-0.2088522,0.2245802,0.1036082,0.0369346,0.4597657,0.4643315,0.00922953,1.648342
Zombie@Walk01,1.112222,0,0,0,0,0.8711444,1.455102,-0.2260206,0.4513844,-0.1981081,0.2213646,0.1033224,0.02559883,0.45669,0.4674929,0.008968435,1.653678
Zombie@Walk01,1.124444,0,0,0,0,0.8759205,1.460261,-0.2266851,0.4533406,-0.1872325,0.2179469,0.103247,0.01416636,0.453574,0.4706244,0.00892033,1.658905
Zombie@Walk01,1.136667,0,0,0,0,0.8805301,1.465293,-0.2273153,0.4534048,-0.17583,0.2143678,0.1032925,0.002473027,0.4504258,0.4737632,0.009005347,1.664015
Zombie@Walk01,1.148889,0,0,0,0,0.8847928,1.470149,-0.227906,0.4480878,-0.1629077,0.2106621,0.1033217,-0.009752654,0.447243,0.4769617,0.0091008,1.668982
Zombie@Walk01,1.161111,0,0,0,0,0.8889813,1.474882,-0.2285528,0.4431078,-0.149366,0.2067171,0.1036054,-0.02204358,0.443999,0.4801123,0.009451035,1.673812
Zombie@Walk01,1.173333,0,0,0,0,0.8926298,1.479166,-0.2292163,0.4343184,-0.1347788,0.2032834,0.1034799,-0.02996783,0.440305,0.4828641,0.009229902,1.678202
Zombie@Walk01,1.185556,0,0,0,0,0.8959711,1.483204,-0.2298824,0.4227221,-0.1181374,0.1995362,0.103645,-0.04059709,0.4367543,0.4857933,0.009413585,1.682344
Zombie@Walk01,1.197778,0,0,0,0,0.8992344,1.487105,-0.2305844,0.4117573,-0.1002308,0.1955441,0.104008,-0.051272,0.4331098,0.4886246,0.009796508,1.686326
Zombie@Walk01,1.21,0,0,0,0,0.9017335,1.490344,-0.2311275,0.3964215,-0.08082026,0.1919297,0.1042814,-0.06173085,0.4293912,0.4914247,0.01009651,1.689636
Zombie@Walk01,1.222222,0,0,0,0,0.9039999,1.493321,-0.2316117,0.3808867,-0.05962881,0.1881825,0.1046804,-0.0721931,0.4255583,0.494088,0.01045628,1.692655
Zombie@Walk01,1.234444,0,0,0,0,0.9060987,1.496075,-0.2320246,0.3658226,-0.03690222,0.184251,0.1052404,-0.08269535,0.4216131,0.4966098,0.01057537,1.69542
Zombie@Walk01,1.246667,0,0,0,0,0.9072782,1.497955,-0.2319224,0.3458923,-0.01406754,0.1809019,0.105682,-0.09312657,0.417618,0.4991196,0.01058888,1.697276
Zombie@Walk01,1.258889,0,0,0,0,0.908376,1.499684,-0.2317282,0.3273658,0.01073942,0.1772859,0.1063131,-0.1036278,0.4134861,0.501411,0.01067764,1.69937
Zombie@Walk01,1.271111,0,0,0,0,0.909028,1.500918,-0.2313319,0.3124325,0.03554588,0.1737685,0.1069941,-0.1142097,0.4092405,0.503405,0.01078021,1.701174
Zombie@Walk01,1.283333,0,0,0,0,0.9089808,1.501422,-0.2306506,0.3022541,0.05827028,0.170642,0.1076284,-0.1248503,0.4049352,0.5050678,0.01083912,1.702208
Zombie@Walk01,1.295556,0,0,0,0,0.9088239,1.501751,-0.2299724,0.293078,0.08181248,0.1672616,0.1084222,-0.1355135,0.4005304,0.5072711,0.01101438,1.703027
Zombie@Walk01,1.307778,0,0,0,0,0.9079103,1.501263,-0.2289542,0.2800776,0.1034566,0.1643412,0.1092366,-0.1464531,0.3960278,0.5092702,0.01117867,1.702965
Zombie@Walk01,1.32,0,0,0,0,0.9065512,1.500278,-0.227587,0.265321,0.1243628,0.1616757,0.1101466,-0.1575112,0.391448,0.5108878,0.01141669,1.702357
Zombie@Walk01,1.332222,0,0,0,0,0.9051291,1.499178,-0.226048,0.2516327,0.1460096,0.1588991,0.1112403,-0.168518,0.3868037,0.5122677,0.01181317,1.7016
Zombie@Walk01,1.344445,0,0,0,0,0.9025789,1.496881,-0.2246785,0.2352723,0.1637151,0.1568686,0.1123411,-0.1801556,0.3820423,0.5136286,0.0121103,1.699568
Zombie@Walk01,1.356667,0,0,0,0,0.8998635,1.494381,-0.2229276,0.2193972,0.1814292,0.1549657,0.1135714,-0.1916943,0.3772341,0.5147766,0.01256987,1.697303
Zombie@Walk01,1.368889,0,0,0,0,0.8968729,1.491565,-0.221029,0.2043672,0.1987074,0.1531868,0.1149007,-0.2031952,0.3723675,0.5157248,0.01314551,1.694689
Zombie@Walk01,1.381111,0,0,0,0,0.8928581,1.487673,-0.2199114,0.1898848,0.2124677,0.1518425,0.1161889,-0.2150991,0.3673816,0.5166245,0.01363959,1.690939
Zombie@Walk01,1.393333,0,0,0,0,0.8887947,1.483714,-0.2183121,0.1759672,0.2264728,0.1506783,0.11759,-0.2267438,0.3623691,0.5173151,0.01434086,1.687108
Zombie@Walk01,1.405556,0,0,0,0,0.8840746,1.479067,-0.2171203,0.164003,0.2387027,0.149641,0.1189175,-0.2383314,0.357283,0.5178467,0.01504387,1.682557
Zombie@Walk01,1.417778,0,0,0,0,0.8785906,1.473632,-0.2167014,0.1540204,0.2486872,0.148725,0.1201676,-0.2499225,0.3521027,0.5182643,0.01572785,1.677186
Zombie@Walk01,1.43,0,0,0,0,0.8730765,1.468159,-0.2160368,0.1442725,0.2587892,0.1479984,0.1215518,-0.2612732,0.3468845,0.5185187,0.01661815,1.671773
Zombie@Walk01,1.442222,0,0,0,0,0.8662832,1.461385,-0.2163792,0.1382456,0.265857,0.1472609,0.1226419,-0.2725518,0.3417638,0.5186548,0.01735787,1.665028
Zombie@Walk01,1.454445,0,0,0,0,0.8590013,1.454115,-0.2171507,0.1335951,0.271749,0.1465629,0.1237496,-0.2836637,0.3366231,0.5186417,0.01817048,1.657776
Zombie@Walk01,1.466667,0,0,0,0,0.8517017,1.446826,-0.2179123,0.1289894,0.2776274,0.1459672,0.1250354,-0.2945416,0.3314069,0.518469,0.01917943,1.650504
Zombie@Attack01,0,0,0,0,0,0.8561259,1.432988,-0.2525881,0.112873,0.06713647,0.2294865,0.1375163,-0.2479158,0.6342083,0.5177536,-0.002066314,1.635012
Zombie@Attack01,0.01111111,0,0,0,0,0.8561553,1.43207,-0.2522132,0.1137767,0.06829342,0.2294211,0.135492,-0.2458784,0.6297993,0.4997828,-0.0009329617,1.6341
Zombie@Attack01,0.02222222,0,0,0,0,0.856142,1.431091,-0.2518311,0.1147196,0.06949176,0.2293598,0.1334836,-0.2436453,0.6248485,0.480303,0.0002370775,1.633128
Zombie@Attack01,0.03333334,0,0,0,0,0.8560849,1.430049,-0.2514381,0.1157005,0.07072736,0.2293084,0.131491,-0.2412203,0.6194072,0.4594037,0.001441419,1.632093
Zombie@Attack01,0.04444445,0,0,0,0,0.856725,1.428323,-0.249648,0.1173029,0.07418767,0.2290933,0.1262585,-0.2361148,0.6071059,0.4072909,0.003870904,1.63043
Zombie@Attack01,0.05555556,0,0,0,0,0.8569955,1.426167,-0.2476394,0.118977,0.07796722,0.2292918,0.1210672,-0.2298016,0.5928025,0.3519894,0.006404132,1.628518
Zombie@Attack01,0.06666667,0,0,0,0,0.8569974,1.423669,-0.2455982,0.1209116,0.08190324,0.2298284,0.1159882,-0.2223493,0.5770434,0.2943196,0.009213984,1.626252
Zombie@Attack01,0.07777778,0,0,0,0,0.8585485,1.423592,-0.2419172,0.1210908,0.08745196,0.2309126,0.1114105,-0.2158155,0.5578021,0.2148108,0.01091886,1.626459
Zombie@Attack01,0.08888889,0,0,0,0,0.8595947,1.423,-0.2379094,0.1213481,0.0933015,0.2330084,0.106649,-0.2083709,0.5370476,0.1344718,0.01162094,1.626131
Zombie@Attack01,0.1,0,0,0,0,0.860236,1.422006,-0.2335792,0.1218121,0.0992958,0.2361549,0.1018224,-0.2002051,0.5148523,0.05883536,0.006435394,1.62538
Zombie@Attack01,0.1111111,0,0,0,0,0.8640724,1.426942,-0.2282827,0.1208805,0.1038383,0.239602,0.09958884,-0.1960635,0.4949541,-0.003839529,0.00404492,1.63057
Zombie@Attack01,0.1222222,0,0,0,0,0.867689,1.431617,-0.2231654,0.1203537,0.1090719,0.243233,0.09731558,-0.1913517,0.4736025,-0.07824049,0.001610756,1.635475
Zombie@Attack01,0.1333333,0,0,0,0,0.8710496,1.435991,-0.2181904,0.1202262,0.1149629,0.2470985,0.09497884,-0.1861075,0.4507609,-0.1601107,-0.0008909106,1.640047
Zombie@Attack01,0.1444445,0,0,0,0,0.876501,1.445829,-0.2134383,0.1190552,0.1174646,0.2495556,0.09461716,-0.1860189,0.4383323,-0.2102344,-0.001271129,1.650057
Zombie@Attack01,0.1555556,0,0,0,0,0.8818583,1.454996,-0.2092481,0.1184398,0.1203678,0.2515579,0.09416774,-0.1853845,0.4244677,-0.2596585,-0.001738772,1.659298
Zombie@Attack01,0.1666667,0,0,0,0,0.8872743,1.463617,-0.2055061,0.118549,0.1237316,0.2532379,0.09380254,-0.1841383,0.4093806,-0.3107879,-0.00212203,1.667883
Zombie@Attack01,0.1777778,0,0,0,0,0.8896819,1.469358,-0.203878,0.1181956,0.1247187,0.2532551,0.09463653,-0.1872063,0.4133866,-0.328238,-0.001212358,1.673346
Zombie@Attack01,0.1888889,0,0,0,0,0.8921838,1.474494,-0.2024762,0.1181035,0.1257059,0.2532127,0.09551039,-0.1899398,0.4144981,-0.3458267,-0.0002652556,1.678001
Zombie@Attack01,0.2,0,0,0,0,0.894714,1.478956,-0.2012848,0.1182043,0.126666,0.2532122,0.09635189,-0.1922574,0.4131233,-0.3636139,0.0006447285,1.681773
Zombie@Attack01,0.2111111,0,0,0,0,0.8873373,1.473795,-0.2075236,0.1299298,0.1490412,0.2442221,0.0996339,-0.1979811,0.4348265,-0.3578404,0.004336163,1.675774
Zombie@Attack01,0.2222222,0,0,0,0,0.8796577,1.467893,-0.2134116,0.1442614,0.1718641,0.2357308,0.1060464,-0.2028106,0.4563977,-0.3522171,0.01120362,1.668861
Zombie@Attack01,0.2333333,0,0,0,0,0.8718365,1.461379,-0.2190111,0.1612516,0.1952132,0.2279446,0.1156805,-0.2063237,0.477919,-0.3425889,0.02133611,1.661168
Zombie@Attack01,0.2444444,0,0,0,0,0.8544307,1.442824,-0.2295645,0.1709988,0.2351506,0.1972177,0.1094012,-0.2027958,0.5143204,-0.3079616,0.010943,1.641784
Zombie@Attack01,0.2555556,0,0,0,0,0.8350573,1.421792,-0.2400573,0.185206,0.2759314,0.1722865,0.1163565,-0.2002832,0.5497441,-0.2558433,0.01355809,1.619925
Zombie@Attack01,0.2666667,0,0,0,0,0.8140863,1.398624,-0.2514073,0.204139,0.3178184,0.1539895,0.1361755,-0.1952067,0.5842466,-0.1883821,0.02960549,1.613488
Zombie@Attack01,0.2777778,0,0,0,0,0.7972507,1.372245,-0.269494,0.1983065,0.3440722,0.1368179,0.1346397,-0.1924573,0.6135172,-0.08364462,0.02251729,1.574687
Zombie@Attack01,0.2888889,0,0,0,0,0.7800896,1.341922,-0.2865048,0.1933098,0.3679613,0.1260099,0.139332,-0.1896972,0.6423347,0.03746367,0.02194944,1.563904
Zombie@Attack01,0.3,0,0,0,0,0.7626354,1.307779,-0.3023474,0.1892568,0.389831,0.1205429,0.1503147,-0.1859345,0.6716719,0.1726227,0.02765927,1.572707
Zombie@Attack01,0.3111111,0,0,0,0,0.746123,1.275834,-0.3241634,0.1733925,0.4026247,0.1175481,0.1539753,-0.1872623,0.6542487,0.5892611,0.02398311,1.504481
Zombie@Attack01,0.3222222,0,0,0,0,0.7312145,1.239178,-0.3398933,0.1612466,0.4128644,0.1292808,0.1661962,-0.1862294,0.6355174,1.02591,0.02866647,1.437721
Zombie@Attack01,0.3333333,0,0,0,0,0.7170342,1.196896,-0.3499726,0.1512461,0.4255436,0.1539807,0.1868944,-0.1764202,0.6226065,1.233878,0.04175436,1.395525
Zombie@Attack01,0.3444445,0,0,0,0,0.7092642,1.185511,-0.356938,0.1457247,0.4277039,0.1550353,0.1902917,-0.175182,0.5698291,1.236685,0.04082259,1.385337
Zombie@Attack01,0.3555556,0,0,0,0,0.7020458,1.172559,-0.3641924,0.1411669,0.4296968,0.1624792,0.1937752,-0.1693125,0.5167919,1.208508,0.04074975,1.373145
Zombie@Attack01,0.3666667,0,0,0,0,0.6952786,1.157987,-0.3719404,0.137365,0.4313303,0.1755691,0.1969096,-0.1584562,0.4640211,1.153249,0.04120047,1.358967
Zombie@Attack01,0.3777778,0,0,0,0,0.6963527,1.168772,-0.3749896,0.1384297,0.4232255,0.1774626,0.1913318,-0.1679416,0.4099609,1.070304,0.04104153,1.369484
Zombie@Attack01,0.3888889,0,0,0,0,0.6971398,1.177028,-0.3780155,0.1397088,0.4147335,0.1770189,0.1854248,-0.1774294,0.3577664,0.982208,0.04002422,1.376979
Zombie@Attack01,0.4,0,0,0,0,0.6980386,1.183149,-0.3812377,0.1415945,0.4059928,0.173829,0.1796644,-0.1868732,0.3081515,0.8849415,0.03890443,1.382555
Zombie@Attack01,0.4111111,0,0,0,0,0.6986776,1.18667,-0.3841502,0.1403956,0.4018308,0.1734987,0.1672157,-0.1947715,0.2630193,0.8194963,0.03564495,1.386176
Zombie@Attack01,0.4222222,0,0,0,0,0.6996691,1.188373,-0.3872839,0.1401176,0.3960756,0.1716793,0.1564561,-0.2032738,0.2227946,0.7528352,0.03294915,1.387681
Zombie@Attack01,0.4333333,0,0,0,0,0.7009429,1.18822,-0.3907188,0.1406905,0.3885248,0.1680513,0.1473672,-0.2127949,0.1879046,0.6908994,0.03072208,1.387042
Zombie@Attack01,0.4444444,0,0,0,0,0.7025764,1.185691,-0.3947406,0.1387533,0.3877807,0.1710601,0.1443809,-0.2118521,0.1513266,0.6769813,0.02802861,1.384178
Zombie@Attack01,0.4555556,0,0,0,0,0.7040945,1.182796,-0.3986771,0.1371487,0.3869922,0.1737356,0.1419984,-0.2107543,0.1162391,0.6629027,0.02570564,1.380883
Zombie@Attack01,0.4666667,0,0,0,0,0.7054968,1.179538,-0.4025413,0.1358826,0.3861327,0.1760711,0.1402339,-0.2095466,0.08295383,0.6486962,0.02375209,1.37716
Zombie@Attack01,0.4777778,0,0,0,0,0.7074513,1.177444,-0.4066828,0.1332091,0.3864896,0.1786234,0.1379233,-0.208722,0.05810606,0.6375745,0.02095717,1.374735
Zombie@Attack01,0.4888889,0,0,0,0,0.7093202,1.175156,-0.4106193,0.1308891,0.3870553,0.1806833,0.1360986,-0.2078208,0.03361671,0.6263708,0.01853269,1.372089
Zombie@Attack01,0.5,0,0,0,0,0.7111025,1.172673,-0.4143518,0.1289317,0.3878162,0.1822542,0.1347527,-0.2068663,0.009549966,0.6150858,0.01649123,1.369224
Zombie@Attack01,0.5111111,0,0,0,0,0.7133022,1.171687,-0.4174471,0.1263701,0.3885194,0.1842798,0.1328069,-0.2059409,-0.008264701,0.6073035,0.01402009,1.368037
Zombie@Attack01,0.5222222,0,0,0,0,0.7154355,1.170589,-0.4203556,0.1241315,0.3894272,0.1859258,0.1311911,-0.2049861,-0.025807,0.5994507,0.0118736,1.366732
Zombie@Attack01,0.5333334,0,0,0,0,0.7175021,1.169379,-0.4230728,0.1222217,0.3905289,0.1871954,0.1298993,-0.2040137,-0.04304711,0.591526,0.01005805,1.365308
Zombie@Attack01,0.5444444,0,0,0,0,0.7197099,1.170107,-0.4251334,0.1201251,0.391522,0.1885377,0.128484,-0.2031445,-0.05828713,0.5871202,0.008230746,1.366079
Zombie@Attack01,0.5555556,0,0,0,0,0.721869,1.170776,-0.4270619,0.118272,0.3926672,0.1896263,0.127243,-0.202247,-0.07330833,0.582633,0.006645381,1.36684
Zombie@Attack01,0.5666667,0,0,0,0,0.7239788,1.171384,-0.4288555,0.1166648,0.3939551,0.1904633,0.1261744,-0.201326,-0.08807163,0.5780631,0.005303681,1.367601
Zombie@Attack01,0.5777778,0,0,0,0,0.7260186,1.173985,-0.4301124,0.1152389,0.3951732,0.1910538,0.1252715,-0.2006181,-0.09973401,0.576263,0.004293263,1.370269
Zombie@Attack01,0.5888889,0,0,0,0,0.728027,1.176547,-0.4312983,0.1139745,0.3964841,0.1914922,0.124436,-0.199868,-0.1112165,0.5743499,0.003446758,1.372894
Zombie@Attack01,0.6,0,0,0,0,0.7299857,1.179053,-0.4323394,0.1128544,0.3978898,0.1918537,0.1236516,-0.1990722,-0.1226689,0.5723283,0.002747357,1.375458
Zombie@Attack01,0.6111111,0,0,0,0,0.7319428,1.182994,-0.4330539,0.1118706,0.3992744,0.1926083,0.1241188,-0.197949,-0.1301076,0.5719832,0.002256989,1.37936
Zombie@Attack01,0.6222222,0,0,0,0,0.7338741,1.186893,-0.433734,0.1110174,0.400727,0.1932107,0.1246372,-0.1967945,-0.1375176,0.5715212,0.001905262,1.38327
Zombie@Attack01,0.6333333,0,0,0,0,0.7357796,1.190748,-0.4343806,0.1102972,0.4022457,0.1936642,0.1252063,-0.1956087,-0.1448951,0.5709408,0.00169456,1.387186
Zombie@Attack01,0.6444445,0,0,0,0,0.7378326,1.195509,-0.4347298,0.1096289,0.4037547,0.1951675,0.1275025,-0.1939231,-0.1483531,0.5709803,0.001533806,1.392033
Zombie@Attack01,0.6555555,0,0,0,0,0.7398559,1.200214,-0.4350777,0.1090978,0.4053184,0.1964776,0.1298802,-0.1922422,-0.1518,0.5709399,0.001523376,1.396824
Zombie@Attack01,0.6666667,0,0,0,0,0.7418507,1.204864,-0.4354272,0.1087073,0.4069356,0.197596,0.1323393,-0.1905685,-0.1552351,0.5708166,0.001666963,1.401561
Zombie@Attack01,0.6777778,0,0,0,0,0.7440409,1.210599,-0.4353168,0.1083651,0.4085486,0.1990674,0.1346166,-0.1893842,-0.1559569,0.5708622,0.001832306,1.407408
Zombie@Attack01,0.6888889,0,0,0,0,0.7462093,1.216266,-0.4352442,0.1081734,0.4102021,0.2003966,0.1369566,-0.1881977,-0.1565484,0.5708194,0.00216651,1.413186
Zombie@Attack01,0.7,0,0,0,0,0.7483558,1.221863,-0.4352134,0.1081352,0.4118953,0.2015852,0.1393583,-0.18701,-0.1570125,0.5706849,0.002672553,1.418894
Zombie@Attack01,0.7111111,0,0,0,0,0.7507194,1.228702,-0.4345369,0.108098,0.4135542,0.2022812,0.1399386,-0.1871137,-0.1563285,0.5709709,0.003125727,1.425937
Zombie@Attack01,0.7222223,0,0,0,0,0.7530771,1.235445,-0.4339219,0.1082239,0.4152475,0.2029319,0.1405421,-0.1871494,-0.1553835,0.5710793,0.003764093,1.432879
Zombie@Attack01,0.7333333,0,0,0,0,0.7554294,1.242094,-0.4333703,0.108515,0.4169745,0.2035389,0.1411712,-0.1871166,-0.1541917,0.5710064,0.004589796,1.439717
Zombie@Attack01,0.7444445,0,0,0,0,0.7579777,1.249584,-0.4318555,0.108529,0.4185794,0.2030622,0.1393087,-0.1888537,-0.1519448,0.5715795,0.004992306,1.447452
Zombie@Attack01,0.7555556,0,0,0,0,0.7605327,1.256948,-0.4303865,0.1086985,0.4202192,0.2026139,0.1374615,-0.1904248,-0.1492563,0.5718594,0.005573511,1.455046
Zombie@Attack01,0.7666667,0,0,0,0,0.7630954,1.264184,-0.4289638,0.1090261,0.4218934,0.2021978,0.1356326,-0.1918302,-0.1461517,0.571841,0.006336212,1.462496
Zombie@Attack01,0.7777778,0,0,0,0,0.7658015,1.271715,-0.4263423,0.1093534,0.4236107,0.2012902,0.1322955,-0.1944448,-0.1412244,0.5726677,0.006317317,1.470249
Zombie@Attack01,0.7888889,0,0,0,0,0.7685183,1.2791,-0.4237232,0.1098132,0.4253934,0.2004456,0.1289902,-0.1968162,-0.135733,0.5730767,0.006456971,1.477834
Zombie@Attack01,0.8,0,0,0,0,0.7712471,1.286335,-0.4211036,0.1104077,0.4272439,0.1996716,0.1257204,-0.1989456,-0.1297074,0.5730637,0.006758034,1.485247
Zombie@Attack01,0.8111112,0,0,0,0,0.774007,1.293343,-0.4176474,0.1114124,0.4291982,0.2003649,0.1248919,-0.2007038,-0.1216472,0.5739832,0.006121159,1.492413
Zombie@Attack01,0.8222222,0,0,0,0,0.7767793,1.300207,-0.4141324,0.1125162,0.4312663,0.201144,0.1240638,-0.2022439,-0.1130713,0.5743992,0.005619526,1.499408
Zombie@Attack01,0.8333334,0,0,0,0,0.7795655,1.306923,-0.4105506,0.1137187,0.4334486,0.2020154,0.123241,-0.2035693,-0.1040079,0.5743071,0.005251169,1.50623
Zombie@Attack01,0.8444445,0,0,0,0,0.7822959,1.313021,-0.4057379,0.1160989,0.4315586,0.2037876,0.1245889,-0.2051073,-0.09268814,0.5751545,0.004529119,1.512401
Zombie@Attack01,0.8555556,0,0,0,0,0.7850335,1.318998,-0.400852,0.1185038,0.4298172,0.2056788,0.125919,-0.2064337,-0.08100839,0.5754807,0.003898263,1.518428
Zombie@Attack01,0.8666667,0,0,0,0,0.7877799,1.324853,-0.3958794,0.1209264,0.4282221,0.2076968,0.1272423,-0.2075573,-0.06899691,0.5752807,0.003349781,1.52431
Zombie@Attack01,0.8777778,0,0,0,0,0.7904271,1.329946,-0.3893731,0.1245837,0.4184306,0.2093184,0.1287588,-0.2096805,-0.05464348,0.5759298,0.003017902,1.529406
Zombie@Attack01,0.8888889,0,0,0,0,0.7930605,1.334944,-0.3827489,0.1284392,0.4087787,0.2111021,0.1302492,-0.2115981,-0.04003064,0.5761105,0.002974153,1.53439
Zombie@Attack01,0.9,0,0,0,0,0.7956815,1.339845,-0.3759923,0.1324806,0.3992661,0.2130562,0.1317235,-0.2133244,-0.02518713,0.5758158,0.00320363,1.539262
Zombie@Attack01,0.9111111,0,0,0,0,0.798185,1.34407,-0.3682587,0.1353954,0.3821445,0.2143332,0.133205,-0.2157595,-0.007960095,0.5762343,0.003058374,1.543453
Zombie@Attack01,0.9222223,0,0,0,0,0.8006509,1.348218,-0.3602917,0.1388506,0.3651851,0.2157899,0.1346623,-0.2180417,0.009407231,0.5762644,0.003496408,1.547593
Zombie@Attack01,0.9333333,0,0,0,0,0.8030814,1.352288,-0.3520906,0.1428362,0.3484031,0.2174328,0.1361075,-0.2201875,0.02687772,0.575894,0.004437089,1.551652
Zombie@Attack01,0.9444445,0,0,0,0,0.805438,1.355918,-0.3435569,0.1436008,0.3262183,0.218268,0.1374507,-0.2226755,0.04629575,0.5761234,0.003964365,1.555271
Zombie@Attack01,0.9555556,0,0,0,0,0.8077438,1.359484,-0.3347747,0.1451838,0.3042313,0.2192621,0.1387803,-0.2250788,0.06561873,0.5760209,0.004295886,1.558823
Zombie@Attack01,0.9666667,0,0,0,0,0.8098806,1.362914,-0.3259755,0.1476008,0.2824582,0.2204145,0.1398346,-0.2271951,0.08612473,0.5755392,0.005505621,1.56224
Zombie@Attack01,0.9777778,0,0,0,0,0.8119873,1.366138,-0.3176906,0.1459338,0.2591148,0.2208171,0.140717,-0.2293174,0.1082046,0.5756176,0.005045772,1.565461
Zombie@Attack01,0.9888889,0,0,0,0,0.8140439,1.3693,-0.3091896,0.1450736,0.23588,0.2213341,0.1416108,-0.2314133,0.1299,0.5753773,0.005393386,1.568622
Zombie@Attack01,1,0,0,0,0,0.8160515,1.3724,-0.3004895,0.1450196,0.2127812,0.2219648,0.1425222,-0.2334945,0.1511103,0.5747992,0.00654456,1.571721
Zombie@Attack01,1.011111,0,0,0,0,0.8180712,1.375649,-0.2933853,0.1410866,0.1923237,0.2221649,0.1429302,-0.2351,0.1746799,0.5745727,0.005993664,1.574982
Zombie@Attack01,1.022222,0,0,0,0,0.8200486,1.378832,-0.2860869,0.137698,0.1717679,0.2224089,0.1433676,-0.2367093,0.1976974,0.5739954,0.006040812,1.578176
Zombie@Attack01,1.033333,0,0,0,0,0.8219833,1.381945,-0.2786077,0.1348663,0.1511265,0.2226961,0.1438366,-0.2383288,0.2200393,0.5730515,0.006691962,1.5813
Zombie@Attack01,1.044444,0,0,0,0,0.8240164,1.385399,-0.2736313,0.1303877,0.1367287,0.2229107,0.1437515,-0.2393018,0.2441962,0.5722388,0.006120145,1.584772
Zombie@Attack01,1.055556,0,0,0,0,0.8260146,1.388778,-0.268477,0.1261219,0.122168,0.2230974,0.1437118,-0.2403149,0.2678603,0.5710578,0.00580138,1.588167
Zombie@Attack01,1.066667,0,0,0,0,0.8279774,1.392082,-0.2631512,0.1220805,0.1074497,0.2232559,0.1437167,-0.2413687,0.2908848,0.5695016,0.005743265,1.591485
Zombie@Attack01,1.077778,0,0,0,0,0.8300171,1.395466,-0.2610836,0.1193735,0.1007785,0.2235345,0.1433911,-0.241984,0.3148369,0.5678076,0.005140424,1.594881
Zombie@Attack01,1.088889,0,0,0,0,0.8319892,1.398756,-0.2588271,0.116592,0.09410446,0.2237852,0.1430947,-0.2426581,0.3383491,0.566005,0.004462183,1.598179
Zombie@Attack01,1.1,0,0,0,0,0.8339324,1.401973,-0.2564695,0.1138095,0.0873629,0.2239657,0.1428523,-0.2433976,0.361203,0.5638661,0.00377053,1.601398
Zombie@Attack01,1.111111,0,0,0,0,0.8359325,1.405038,-0.2560327,0.1132198,0.08536734,0.2243569,0.1425295,-0.2438383,0.3821543,0.5615712,0.003232211,1.604456
Zombie@Attack01,1.122222,0,0,0,0,0.8377908,1.407926,-0.2555499,0.1124862,0.08325829,0.2246722,0.1421385,-0.2444209,0.4055279,0.558964,0.002525121,1.607328
Zombie@Attack01,1.133333,0,0,0,0,0.8396147,1.410743,-0.2550368,0.1117159,0.08112288,0.224893,0.1417872,-0.2450602,0.4281015,0.5561333,0.001756608,1.610123
Zombie@Attack01,1.144444,0,0,0,0,0.8413391,1.413188,-0.2547742,0.1118484,0.07972789,0.2253935,0.1414227,-0.2454808,0.4489746,0.5531502,0.001375556,1.612531
Zombie@Attack01,1.155556,0,0,0,0,0.8430349,1.415582,-0.254514,0.1119544,0.07830329,0.2257975,0.1410823,-0.2459335,0.4692336,0.550063,0.0009466112,1.615113
Zombie@Attack01,1.166667,0,0,0,0,0.8447012,1.417924,-0.2542552,0.1120335,0.07685457,0.226107,0.1407641,-0.2464137,0.4886844,0.5468773,0.0004690886,1.617741
Zombie@Attack01,1.177778,0,0,0,0,0.8461434,1.419859,-0.2540427,0.1121382,0.07569922,0.2265911,0.1404285,-0.2467125,0.5066988,0.5437607,0.0001852512,1.619957
Zombie@Attack01,1.188889,0,0,0,0,0.8475617,1.421756,-0.2538443,0.1122237,0.07452763,0.2269912,0.140103,-0.2470192,0.523964,0.5406131,-0.0001347661,1.622124
Zombie@Attack01,1.2,0,0,0,0,0.8489553,1.423613,-0.2536578,0.1122898,0.07334398,0.2273091,0.1397882,-0.2473316,0.5403431,0.5374381,-0.0004903078,1.624242
Zombie@Attack01,1.211111,0,0,0,0,0.8500659,1.425082,-0.2534904,0.1123846,0.07242368,0.2276832,0.1394778,-0.2474874,0.5548159,0.5346832,-0.0007046163,1.625931
Zombie@Attack01,1.222222,0,0,0,0,0.8511587,1.426524,-0.2533363,0.1124664,0.0715009,0.2279964,0.1391721,-0.2476388,0.5685136,0.5319284,-0.0009428263,1.627584
Zombie@Attack01,1.233333,0,0,0,0,0.8522338,1.427939,-0.2531923,0.1125351,0.07057756,0.2282512,0.1388712,-0.247784,0.5813593,0.5291753,-0.001205266,1.629203
Zombie@Attack01,1.244444,0,0,0,0,0.8529922,1.428929,-0.2530738,0.1126055,0.06992389,0.2285111,0.1386266,-0.247843,0.5918066,0.5270692,-0.001355052,1.630342
Zombie@Attack01,1.255556,0,0,0,0,0.85374,1.429904,-0.2529625,0.1126682,0.06927413,0.2287378,0.138383,-0.2478931,0.6016322,0.5249726,-0.001518488,1.631462
Zombie@Attack01,1.266667,0,0,0,0,0.8544779,1.430864,-0.2528576,0.1127244,0.06863073,0.2289326,0.1381408,-0.2479328,0.6108046,0.5228859,-0.001693994,1.632562
Zombie@Attack01,1.277778,0,0,0,0,0.8549011,1.431411,-0.2527875,0.1127641,0.06824893,0.2290826,0.1379858,-0.24794,0.6169923,0.5215942,-0.00178349,1.633193
Zombie@Attack01,1.288889,0,0,0,0,0.8553206,1.431952,-0.2527204,0.1128015,0.06787191,0.2292201,0.1378303,-0.2479411,0.6228579,0.5203092,-0.001877487,1.633817
Zombie@Attack01,1.3,0,0,0,0,0.8557365,1.432488,-0.2526556,0.1128361,0.06749913,0.2293467,0.1376758,-0.2479361,0.6283937,0.5190314,-0.001976579,1.634433
Zombie@Attack01,1.311111,0,0,0,0,0.8558666,1.432656,-0.2526332,0.1128487,0.06737752,0.2293945,0.1376223,-0.2479301,0.6303762,0.5186044,-0.002006084,1.634627
Zombie@Attack01,1.322222,0,0,0,0,0.8559964,1.432822,-0.2526105,0.1128608,0.06725709,0.2294411,0.1375694,-0.2479232,0.6323142,0.5181783,-0.002035886,1.63482
Zombie@Attack01,1.333333,0,0,0,0,0.8561259,1.432988,-0.2525881,0.112873,0.06713647,0.2294865,0.1375163,-0.2479158,0.6342083,0.5177536,-0.002066314,1.635012
Zombie@Damage01,0,0,0,0,0,0.8561259,1.432988,-0.2525881,0.112873,0.06713647,0.2294865,0.1375163,-0.2479158,0.6342083,0.5177536,-0.002066314,1.635012
Zombie@Damage01,0.004166667,0,0,0,0,0.8536781,1.429831,-0.2528888,0.1121819,0.06881319,0.2298833,0.1374026,-0.2476246,0.631588,0.5140827,-0.002222031,1.631135
Zombie@Damage01,0.008333334,0,0,0,0,0.8512141,1.426625,-0.2531685,0.11153,0.07047433,0.2302388,0.1373812,-0.2473411,0.6288874,0.5103977,-0.002346277,1.627082
Zombie@Damage01,0.0125,0,0,0,0,0.8487336,1.423372,-0.2534276,0.1109166,0.07211889,0.2305499,0.137452,-0.2470683,0.6261044,0.5066986,-0.002441019,1.622854
Zombie@Damage01,0.01666667,0,0,0,0,0.8462375,1.42007,-0.2536661,0.1103414,0.07374648,0.2308162,0.1376151,-0.2468086,0.6232375,0.5029855,-0.002505928,1.619511
Zombie@Damage01,0.02083333,0,0,0,0,0.8437259,1.416722,-0.2538833,0.1098048,0.07535634,0.2310358,0.1378702,-0.2465634,0.6202838,0.499258,-0.002541631,1.616131
Zombie@Damage01,0.025,0,0,0,0,0.8411986,1.413327,-0.2540793,0.1093052,0.07694797,0.2312065,0.1382166,-0.2463353,0.6172413,0.4955161,-0.002549231,1.612584
Zombie@Damage01,0.02916667,0,0,0,0,0.838656,1.409885,-0.254254,0.1088428,0.07852096,0.2313278,0.138654,-0.2461257,0.6141064,0.4917592,-0.002528846,1.608869
Zombie@Damage01,0.03333334,0,0,0,0,0.8360984,1.406397,-0.2544068,0.108417,0.08007467,0.2313978,0.1391822,-0.2459367,0.6108764,0.4879872,-0.002481192,1.604983
Zombie@Damage01,0.0375,0,0,0,0,0.8334572,1.402963,-0.2541414,0.107857,0.08249772,0.2312707,0.1384555,-0.2447853,0.6020051,0.4762261,-0.002281815,1.601035
Zombie@Damage01,0.04166667,0,0,0,0,0.8308002,1.399457,-0.2538489,0.1073857,0.08490682,0.2311314,0.1378693,-0.243672,0.5931222,0.4643942,-0.001998752,1.597102
Zombie@Damage01,0.04583333,0,0,0,0,0.8281269,1.395881,-0.2535292,0.1070027,0.08730032,0.2309779,0.1374216,-0.2425999,0.5842291,0.4524944,-0.001632094,1.594536
Zombie@Damage01,0.05,0,0,0,0,0.8254384,1.392236,-0.2531822,0.1067084,0.08967824,0.2308096,0.1371118,-0.2415705,0.5753254,0.4405279,-0.001181424,1.591777
Zombie@Damage01,0.05416667,0,0,0,0,0.8227347,1.38852,-0.2528082,0.1065018,0.09203827,0.2306252,0.1369386,-0.2405871,0.5664133,0.4284978,-0.0006482303,1.588826
Zombie@Damage01,0.05833333,0,0,0,0,0.8200158,1.384735,-0.2524062,0.1063829,0.09438054,0.230424,0.1369,-0.2396509,0.5574924,0.4164053,-3.21269E-05,1.585681
Zombie@Damage01,0.0625,0,0,0,0,0.8172822,1.380882,-0.2519767,0.1063513,0.09670357,0.2302052,0.1369955,-0.2387647,0.5485646,0.4042531,0.0006666481,1.582344
Zombie@Damage01,0.06666667,0,0,0,0,0.8145342,1.376961,-0.2515195,0.1064067,0.09900663,0.2299677,0.1372232,-0.2379308,0.5396304,0.3920429,0.00144729,1.578813
Zombie@Damage01,0.07083333,0,0,0,0,0.815279,1.379678,-0.2502514,0.1064964,0.09939594,0.2286422,0.1362574,-0.236802,0.5309191,0.3785914,0.001774222,1.581398
Zombie@Damage01,0.075,0,0,0,0,0.816043,1.38232,-0.2489533,0.1066276,0.0997863,0.2273136,0.1353608,-0.235652,0.5221189,0.3650313,0.002140522,1.583869
Zombie@Damage01,0.07916667,0,0,0,0,0.8168258,1.384885,-0.2476245,0.1068001,0.1001761,0.2259828,0.1345342,-0.2344831,0.5132347,0.3513705,0.002545774,1.586227
Zombie@Damage01,0.08333334,0,0,0,0,0.8176275,1.387373,-0.2462647,0.1070133,0.1005646,0.2246504,0.1337772,-0.2332976,0.5042714,0.3376168,0.00298965,1.588471
Zombie@Damage01,0.0875,0,0,0,0,0.8184479,1.389784,-0.2448738,0.1072668,0.1009494,0.223317,0.1330902,-0.2320983,0.4952345,0.323779,0.003470749,1.5906
Zombie@Damage01,0.09166667,0,0,0,0,0.8192866,1.392116,-0.2434511,0.1075591,0.1013284,0.2219839,0.132473,-0.2308882,0.4861297,0.3098657,0.003988057,1.592614
Zombie@Damage01,0.09583333,0,0,0,0,0.8201439,1.394371,-0.2419961,0.1078907,0.1017008,0.2206509,0.1319261,-0.2296698,0.4769619,0.2958857,0.004541218,1.594513
Zombie@Damage01,0.1,0,0,0,0,0.8210193,1.396546,-0.2405085,0.1082598,0.1020639,0.2193187,0.1314497,-0.2284465,0.4677371,0.2818479,0.005128086,1.596296
Zombie@Damage01,0.1041667,0,0,0,0,0.8235939,1.401703,-0.2392073,0.1078456,0.1011368,0.2180382,0.1309025,-0.2284127,0.4591335,0.2757719,0.004503399,1.600291
Zombie@Damage01,0.1083333,0,0,0,0,0.8261992,1.406738,-0.2378893,0.1074872,0.1002044,0.216729,0.1304151,-0.2283551,0.4504759,0.2696405,0.003935933,1.604137
Zombie@Damage01,0.1125,0,0,0,0,0.8288351,1.411651,-0.2365545,0.1071836,0.09926608,0.2153913,0.1299882,-0.2282758,0.4417689,0.2634565,0.003424972,1.609681
Zombie@Damage01,0.1166667,0,0,0,0,0.8315022,1.41644,-0.2352037,0.1069361,0.09831974,0.2140254,0.1296224,-0.2281764,0.4330173,0.257223,0.002971083,1.614888
Zombie@Damage01,0.1208333,0,0,0,0,0.8342002,1.421104,-0.2338362,0.1067444,0.09736467,0.2126305,0.1293181,-0.2280579,0.4242254,0.2509426,0.002573699,1.619756
Zombie@Damage01,0.125,0,0,0,0,0.8368806,1.425594,-0.2325042,0.1065597,0.09637474,0.2111563,0.1290271,-0.2279471,0.4153747,0.2453453,0.002184391,1.62519
Zombie@Damage01,0.1291667,0,0,0,0,0.8395671,1.429931,-0.2312402,0.1065263,0.09579141,0.2096552,0.1287737,-0.2278531,0.4064626,0.2396945,0.00210759,1.630859
Zombie@Damage01,0.1333333,0,0,0,0,0.842084,1.43394,-0.2306527,0.1073669,0.09871566,0.2081645,0.1283825,-0.2280124,0.3972583,0.2337397,0.004255593,1.635984
Zombie@Damage01,0.1375,0,0,0,0,0.8447903,1.438177,-0.2308732,0.1070716,0.09807295,0.2081577,0.1283356,-0.2289226,0.3927218,0.232996,0.003783286,1.641159
Zombie@Damage01,0.1416667,0,0,0,0,0.847492,1.442355,-0.2310871,0.1067925,0.09742146,0.2081592,0.1283196,-0.2298218,0.3875895,0.2322512,0.003325194,1.646026
Zombie@Damage01,0.1458333,0,0,0,0,0.8501882,1.446473,-0.2312956,0.1065294,0.09676283,0.2081693,0.1283339,-0.2307088,0.3818713,0.2315047,0.002881229,1.650583
Zombie@Damage01,0.15,0,0,0,0,0.852879,1.450531,-0.2314997,0.1062818,0.09609464,0.2081869,0.1283791,-0.2315851,0.37558,0.2307571,0.002450913,1.65483
Zombie@Damage01,0.1541667,0,0,0,0,0.855564,1.454528,-0.2316992,0.1060502,0.0954173,0.2082117,0.1284542,-0.2324509,0.3687278,0.2300084,0.002034307,1.658766
Zombie@Damage01,0.1583333,0,0,0,0,0.8582428,1.458463,-0.2318949,0.1058342,0.09473019,0.2082429,0.1285598,-0.2333066,0.3613288,0.2292584,0.00163132,1.66239
Zombie@Damage01,0.1625,0,0,0,0,0.8609149,1.462335,-0.2320872,0.1056336,0.0940335,0.2082803,0.1286952,-0.2341518,0.3533981,0.228507,0.001241714,1.665702
Zombie@Damage01,0.1666667,0,0,0,0,0.8635805,1.466144,-0.2322773,0.105449,0.09332573,0.2083233,0.1288607,-0.2349876,0.3449521,0.2277543,0.0008657277,1.668703
Zombie@Damage01,0.1708333,0,0,0,0,0.864775,1.468002,-0.2327187,0.1052116,0.09211022,0.2081753,0.1291916,-0.2359169,0.3441396,0.2282899,0.0002257228,1.66992
Zombie@Damage01,0.175,0,0,0,0,0.8659574,1.469829,-0.2331548,0.1049868,0.09088013,0.2080468,0.1295509,-0.2368531,0.3431487,0.2288039,-0.000404954,1.671007
Zombie@Damage01,0.1791667,0,0,0,0,0.8671279,1.471624,-0.2335861,0.104775,0.08963499,0.2079375,0.1299386,-0.2377957,0.3419821,0.2292976,-0.001025051,1.671964
Zombie@Damage01,0.1833333,0,0,0,0,0.8682354,1.473336,-0.2341939,0.1047604,0.08937429,0.2078575,0.1303044,-0.2388226,0.3405641,0.2296934,-0.001084417,1.67274
Zombie@Damage01,0.1875,0,0,0,0,0.8693291,1.475015,-0.234805,0.1047599,0.08916128,0.2077972,0.1306974,-0.2398614,0.3389708,0.2300654,-0.00111112,1.673446
Zombie@Damage01,0.1916667,0,0,0,0,0.8704118,1.476663,-0.2354089,0.1047634,0.08893587,0.2077555,0.1311208,-0.2409067,0.337209,0.2304187,-0.001137048,1.674472
Zombie@Damage01,0.1958333,0,0,0,0,0.8714837,1.47828,-0.2360058,0.1047706,0.08869761,0.2077332,0.1315751,-0.2419592,0.3352824,0.2307547,-0.001162887,1.675369
Zombie@Damage01,0.2,0,0,0,0,0.8725447,1.479866,-0.2365951,0.1047813,0.08844686,0.207729,0.1320603,-0.2430181,0.3331931,0.2310736,-0.001188487,1.676136
Zombie@Damage01,0.2041667,0,0,0,0,0.8719983,1.479267,-0.2365801,0.1046467,0.08815783,0.2069034,0.1325202,-0.2439108,0.3346682,0.2336379,-0.001393259,1.675549
Zombie@Damage01,0.2083333,0,0,0,0,0.8714485,1.478653,-0.2365701,0.1045277,0.08786633,0.2060633,0.1329934,-0.2448093,0.3361,0.2362022,-0.001585484,1.674911
Zombie@Damage01,0.2125,0,0,0,0,0.8708955,1.478026,-0.2365648,0.1044253,0.08757198,0.2052087,0.1334801,-0.2457135,0.3374883,0.2387649,-0.001764119,1.674224
Zombie@Damage01,0.2166667,0,0,0,0,0.8703389,1.477385,-0.2365643,0.1043387,0.08727465,0.2043399,0.1339796,-0.2466231,0.338833,0.2413248,-0.001930177,1.673487
Zombie@Damage01,0.2208333,0,0,0,0,0.8697793,1.47673,-0.2365687,0.1042681,0.08697506,0.2034571,0.1344933,-0.2475383,0.3401335,0.2438802,-0.002083093,1.672702
Zombie@Damage01,0.225,0,0,0,0,0.8692172,1.476062,-0.236578,0.1042141,0.08667302,0.2025602,0.1350206,-0.2484582,0.3413891,0.2464294,-0.002222717,1.671868
Zombie@Damage01,0.2291667,0,0,0,0,0.8686522,1.47538,-0.2365925,0.1041769,0.08636813,0.2016497,0.135562,-0.2493835,0.3426002,0.2489711,-0.002348632,1.670986
Zombie@Damage01,0.2333333,0,0,0,0,0.868085,1.474686,-0.2366116,0.1041566,0.08606071,0.2007246,0.1361177,-0.2503139,0.343766,0.2515032,-0.002460599,1.670056
Zombie@Damage01,0.2375,0,0,0,0,0.8662759,1.472497,-0.2371285,0.1042027,0.08574937,0.2009016,0.1365921,-0.2507596,0.3472872,0.2550698,-0.002559751,1.668238
Zombie@Damage01,0.2416667,0,0,0,0,0.864428,1.470235,-0.237685,0.1042309,0.08541799,0.2010372,0.1370408,-0.2512173,0.3507708,0.2592643,-0.002676368,1.666328
Zombie@Damage01,0.2458333,0,0,0,0,0.8625855,1.467947,-0.2382461,0.1042858,0.08508782,0.2011669,0.1375093,-0.2516656,0.3542377,0.263473,-0.00276649,1.664373
Zombie@Damage01,0.25,0,0,0,0,0.8607484,1.465631,-0.2388112,0.104367,0.08475994,0.2012905,0.1379965,-0.2521036,0.3576867,0.2676943,-0.002830148,1.66237
Zombie@Damage01,0.2541667,0,0,0,0,0.8589171,1.463287,-0.2393812,0.1044755,0.08443387,0.2014082,0.138503,-0.2525311,0.3611171,0.2719269,-0.002866685,1.660322
Zombie@Damage01,0.2583333,0,0,0,0,0.8570919,1.460917,-0.2399553,0.1046111,0.08410998,0.2015201,0.1390293,-0.2529483,0.3645274,0.2761694,-0.002875715,1.658228
Zombie@Damage01,0.2625,0,0,0,0,0.8552725,1.45852,-0.2405336,0.1047733,0.08378917,0.2016259,0.1395745,-0.2533544,0.3679165,0.2804205,-0.002858371,1.656089
Zombie@Damage01,0.2666667,0,0,0,0,0.8534594,1.456097,-0.241116,0.1049632,0.08347158,0.201726,0.1401392,-0.2537488,0.371283,0.2846781,-0.002812922,1.653904
Zombie@Damage01,0.2708333,0,0,0,0,0.8509778,1.452863,-0.2423784,0.1050274,0.08309545,0.2035731,0.1403615,-0.2534904,0.3764089,0.2898876,-0.003017843,1.651294
Zombie@Damage01,0.275,0,0,0,0,0.8485091,1.449569,-0.2436438,0.1051528,0.08270831,0.2053865,0.1406209,-0.2532125,0.3815325,0.29511,-0.003160149,1.648588
Zombie@Damage01,0.2791667,0,0,0,0,0.8460539,1.446216,-0.2449113,0.1053406,0.08231014,0.207165,0.1409161,-0.2529146,0.3866519,0.3003451,-0.003238112,1.645786
Zombie@Damage01,0.2833333,0,0,0,0,0.843612,1.442805,-0.2461809,0.1055903,0.08190218,0.2089092,0.1412471,-0.2525957,0.3917651,0.3055921,-0.003252625,1.642888
Zombie@Damage01,0.2875,0,0,0,0,0.8411831,1.439335,-0.2474517,0.1059022,0.08148412,0.2106189,0.1416126,-0.2522555,0.3968711,0.3108507,-0.003203094,1.639893
Zombie@Damage01,0.2916667,0,0,0,0,0.8387678,1.435806,-0.2487242,0.1062768,0.08105743,0.2122923,0.1420125,-0.2518928,0.4019676,0.3161195,-0.003088534,1.636803
Zombie@Damage01,0.2958333,0,0,0,0,0.8363661,1.432219,-0.2499973,0.1067142,0.08062138,0.2139312,0.1424468,-0.2515076,0.4070537,0.3213989,-0.002909392,1.633617
Zombie@Damage01,0.3,0,0,0,0,0.8339781,1.428575,-0.2512709,0.1072153,0.08017775,0.215534,0.1429136,-0.2510983,0.4121267,0.3266873,-0.002664179,1.630335
Zombie@Damage01,0.3041667,0,0,0,0,0.8319669,1.425094,-0.2524333,0.1072111,0.07999165,0.2180884,0.1428815,-0.2505116,0.4183743,0.3325205,-0.002975404,1.627243
Zombie@Damage01,0.3083333,0,0,0,0,0.8299767,1.421528,-0.2535913,0.1072867,0.07978252,0.2205786,0.1429023,-0.2499133,0.4246237,0.3383556,-0.003207862,1.624026
Zombie@Damage01,0.3125,0,0,0,0,0.8280076,1.417876,-0.2547457,0.1074425,0.07955156,0.2230031,0.142974,-0.249302,0.4308715,0.3441911,-0.003360063,1.620686
Zombie@Damage01,0.3166667,0,0,0,0,0.8260599,1.41414,-0.2558969,0.1076794,0.07929994,0.2253606,0.1430963,-0.2486773,0.4371159,0.3500269,-0.003431588,1.617223
Zombie@Damage01,0.3208333,0,0,0,0,0.824133,1.410319,-0.2570453,0.1079975,0.07902904,0.22765,0.1432669,-0.2480377,0.4433537,0.3558613,-0.003421426,1.613636
Zombie@Damage01,0.325,0,0,0,0,0.8222274,1.406414,-0.2581916,0.1083979,0.07873871,0.2298696,0.1434853,-0.2473832,0.4495821,0.3616941,-0.003328651,1.609927
Zombie@Damage01,0.3291667,0,0,0,0,0.8203427,1.402426,-0.2593361,0.1088806,0.07843082,0.2320187,0.1437502,-0.2467127,0.4557995,0.3675243,-0.003153235,1.606097
Zombie@Damage01,0.3333333,0,0,0,0,0.8184788,1.398355,-0.2604793,0.1094463,0.07810638,0.2340967,0.1440599,-0.246025,0.4620017,0.3733506,-0.002893776,1.602144
Zombie@Damage01,0.3375,0,0,0,0,0.817753,1.396262,-0.2609033,0.1095892,0.07798545,0.2354722,0.144,-0.2457156,0.4686868,0.379173,-0.002943784,1.60016
Zombie@Damage01,0.3416667,0,0,0,0,0.8170356,1.394139,-0.2613244,0.1097606,0.07785869,0.2368225,0.14396,-0.2454033,0.4753565,0.3849685,-0.002966881,1.598127
Zombie@Damage01,0.3458333,0,0,0,0,0.8163267,1.391984,-0.261743,0.1099601,0.07772642,0.2381461,0.1439403,-0.2450895,0.4820099,0.3907368,-0.002963513,1.596044
Zombie@Damage01,0.35,0,0,0,0,0.8156258,1.389799,-0.2621596,0.1101882,0.07758848,0.2394432,0.1439393,-0.2447728,0.4886466,0.3964776,-0.002933055,1.593911
Zombie@Damage01,0.3541667,0,0,0,0,0.8149333,1.387584,-0.262574,0.1104446,0.07744484,0.2407138,0.1439584,-0.2444538,0.4952659,0.4021901,-0.002875894,1.591728
Zombie@Damage01,0.3583333,0,0,0,0,0.8142489,1.385339,-0.2629868,0.1107294,0.07729687,0.2419571,0.143996,-0.2441319,0.5018665,0.4078742,-0.002791822,1.589496
Zombie@Damage01,0.3625,0,0,0,0,0.8135725,1.383064,-0.2633977,0.1110427,0.07714421,0.2431728,0.1440523,-0.2438072,0.5084482,0.4135291,-0.00268057,1.587215
Zombie@Damage01,0.3666667,0,0,0,0,0.8129045,1.380759,-0.2638074,0.111385,0.07698648,0.2443608,0.1441275,-0.2434797,0.5150106,0.4191552,-0.0025419,1.584886
Zombie@Damage01,0.3708333,0,0,0,0,0.8136495,1.381113,-0.2637072,0.1115682,0.07670787,0.244513,0.1439889,-0.2435168,0.521234,0.4243085,-0.002458215,1.585245
Zombie@Damage01,0.375,0,0,0,0,0.8143939,1.381463,-0.2636069,0.1117532,0.0764295,0.2446595,0.1438541,-0.2435516,0.5274009,0.4294105,-0.002373457,1.585589
Zombie@Damage01,0.3791667,0,0,0,0,0.8151377,1.38181,-0.2635059,0.1119402,0.07615139,0.2447999,0.1437227,-0.2435842,0.5335093,0.4344594,-0.002287984,1.585917
Zombie@Damage01,0.3833333,0,0,0,0,0.8158808,1.382153,-0.2634043,0.1121291,0.07587357,0.2449346,0.143595,-0.2436145,0.5395567,0.4394541,-0.002201438,1.586229
Zombie@Damage01,0.3875,0,0,0,0,0.816623,1.382492,-0.2633025,0.11232,0.0755965,0.2450634,0.1434704,-0.243642,0.5455413,0.4443936,-0.002114087,1.586525
Zombie@Damage01,0.3916667,0,0,0,0,0.8173646,1.382828,-0.2632,0.1125125,0.07532019,0.2451865,0.1433499,-0.2436669,0.5514619,0.4492769,-0.00202617,1.586806
Zombie@Damage01,0.3958333,0,0,0,0,0.8181052,1.38316,-0.2630972,0.1127068,0.07504409,0.2453036,0.1432325,-0.2436893,0.5573158,0.4541028,-0.001937568,1.58707
Zombie@Damage01,0.4,0,0,0,0,0.8188451,1.383487,-0.2629941,0.1129027,0.07476896,0.2454147,0.1431185,-0.2437092,0.5631013,0.4588701,-0.001848489,1.587319
Zombie@Damage01,0.4041667,0,0,0,0,0.8208247,1.385999,-0.2625339,0.1129561,0.07433718,0.2448014,0.1428097,-0.2439732,0.568263,0.4630968,-0.001833797,1.589764
Zombie@Damage01,0.4083333,0,0,0,0,0.8228011,1.388502,-0.2620697,0.1130149,0.07390442,0.2441757,0.1425098,-0.2442235,0.5733033,0.4672318,-0.001813561,1.59219
Zombie@Damage01,0.4125,0,0,0,0,0.8247739,1.390993,-0.2616012,0.1130788,0.07347189,0.2435382,0.142218,-0.2444596,0.5782176,0.4712718,-0.00178799,1.594597
Zombie@Damage01,0.4166667,0,0,0,0,0.8267431,1.393475,-0.2611288,0.1131477,0.07303926,0.2428886,0.1419348,-0.2446812,0.5830033,0.4752146,-0.001756936,1.596984
Zombie@Damage01,0.4208333,0,0,0,0,0.8287082,1.395946,-0.2606524,0.1132214,0.07260767,0.2422267,0.1416602,-0.2448881,0.5876556,0.4790574,-0.001720667,1.599352
Zombie@Damage01,0.425,0,0,0,0,0.8306693,1.398406,-0.260172,0.1132995,0.07217603,0.2415533,0.1413935,-0.2450797,0.5921713,0.482798,-0.00167945,1.6017
Zombie@Damage01,0.4291667,0,0,0,0,0.8326264,1.400855,-0.2596882,0.1133827,0.07174497,0.2408672,0.1411354,-0.2452564,0.596546,0.4864329,-0.001632869,1.604028
Zombie@Damage01,0.4333333,0,0,0,0,0.8345793,1.403293,-0.2592012,0.1134705,0.07131572,0.2401693,0.1408857,-0.2454173,0.6007751,0.4899601,-0.001581013,1.606336
Zombie@Damage01,0.4375,0,0,0,0,0.8365436,1.406028,-0.2586386,0.1134034,0.07092702,0.2392876,0.1405513,-0.2457024,0.6043872,0.4927491,-0.001645625,1.608992
Zombie@Damage01,0.4416667,0,0,0,0,0.8385047,1.408748,-0.2580716,0.1133445,0.07053955,0.2383932,0.1402269,-0.2459709,0.6078544,0.4954822,-0.001700938,1.611628
Zombie@Damage01,0.4458333,0,0,0,0,0.8404623,1.411452,-0.2574997,0.113294,0.07015359,0.2374856,0.1399126,-0.2462219,0.6111742,0.4981569,-0.001746923,1.614246
Zombie@Damage01,0.45,0,0,0,0,0.8424162,1.414141,-0.2569231,0.1132509,0.06976883,0.2365652,0.1396088,-0.2464564,0.614345,0.5007721,-0.001784414,1.616843
Zombie@Damage01,0.4541667,0,0,0,0,0.8443672,1.416815,-0.2563424,0.1132164,0.0693851,0.2356315,0.1393153,-0.2466742,0.6173649,0.5033258,-0.001812816,1.619423
Zombie@Damage01,0.4583333,0,0,0,0,0.8463146,1.419473,-0.2557568,0.1131901,0.06900339,0.2346851,0.1390327,-0.2468744,0.6202314,0.5058162,-0.0018318,1.621982
Zombie@Damage01,0.4625,0,0,0,0,0.8482587,1.422116,-0.2551666,0.1131719,0.06862344,0.2337259,0.1387605,-0.2470578,0.6229427,0.5082415,-0.001842111,1.624523
Zombie@Damage01,0.4666667,0,0,0,0,0.8501993,1.424743,-0.2545719,0.1131617,0.06824484,0.2327536,0.1384995,-0.2472242,0.6254969,0.5105997,-0.001843542,1.627043
Zombie@Damage01,0.4708333,0,0,0,0,0.8509417,1.425783,-0.254326,0.1131202,0.06810399,0.2323529,0.13837,-0.2473212,0.6267069,0.5115276,-0.001877308,1.62805
Zombie@Damage01,0.475,0,0,0,0,0.8516837,1.42682,-0.2540799,0.1130806,0.06796394,0.2319498,0.1382426,-0.247415,0.6278822,0.5124457,-0.001909137,1.629054
Zombie@Damage01,0.4791667,0,0,0,0,0.8524253,1.427855,-0.2538331,0.1130422,0.06782427,0.2315447,0.1381169,-0.2475059,0.6290234,0.5133545,-0.001939476,1.630055
Zombie@Damage01,0.4833333,0,0,0,0,0.8531662,1.428886,-0.2535854,0.1130055,0.06768528,0.2311374,0.137993,-0.2475939,0.6301299,0.514254,-0.001967996,1.631052
Zombie@Damage01,0.4875,0,0,0,0,0.8539068,1.429916,-0.2533372,0.1129699,0.06754761,0.2307279,0.1378708,-0.2476787,0.6312018,0.5151437,-0.001995236,1.632046
Zombie@Damage01,0.4916667,0,0,0,0,0.8546471,1.430943,-0.2530883,0.1129363,0.06740989,0.2303159,0.1377514,-0.2477606,0.632239,0.5160236,-0.002020389,1.633038
Zombie@Damage01,0.4958333,0,0,0,0,0.8553868,1.431967,-0.2528386,0.1129038,0.06727304,0.2299025,0.1376331,-0.2478395,0.6332412,0.5168935,-0.002044201,1.634027
Zombie@Damage01,0.5,0,0,0,0,0.8561259,1.432988,-0.2525881,0.112873,0.06713647,0.2294865,0.1375163,-0.2479158,0.6342083,0.5177537,-0.002066314,1.635012
Zombie@Death01_A,0,0,0,0,0,0.8561259,1.432988,-0.2525882,0.1128727,0.06713647,0.2294865,0.1375163,-0.2479158,0.6342084,0.5177538,-0.002066672,1.635012
Zombie@Death01_A,0.01111111,0,0,0,0,0.8925816,1.449803,-0.2409333,0.09219947,0.06372218,0.2253837,0.1198316,-0.2495059,0.6421875,0.5245229,-0.02363756,1.649242
Zombie@Death01_A,0.02222222,0,0,0,0,0.9291435,1.462019,-0.2273268,0.08179823,0.06224079,0.2205027,0.1109592,-0.2429186,0.6480134,0.5270764,-0.0348994,1.66112
Zombie@Death01_A,0.03333334,0,0,0,0,0.964978,1.469151,-0.2167383,0.08547155,0.08208377,0.2156511,0.1112061,-0.2306435,0.6498282,0.5239043,-0.02584174,1.66712
Zombie@Death01_A,0.04444445,0,0,0,0,1.002867,1.513849,-0.216873,0.1297758,0.1037316,0.2201926,0.139803,-0.182803,0.6236251,0.4980708,-0.01653907,1.712727
Zombie@Death01_A,0.05555556,0,0,0,0,1.04023,1.557288,-0.2169997,0.1760016,0.1253915,0.2240748,0.1741809,-0.1342253,0.592873,0.4642812,-0.002245277,1.756958
Zombie@Death01_A,0.06666667,0,0,0,0,1.077038,1.599423,-0.217129,0.2240845,0.1469517,0.2272979,0.2142922,-0.08549818,0.5571138,0.4234031,0.01903179,1.799768
Zombie@Death01_A,0.07777778,0,0,0,0,1.110865,1.650512,-0.2171636,0.2798022,0.1750804,0.223194,0.2452982,-0.05108137,0.4789708,0.3590081,0.05198867,1.851666
Zombie@Death01_A,0.08888889,0,0,0,0,1.145446,1.698133,-0.2183732,0.3397822,0.202009,0.2185283,0.2814255,-0.01518793,0.3966988,0.2925118,0.07779796,1.899827
Zombie@Death01_A,0.1,0,0,0,0,1.180861,1.742163,-0.2207552,0.4037407,0.22704,0.2132426,0.3227401,0.02123847,0.3117404,0.2243496,0.1100106,1.94413
Zombie@Death01_A,0.1111111,0,0,0,0,1.207225,1.780962,-0.2194456,0.4568188,0.2440071,0.206923,0.3570592,0.04164817,0.2301868,0.151249,0.1395607,1.982182
Zombie@Death01_A,0.1222222,0,0,0,0,1.235229,1.812184,-0.219374,0.514375,0.2597039,0.1994215,0.3954675,0.06251208,0.152624,0.08225999,0.1739275,2.011437
Zombie@Death01_A,0.1333333,0,0,0,0,1.265517,1.836334,-0.2204084,0.5765625,0.2733216,0.1908523,0.4384597,0.08287471,0.07400371,0.01382254,0.2135216,2.034829
Zombie@Death01_A,0.1444445,0,0,0,0,1.281138,1.836259,-0.220812,0.6107128,0.2569261,0.1876754,0.4735184,0.0879459,-0.0003562144,-0.0483362,0.2531438,2.039706
Zombie@Death01_A,0.1555556,0,0,0,0,1.301087,1.816895,-0.2211353,0.6508649,0.2390954,0.183099,0.5157027,0.09120192,-0.07218041,-0.1128394,0.3001639,1.997859
Zombie@Death01_A,0.1666667,0,0,0,0,1.32505,1.779368,-0.2211246,0.6958486,0.2178218,0.1774092,0.564093,0.09019827,-0.138535,-0.1754487,0.3536323,1.91093
Zombie@Death01_A,0.1777778,0,0,0,0,1.331249,1.687388,-0.2181026,0.7164489,0.2133302,0.1770203,0.5997229,0.09420996,-0.1879768,-0.2191722,0.402098,1.808968
Zombie@Death01_A,0.1888889,0,0,0,0,1.341068,1.578666,-0.2164142,0.7420597,0.2043307,0.1759152,0.6416373,0.09168633,-0.236776,-0.2854587,0.4577467,1.703044
Zombie@Death01_A,0.2,0,0,0,0,1.353386,1.461078,-0.2156857,0.770161,0.1885342,0.174468,0.6874747,0.07999998,-0.283188,-0.3618048,0.5185276,1.592794
Zombie@Death01_A,0.2111111,0,0,0,0,1.352676,1.36573,-0.2139967,0.8017097,0.1922552,0.1744889,0.7324308,0.0990793,-0.3203573,-0.3869917,0.5782969,1.607709
Zombie@Death01_A,0.2222222,0,0,0,0,1.351083,1.270782,-0.2125131,0.8337959,0.1918294,0.1745471,0.7794345,0.1114463,-0.3592233,-0.4245404,0.6230941,1.633654
Zombie@Death01_A,0.2333333,0,0,0,0,1.348148,1.179313,-0.2111822,0.8649878,0.1868194,0.1746763,0.8268591,0.1164613,-0.397358,-0.4780258,0.6599547,1.662789
Zombie@Death01_A,0.2444444,0,0,0,0,1.33942,1.114077,-0.2091313,0.9232073,0.1897966,0.1720125,0.8785526,0.1393711,-0.4349754,-0.5119542,0.7290269,1.670241
Zombie@Death01_A,0.2555556,0,0,0,0,1.329855,1.050343,-0.2081594,0.98193,0.1853388,0.169329,0.9331694,0.1565726,-0.4735364,-0.5477504,0.7997497,1.674369
Zombie@Death01_A,0.2666667,0,0,0,0,1.319524,0.9891535,-0.2081837,1.039816,0.1733091,0.1666051,0.9897013,0.1676171,-0.5124822,-0.5846373,0.7869148,1.674742
Zombie@Death01_A,0.2777778,0,0,0,0,1.302015,0.9360313,-0.2044231,1.124057,0.1689492,0.1592485,1.040066,0.1802148,-0.5500228,-0.6073175,0.733661,1.645362
Zombie@Death01_A,0.2888889,0,0,0,0,1.284446,0.8841211,-0.2011801,1.207829,0.1512729,0.1513192,1.093981,0.1871822,-0.5870885,-0.6443495,0.6823063,1.622522
Zombie@Death01_A,0.3,0,0,0,0,1.267122,0.8342768,-0.1985487,1.288999,0.1207241,0.1427492,1.15062,0.1880552,-0.6226221,-0.6956453,0.6332406,1.606345
Zombie@Death01_A,0.3111111,0,0,0,0,1.235736,0.7833116,-0.1905444,1.360208,0.1052125,0.1359661,1.191842,0.1880272,-0.6598777,-0.7188546,0.5830479,1.61976
Zombie@Death01_A,0.3222222,0,0,0,0,1.204682,0.7337171,-0.1834533,1.434251,0.07545484,0.1271469,1.236769,0.1809215,-0.6942869,-0.7588554,0.53526,1.628435
Zombie@Death01_A,0.3333333,0,0,0,0,1.17391,0.6856641,-0.1767329,1.508466,0.03048737,0.1169492,1.284135,0.1657724,-0.7262005,-0.791216,0.4899956,1.631732
Zombie@Death01_A,0.3444445,0,0,0,0,1.127056,0.6282641,-0.1753649,1.538431,0.004597433,0.1215708,1.311866,0.1368874,-0.7622571,-0.8215264,0.4331292,1.601771
Zombie@Death01_A,0.3555556,0,0,0,0,1.080409,0.5715665,-0.1714403,1.568862,-0.03200494,0.1256987,1.339579,0.1018522,-0.7987086,-0.8495775,0.3772106,1.646814
Zombie@Death01_A,0.3666667,0,0,0,0,1.034089,0.5157194,-0.1647075,1.597941,-0.07932597,0.1292903,1.36668,0.06064599,-0.8349287,-0.8752803,0.3217447,1.697113
Zombie@Death01_A,0.3777778,0,0,0,0,0.9748012,0.451162,-0.1682322,1.588493,-0.1213071,0.1452817,1.381473,0.003870302,-0.8740373,-0.9079694,0.2551498,1.707811
Zombie@Death01_A,0.3888889,0,0,0,0,0.9163045,0.3883207,-0.1710942,1.577295,-0.1680817,0.1604909,1.392456,-0.05992872,-0.9123901,-0.9376413,0.1885608,1.715652
Zombie@Death01_A,0.4,0,0,0,0,0.858689,0.327298,-0.1731883,1.563775,-0.2194001,0.1748419,1.398882,-0.1302468,-0.9500176,-0.9643776,0.1267611,1.719868
Zombie@Death01_A,0.4111111,0,0,0,0,0.7925396,0.2724454,-0.1852145,1.523894,-0.2858173,0.1930965,1.404607,-0.2183033,-0.9924193,-0.9921969,0.07755303,1.698823
Zombie@Death01_A,0.4222222,0,0,0,0,0.7278134,0.2198349,-0.1968837,1.481229,-0.3535205,0.2097225,1.402332,-0.3146453,-1.034203,-1.019349,0.03994703,1.674227
Zombie@Death01_A,0.4333333,0,0,0,0,0.6646082,0.1693875,-0.2081144,1.435705,-0.4222903,0.2245844,1.391042,-0.4181252,-1.075501,-1.046032,0.00414741,1.645827
Zombie@Death01_A,0.4444444,0,0,0,0,0.6027426,0.1460702,-0.2183176,1.395984,-0.4948822,0.2335067,1.371674,-0.5027337,-1.136017,-1.086455,-0.007914186,1.620657
Zombie@Death01_A,0.4555556,0,0,0,0,0.5394427,0.1294413,-0.2282038,1.350998,-0.5696139,0.2414047,1.346279,-0.5993466,-1.196183,-1.127105,-0.008257151,1.599584
Zombie@Death01_A,0.4666667,0,0,0,0,0.4750493,0.1184841,-0.2394498,1.306692,-0.6657676,0.2489525,1.315833,-0.7248558,-1.251158,-1.164602,-0.003308415,1.570098
Zombie@Death01_A,0.4777778,0,0,0,0,0.4137166,0.1174277,-0.2494178,1.239937,-0.7196231,0.2603691,1.199427,-0.7911477,-1.275939,-1.180065,0.01364577,1.487965
Zombie@Death01_A,0.4888889,0,0,0,0,0.3540761,0.1221868,-0.259193,1.171779,-0.7762863,0.2776024,1.056403,-0.8622159,-1.304391,-1.195193,-0.01098859,1.420088
Zombie@Death01_A,0.5,0,0,0,0,0.2962725,0.131243,-0.2683453,1.102393,-0.836529,0.2911545,0.88908,-0.9307379,-1.345852,-1.210034,-0.03212512,1.349588
Zombie@Death01_A,0.5111111,0,0,0,0,0.2476363,0.1893903,-0.2702041,1.066879,-0.8687685,0.2891676,0.9034803,-0.9337566,-1.3684,-1.2274,-0.0175612,1.313243
Zombie@Death01_A,0.5222222,0,0,0,0,0.1988673,0.2474457,-0.2711922,1.030001,-0.9101776,0.2833521,0.9118358,-0.9431385,-1.382986,-1.235558,-0.01168203,1.274741
Zombie@Death01_A,0.5333334,0,0,0,0,0.1517877,0.3002639,-0.2710573,0.9935377,-0.962723,0.2747954,0.9152603,-0.9616377,-1.381489,-1.229596,-0.01507509,1.235839
Zombie@Death01_A,0.5444444,0,0,0,0,0.1569298,0.3196837,-0.2684205,1.001837,-0.9779364,0.270908,0.921745,-0.9568771,-1.376302,-1.229837,0.003287673,1.242573
Zombie@Death01_A,0.5555556,0,0,0,0,0.1623438,0.3404809,-0.2577421,1.006565,-0.9959157,0.262383,0.9270183,-0.9543726,-1.367943,-1.228301,0.02353716,1.245802
Zombie@Death01_A,0.5666667,0,0,0,0,0.1680623,0.3624666,-0.2390477,1.007698,-1.016049,0.2493888,0.9311687,-0.9540635,-1.356514,-1.224974,0.04527497,1.245419
Zombie@Death01_A,0.5777778,0,0,0,0,0.1725062,0.3716674,-0.2312632,1.007985,-1.018262,0.2437066,0.9330326,-0.9517455,-1.335963,-1.21522,0.05660141,1.242872
Zombie@Death01_A,0.5888889,0,0,0,0,0.1770449,0.3811069,-0.2214541,1.007905,-1.020811,0.2370022,0.9347269,-0.9500347,-1.317224,-1.205907,0.06415552,1.239112
Zombie@Death01_A,0.6,0,0,0,0,0.1816738,0.390746,-0.2097222,1.007443,-1.02359,0.229382,0.936251,-0.9488996,-1.300694,-1.197097,0.0652343,1.234071
Zombie@Death01_A,0.6111111,0,0,0,0,0.1826325,0.3884485,-0.2063473,0.9993502,-1.011426,0.2275212,0.9347071,-0.9367117,-1.292521,-1.192132,0.06401992,1.22028
Zombie@Death01_A,0.6222222,0,0,0,0,0.1838067,0.3862577,-0.2038299,0.990038,-1.000069,0.2254413,0.9331303,-0.9248165,-1.283569,-1.186894,0.06339306,1.20465
Zombie@Death01_A,0.6333333,0,0,0,0,0.1851895,0.3841667,-0.2021849,0.9795474,-0.9895471,0.2231503,0.9315263,-0.9131872,-1.274419,-1.181398,0.06335121,1.187023
Zombie@Death01_A,0.6444445,0,0,0,0,0.1826164,0.3702598,-0.2099185,0.9674717,-0.9533443,0.227055,0.9238915,-0.8831155,-1.264647,-1.175393,0.05999041,1.168588
Zombie@Death01_A,0.6555555,0,0,0,0,0.180344,0.3563634,-0.2154721,0.9528095,-0.917331,0.2307927,0.9151073,-0.8534274,-1.255536,-1.169127,0.05690897,1.147582
Zombie@Death01_A,0.6666667,0,0,0,0,0.1783607,0.3424882,-0.2188926,0.9355619,-0.8818679,0.2343551,0.9051765,-0.8241599,-1.247402,-1.162604,0.05421692,1.123835
Zombie@Death01_A,0.6777778,0,0,0,0,0.1727071,0.3194996,-0.2262937,0.9240142,-0.8380512,0.2405116,0.8914191,-0.7670715,-1.23508,-1.156179,0.04834259,1.110918
Zombie@Death01_A,0.6888889,0,0,0,0,0.167781,0.2968997,-0.2335179,0.9101798,-0.7949891,0.2471662,0.8731714,-0.7113832,-1.222451,-1.14939,0.04320794,1.095628
Zombie@Death01_A,0.7,0,0,0,0,0.1635679,0.274713,-0.2405208,0.8941041,-0.7528153,0.2542182,0.8506183,-0.657469,-1.209553,-1.142236,0.03879863,1.078014
Zombie@Death01_A,0.7111111,0,0,0,0,0.157582,0.2530912,-0.2435388,0.8884414,-0.7062829,0.2555764,0.8240915,-0.5746078,-1.197479,-1.136616,0.03030336,1.07743
Zombie@Death01_A,0.7222223,0,0,0,0,0.1535006,0.2332756,-0.2470977,0.8800037,-0.6597757,0.2589921,0.7875636,-0.4964854,-1.185054,-1.130793,0.01990938,1.073747
Zombie@Death01_A,0.7333333,0,0,0,0,0.1512379,0.2152002,-0.2511388,0.86876,-0.6135012,0.2644604,0.7421457,-0.4244236,-1.172106,-1.124632,0.01110148,1.06696
Zombie@Death01_A,0.7444445,0,0,0,0,0.1511536,0.2037872,-0.2553396,0.8512102,-0.5597915,0.2657648,0.6911004,-0.3599302,-1.162013,-1.120565,0.003807902,1.06039
Zombie@Death01_A,0.7555556,0,0,0,0,0.1525006,0.1938024,-0.2588041,0.8302335,-0.5069238,0.2665436,0.6343344,-0.3012415,-1.151543,-1.116621,-0.001889467,1.049261
Zombie@Death01_A,0.7666667,0,0,0,0,0.155154,0.1851351,-0.2614531,0.8058737,-0.4552135,0.2667166,0.5726115,-0.2489372,-1.140613,-1.112744,-0.00610733,1.033581
Zombie@Death01_A,0.7777778,0,0,0,0,0.1565795,0.1752639,-0.2668532,0.7655018,-0.4048416,0.2671356,0.4938219,-0.2071422,-1.130626,-1.107137,-0.01182747,1.00494
Zombie@Death01_A,0.7888889,0,0,0,0,0.1574398,0.1648552,-0.270912,0.7205624,-0.3565673,0.2660326,0.4275947,-0.1791581,-1.119826,-1.101555,-0.01791131,0.968995
Zombie@Death01_A,0.8,0,0,0,0,0.1573191,0.1535103,-0.2737362,0.6709598,-0.3109185,0.264698,0.37799,-0.1616442,-1.108448,-1.096148,-0.0249114,0.9253581
Zombie@Death01_A,0.8111112,0,0,0,0,0.1581941,0.1543877,-0.2763999,0.6160606,-0.2707769,0.2608553,0.31347,-0.1414581,-1.098842,-1.087789,-0.04990137,0.8734183
Zombie@Death01_A,0.8222222,0,0,0,0,0.1595169,0.1557128,-0.2783186,0.5588179,-0.2349385,0.2557097,0.2478885,-0.1261014,-1.090629,-1.082392,-0.1322953,0.815363
Zombie@Death01_A,0.8333334,0,0,0,0,0.161175,0.1573733,-0.2795712,0.4996774,-0.2035583,0.2492624,0.1817039,-0.1156555,-1.083837,-1.079936,-0.2125399,0.7517298
Zombie@Death01_A,0.8444445,0,0,0,0,0.1638431,0.1600415,-0.2741751,0.4195023,-0.1662786,0.2409423,0.1232318,-0.1132815,-1.067594,-1.078629,-0.1964771,0.6624985
Zombie@Death01_A,0.8555556,0,0,0,0,0.1635805,0.1597789,-0.2701167,0.3771188,-0.1473956,0.2316406,0.06188334,-0.1132009,-1.058639,-1.074317,-0.1828825,0.6132613
Zombie@Death01_A,0.8666667,0,0,0,0,0.1633865,0.1595849,-0.2655587,0.3338847,-0.1302239,0.2211806,0.001183789,-0.1174947,-1.053074,-1.069103,-0.2254284,0.5629386
Zombie@Death01_A,0.8777778,0,0,0,0,0.1635506,0.159749,-0.2597641,0.2769412,-0.1168981,0.2212488,0.004988593,-0.1166146,-1.052303,-1.066778,-0.2229293,0.4978723
Zombie@Death01_A,0.8888889,0,0,0,0,0.1638196,0.1600179,-0.2533323,0.2194549,-0.1074833,0.2212216,0.008901786,-0.115352,-1.051227,-1.064067,-0.2197913,0.4311208
Zombie@Death01_A,0.9,0,0,0,0,0.1641595,0.1603578,-0.2462736,0.1617214,-0.1019884,0.2210997,0.01288969,-0.1136987,-1.04984,-1.060961,-0.2160153,0.3630281
Zombie@Death01_A,0.9111111,0,0,0,0,0.164265,0.1604633,-0.2411136,0.1046726,-0.1057838,0.220931,0.01493941,-0.1130942,-1.04927,-1.05883,-0.208825,0.3221835
Zombie@Death01_A,0.9222223,0,0,0,0,0.1643543,0.1605527,-0.2348914,0.04832105,-0.1135548,0.2207,0.01697391,-0.1122451,-1.048475,-1.0565,-0.201525,0.3222713
Zombie@Death01_A,0.9333333,0,0,0,0,0.1644095,0.1606078,-0.2276633,-0.006996286,-0.1252373,0.2204101,0.01897493,-0.1111538,-1.047459,-1.053975,-0.1941368,0.3223249
Zombie@Death01_A,0.9444445,0,0,0,0,0.1644388,0.1606371,-0.2283222,-0.003210006,-0.1246719,0.2202196,0.01705816,-0.1115055,-1.047736,-1.052146,-0.1921902,0.3223557
Zombie@Death01_A,0.9555556,0,0,0,0,0.1644696,0.1606679,-0.2289762,0.0005810584,-0.1241186,0.2200297,0.01514403,-0.1118556,-1.048031,-1.050416,-0.1896865,0.3223881
Zombie@Death01_A,0.9666667,0,0,0,0,0.1645017,0.1607,-0.2296257,0.004376801,-0.1235782,0.2198398,0.01323183,-0.1122044,-1.048346,-1.048786,-0.1959249,0.3224218
Zombie@Death01_A,0.9777778,0,0,0,0,0.1645224,0.1607207,-0.2299532,0.006402048,-0.1232256,0.2193757,0.009604629,-0.1128059,-1.048681,-1.048751,-0.2011291,0.3224455
Zombie@Death01_A,0.9888889,0,0,0,0,0.164544,0.1607423,-0.2302809,0.008429485,-0.122874,0.2189071,0.005981814,-0.1134194,-1.049108,-1.048712,-0.2060288,0.32247
Zombie@Death01_A,1,0,0,0,0,0.1645662,0.1607646,-0.2306086,0.01045844,-0.122523,0.2184325,0.002363276,-0.1140447,-1.049624,-1.048668,-0.2106026,0.3224952
Zombie@Death01_A,1.011111,0,0,0,0,0.1645716,0.1607699,-0.230259,0.008457142,-0.1228015,0.2184066,0.00236861,-0.114016,-1.049595,-1.04864,-0.2125659,0.3225005
Zombie@Death01_A,1.022222,0,0,0,0,0.1645782,0.1607766,-0.2299078,0.006457942,-0.1230843,0.2183811,0.002375316,-0.1139863,-1.049566,-1.04861,-0.2144555,0.3225071
Zombie@Death01_A,1.033333,0,0,0,0,0.164586,0.1607843,-0.2295548,0.004460859,-0.1233712,0.2183565,0.002383035,-0.1139554,-1.049535,-1.048579,-0.2181318,0.322515
Zombie@Death01_A,1.044444,0,0,0,0,0.1645903,0.1607886,-0.2288776,0.0007018472,-0.1238824,0.2183037,0.002387356,-0.1139103,-1.04949,-1.048534,-0.2225529,0.3225192
Zombie@Death01_A,1.055556,0,0,0,0,0.1645948,0.1607931,-0.2281974,-0.003054065,-0.1244109,0.2182501,0.002391811,-0.1138635,-1.049443,-1.048487,-0.2267919,0.3225237
Zombie@Death01_A,1.066667,0,0,0,0,0.1645993,0.1607976,-0.2275147,-0.006806565,-0.1249556,0.2181957,0.002396312,-0.1138145,-1.049394,-1.048438,-0.230839,0.3225282
Zombie@Death01_A,1.077778,0,0,0,0,0.1646001,0.1607984,-0.2275154,-0.00680573,-0.124954,0.2181951,0.002397131,-0.1138129,-1.049392,-1.048436,-0.2308382,0.322529
Zombie@Death01_A,1.088889,0,0,0,0,0.164601,0.1607993,-0.2275163,-0.006804821,-0.1249524,0.2181942,0.00239804,-0.1138113,-1.049391,-1.048435,-0.2308372,0.3225299
Zombie@Death01_A,1.1,0,0,0,0,0.164602,0.1608003,-0.2275173,-0.006803957,-0.1249503,0.2181932,0.002399009,-0.1138096,-1.049389,-1.048433,-0.2308363,0.3225309
Zombie@Death01_A,1.111111,0,0,0,0,0.1646022,0.1608005,-0.2275174,-0.006803689,-0.1249499,0.2181929,0.002399247,-0.1138091,-1.049389,-1.048433,-0.230836,0.3225311
Zombie@Death01_A,1.122222,0,0,0,0,0.1646024,0.1608008,-0.2275178,-0.006803465,-0.1249495,0.2181927,0.0023995,-0.1138088,-1.049388,-1.048432,-0.2308358,0.3225314
Zombie@Death01_A,1.133333,0,0,0,0,0.1646027,0.1608011,-0.2275181,-0.006803227,-0.1249489,0.2181924,0.002399769,-0.1138082,-1.049388,-1.048432,-0.2308356,0.3225316
Zombie@Death01_A,1.144444,0,0,0,0,0.1646027,0.1608011,-0.2275181,-0.006803227,-0.1249489,0.2181924,0.002399769,-0.1138082,-1.049388,-1.048432,-0.2308356,0.3225316
Zombie@Death01_A,1.155556,0,0,0,0,0.1646027,0.1608011,-0.2275181,-0.006803227,-0.1249489,0.2181924,0.002399769,-0.1138082,-1.049388,-1.048432,-0.2308356,0.3225316
Zombie@Death01_A,1.166667,0,0,0,0,0.1646027,0.1608011,-0.2275181,-0.006803227,-0.1249489,0.2181924,0.002399769,-0.1138082,-1.049388,-1.048432,-0.2308356,0.3225316
Zombie@Death01_A,1.177778,0,0,0,0,0.1646027,0.1608011,-0.2275181,-0.006803227,-0.1249489,0.2181924,0.002399769,-0.1138082,-1.049388,-1.048432,-0.2308356,0.3225316
Zombie@Death01_A,1.188889,0,0,0,0,0.1646027,0.1608011,-0.2275181,-0.006803227,-0.1249489,0.2181924,0.002399769,-0.1138082,-1.049388,-1.048432,-0.2308356,0.3225316
Zombie@Death01_A,1.2,0,0,0,0,0.1646027,0.1608011,-0.2275181,-0.006803227,-0.1249489,0.2181924,0.002399769,-0.1138082,-1.049388,-1.048432,-0.2308356,0.3225316
Zombie@Death01_A,1.211111,0,0,0,0,0.1646027,0.1608011,-0.2275181,-0.006803227,-0.1249489,0.2181924,0.002399769,-0.1138082,-1.049388,-1.048432,-0.2308356,0.3225316
Zombie@Death01_A,1.222222,0,0,0,0,0.1646027,0.1608011,-0.2275181,-0.006803227,-0.1249489,0.2181924,0.002399769,-0.1138082,-1.049388,-1.048432,-0.2308356,0.3225316
Zombie@Death01_A,1.233333,0,0,0,0,0.1646027,0.1608011,-0.2275181,-0.006803227,-0.1249489,0.2181924,0.002399769,-0.1138082,-1.049388,-1.048432,-0.2308356,0.3225316
Zombie@Death01_A,1.244444,0,0,0,0,0.1646027,0.1608011,-0.2275181,-0.006803227,-0.1249489,0.2181924,0.002399769,-0.1138082,-1.049388,-1.048432,-0.2308356,0.3225316
Zombie@Death01_A,1.255556,0,0,0,0,0.1646027,0.1608011,-0.2275181,-0.006803227,-0.1249489,0.2181924,0.002399769,-0.1138082,-1.049388,-1.048432,-0.2308356,0.3225316
Zombie@Death01_A,1.266667,0,0,0,0,0.1646027,0.1608011,-0.2275181,-0.006803227,-0.1249489,0.2181924,0.002399769,-0.1138082,-1.049388,-1.048432,-0.2308356,0.3225316
Zombie@Death01_A,1.277778,0,0,0,0,0.1646027,0.1608011,-0.2275181,-0.006803227,-0.1249489,0.2181924,0.002399769,-0.1138082,-1.049388,-1.048432,-0.2308356,0.3225316
Zombie@Death01_A,1.288889,0,0,0,0,0.1646027,0.1608011,-0.2275181,-0.006803227,-0.1249489,0.2181924,0.002399769,-0.1138082,-1.049388,-1.048432,-0.2308356,0.3225316
Zombie@Death01_A,1.3,0,0,0,0,0.1646027,0.1608011,-0.2275181,-0.006803227,-0.1249489,0.2181924,0.002399769,-0.1138082,-1.049388,-1.048432,-0.2308356,0.3225316
Zombie@Death01_A,1.311111,0,0,0,0,0.1646027,0.1608011,-0.2275181,-0.006803227,-0.1249489,0.2181924,0.002399769,-0.1138082,-1.049388,-1.048432,-0.2308356,0.3225316
Zombie@Death01_A,1.322222,0,0,0,0,0.1646027,0.1608011,-0.2275181,-0.006803227,-0.1249489,0.2181924,0.002399769,-0.1138082,-1.049388,-1.048432,-0.2308356,0.3225316
Zombie@Death01_A,1.333333,0,0,0,0,0.1646027,0.1608011,-0.2275181,-0.006803227,-0.1249489,0.2181924,0.002399769,-0.1138082,-1.049388,-1.048432,-0.2308356,0.3225316
Zombie@Idle01_Action01,0,0,0,0,0,0.8561333,1.432996,-0.2526045,0.1128804,0.0671357,0.22947,0.1375238,-0.2479166,0.6342703,0.5177528,-0.002058864,1.635019
Zombie@Idle01_Action01,0.02361111,0,0,0,0,0.8556597,1.432878,-0.2522201,0.113071,0.06794094,0.2307065,0.1380114,-0.24608,0.6285774,0.5161674,-0.001735836,1.635025
Zombie@Idle01_Action01,0.04722222,0,0,0,0,0.8546529,1.43255,-0.2516555,0.1133498,0.06950937,0.2334622,0.1392634,-0.2422026,0.6111535,0.5131471,-0.001164049,1.63492
Zombie@Idle01_Action01,0.07083334,0,0,0,0,0.8531424,1.431869,-0.251177,0.1136355,0.07152025,0.2375573,0.1415589,-0.2366067,0.5822206,0.5091535,-0.0004890859,1.63452
Zombie@Idle01_Action01,0.09444445,0,0,0,0,0.8510097,1.430486,-0.2517327,0.1135608,0.07342035,0.2428541,0.1457078,-0.2293184,0.5425892,0.5053257,-7.626414E-05,1.633405
Zombie@Idle01_Action01,0.1180556,0,0,0,0,0.8484411,1.428183,-0.253949,0.1133989,0.07369274,0.2483113,0.151272,-0.2215035,0.4972213,0.5017411,-2.413988E-06,1.631099
Zombie@Idle01_Action01,0.1416667,0,0,0,0,0.8456313,1.424988,-0.2570949,0.1132128,0.07227483,0.2537669,0.1577763,-0.2136272,0.4472413,0.498612,-0.0003208518,1.627551
Zombie@Idle01_Action01,0.1652778,0,0,0,0,0.8425853,1.420746,-0.2614222,0.1131404,0.06866728,0.2589169,0.1648944,-0.2058744,0.3918316,0.4932199,-0.001041383,1.624239
Zombie@Idle01_Action01,0.1888889,0,0,0,0,0.8392571,1.415345,-0.2657151,0.1127163,0.06283223,0.264556,0.1718697,-0.1994037,0.3339773,0.4912569,-0.002651393,1.619578
Zombie@Idle01_Action01,0.2125,0,0,0,0,0.8358052,1.409192,-0.2699736,0.1120757,0.05696972,0.2695301,0.1782316,-0.1934778,0.2727765,0.4891869,-0.00456506,1.613497
Zombie@Idle01_Action01,0.2361111,0,0,0,0,0.8322102,1.402402,-0.2741521,0.1112297,0.05163344,0.273848,0.1836616,-0.1878414,0.208881,0.4860787,-0.006607741,1.606274
Zombie@Idle01_Action01,0.2597222,0,0,0,0,0.8285936,1.395561,-0.2782752,0.110245,0.04804289,0.2769556,0.1872628,-0.1833331,0.1466243,0.4843355,-0.008406311,1.599037
Zombie@Idle01_Action01,0.2833334,0,0,0,0,0.8251396,1.389,-0.2827381,0.1093722,0.04538004,0.2795875,0.1898982,-0.1798509,0.08484799,0.4814925,-0.009838104,1.592175
Zombie@Idle01_Action01,0.3069445,0,0,0,0,0.8219015,1.382784,-0.2873904,0.1086105,0.04314714,0.2822293,0.1920122,-0.1772872,0.02377291,0.478194,-0.01100248,1.585728
Zombie@Idle01_Action01,0.3305556,0,0,0,0,0.818957,1.377272,-0.2922276,0.1079772,0.04093845,0.2854495,0.1937082,-0.1759997,-0.03511384,0.4743297,-0.01192199,1.580001
Zombie@Idle01_Action01,0.3541667,0,0,0,0,0.8165934,1.373105,-0.2967417,0.1075055,0.03895411,0.2887268,0.1947781,-0.1764627,-0.09115431,0.4695633,-0.01259264,1.575654
Zombie@Idle01_Action01,0.3777778,0,0,0,0,0.8147051,1.369816,-0.3005445,0.1070208,0.03715852,0.2918155,0.1956351,-0.1776376,-0.1452209,0.4638551,-0.01326343,1.572231
Zombie@Idle01_Action01,0.4013889,0,0,0,0,0.8133132,1.367492,-0.3035399,0.1065069,0.03555091,0.2946036,0.1962942,-0.1795053,-0.196876,0.4573558,-0.01397084,1.569826
Zombie@Idle01_Action01,0.425,0,0,0,0,0.8128031,1.366838,-0.3047388,0.1058796,0.03415853,0.2965845,0.1969048,-0.1817188,-0.2437285,0.4497473,-0.01489457,1.569181
Zombie@Idle01_Action01,0.4486111,0,0,0,0,0.8126557,1.366914,-0.3052498,0.1052632,0.03285778,0.2975931,0.1973583,-0.1832484,-0.2860322,0.4414321,-0.01582505,1.569315
Zombie@Idle01_Action01,0.4722222,0,0,0,0,0.8127497,1.367502,-0.3053469,0.1046958,0.03161504,0.2978487,0.1976455,-0.1842392,-0.3238976,0.4325475,-0.01671055,1.569998
Zombie@Idle01_Action01,0.4958334,0,0,0,0,0.812987,1.368452,-0.3052534,0.1042469,0.03036648,0.2974672,0.1977281,-0.1846273,-0.3554417,0.4232196,-0.0174689,1.571074
Zombie@Idle01_Action01,0.5194445,0,0,0,0,0.8133538,1.369736,-0.3049816,0.1039228,0.02917714,0.297307,0.1978164,-0.1849401,-0.3841564,0.4136262,-0.01807818,1.572507
Zombie@Idle01_Action01,0.5430556,0,0,0,0,0.8138095,1.371218,-0.3046279,0.1036799,0.02809415,0.2972569,0.1978959,-0.1851786,-0.4123819,0.4038577,-0.0185701,1.574148
Zombie@Idle01_Action01,0.5666667,0,0,0,0,0.8143514,1.372884,-0.3042028,0.1035093,0.02712707,0.2973029,0.1979665,-0.185351,-0.4408067,0.3939948,-0.01895235,1.575975
Zombie@Idle01_Action01,0.5902778,0,0,0,0,0.8150334,1.374819,-0.3036621,0.1034215,0.02641294,0.2975056,0.1980269,-0.1854163,-0.4681088,0.3844294,-0.01917437,1.578071
Zombie@Idle01_Action01,0.6138889,0,0,0,0,0.8157943,1.376847,-0.3031177,0.1034011,0.02588691,0.2977413,0.1980422,-0.1854156,-0.4942375,0.3751009,-0.01927149,1.580245
Zombie@Idle01_Action01,0.6375,0,0,0,0,0.8166311,1.378952,-0.3025752,0.1034481,0.0255418,0.2980035,0.1980222,-0.1853478,-0.5190489,0.3660839,-0.01924625,1.582474
Zombie@Idle01_Action01,0.6611112,0,0,0,0,0.8175642,1.381135,-0.3020403,0.1035894,0.02545326,0.2983034,0.197979,-0.1851555,-0.5418529,0.3577234,-0.01905116,1.584752
Zombie@Idle01_Action01,0.6847222,0,0,0,0,0.8185736,1.383326,-0.3015639,0.1038265,0.02560886,0.2985949,0.1978758,-0.1848594,-0.5625355,0.3501379,-0.0186884,1.587001
Zombie@Idle01_Action01,0.7083334,0,0,0,0,0.8196363,1.385491,-0.3011557,0.1041416,0.02594552,0.2988533,0.197724,-0.1844894,-0.581333,0.3432059,-0.01819468,1.589181
Zombie@Idle01_Action01,0.7319445,0,0,0,0,0.820749,1.387614,-0.3008283,0.1045381,0.0264746,0.2990719,0.1975136,-0.1840365,-0.5980572,0.3370674,-0.01756373,1.591269
Zombie@Idle01_Action01,0.7555556,0,0,0,0,0.8219191,1.389637,-0.3006465,0.1050591,0.02727916,0.2992128,0.1972137,-0.1834514,-0.6117904,0.3322217,-0.01672834,1.593202
Zombie@Idle01_Action01,0.7791667,0,0,0,0,0.8231091,1.391558,-0.3005786,0.1056537,0.02823404,0.299273,0.196853,-0.1827918,-0.6232913,0.328251,-0.01577528,1.594976
Zombie@Idle01_Action01,0.8027778,0,0,0,0,0.8243048,1.393359,-0.3006293,0.106311,0.02933221,0.2992456,0.196424,-0.1820568,-0.6325089,0.3251842,-0.01471612,1.596571
Zombie@Idle01_Action01,0.826389,0,0,0,0,0.8255069,1.394979,-0.3008469,0.107074,0.03064582,0.2990984,0.1959004,-0.1811956,-0.6383119,0.3234977,-0.01348719,1.597924
Zombie@Idle01_Action01,0.85,0,0,0,0,0.8266913,1.396419,-0.3011984,0.1079104,0.03211202,0.2988409,0.195298,-0.1802301,-0.6410609,0.3229458,-0.01213744,1.599042
Zombie@Idle01_Action01,0.8736112,0,0,0,0,0.8278324,1.397673,-0.3016663,0.1087854,0.03370033,0.298477,0.1946112,-0.1791739,-0.6410034,0.3233431,-0.01070932,1.599917
Zombie@Idle01_Action01,0.8972223,0,0,0,0,0.8289235,1.398705,-0.3022594,0.1097137,0.03544047,0.2979975,0.1938318,-0.1779985,-0.6376024,0.3248603,-0.009178892,1.600519
Zombie@Idle01_Action01,0.9208334,0,0,0,0,0.8299668,1.399489,-0.3029659,0.1107313,0.0373803,0.2973943,0.1929741,-0.1766487,-0.6300871,0.3277339,-0.007498935,1.600837
Zombie@Idle01_Action01,0.9444445,0,0,0,0,0.8309115,1.400021,-0.303731,0.1117478,0.03946276,0.2967092,0.1920117,-0.1751654,-0.6195914,0.3315233,-0.005774304,1.600868
Zombie@Idle01_Action01,0.9680556,0,0,0,0,0.8317729,1.400286,-0.3045171,0.1127683,0.04172698,0.2959598,0.1909807,-0.1735458,-0.6065638,0.3365468,-0.003999114,1.6006
Zombie@Idle01_Action01,0.9916667,0,0,0,0,0.8325302,1.39998,-0.3047671,0.1136239,0.04447761,0.2954281,0.1901181,-0.1719886,-0.5902207,0.3474098,-0.002359539,1.599739
Zombie@Idle01_Action01,1.015278,0,0,0,0,0.8331962,1.398983,-0.304278,0.1141904,0.04760957,0.2952222,0.1895697,-0.170788,-0.5716102,0.3653525,-0.0010432,1.598057
Zombie@Idle01_Action01,1.038889,0,0,0,0,0.8337984,1.397321,-0.3031939,0.1145345,0.05107209,0.2952579,0.1893047,-0.1698599,-0.5506527,0.388657,2.712011E-05,1.595545
Zombie@Idle01_Action01,1.0625,0,0,0,0,0.8343052,1.394781,-0.3013781,0.1146009,0.05480811,0.2955904,0.1893938,-0.1693436,-0.5263399,0.4175499,0.0007576942,1.591886
Zombie@Idle01_Action01,1.086111,0,0,0,0,0.8346934,1.391445,-0.2991619,0.1145295,0.05853999,0.2960085,0.1896894,-0.1692168,-0.4982908,0.448556,0.001277208,1.587243
Zombie@Idle01_Action01,1.109722,0,0,0,0,0.8349894,1.387523,-0.2969773,0.1144687,0.06238576,0.2962995,0.1899705,-0.168979,-0.4659996,0.477211,0.001846433,1.583526
Zombie@Idle01_Action01,1.133333,0,0,0,0,0.8351977,1.383001,-0.2949359,0.1144614,0.06636837,0.2963897,0.1902004,-0.168548,-0.4285406,0.5018706,0.002524048,1.580155
Zombie@Idle01_Action01,1.156945,0,0,0,0,0.8351573,1.378003,-0.293329,0.1146549,0.07035288,0.2961527,0.1900147,-0.1676846,-0.3843185,0.5202654,0.003567725,1.575835
Zombie@Idle01_Action01,1.180556,0,0,0,0,0.8349497,1.372576,-0.2920525,0.1149627,0.07471509,0.2957047,0.1895351,-0.1661398,-0.3335731,0.5318133,0.00495854,1.570711
Zombie@Idle01_Action01,1.204167,0,0,0,0,0.8345262,1.366744,-0.2913042,0.1155696,0.07969937,0.2934071,0.1875037,-0.1651587,-0.271707,0.5360658,0.006862313,1.564824
Zombie@Idle01_Action01,1.227778,0,0,0,0,0.8335283,1.360832,-0.2919689,0.1170725,0.08613556,0.2829207,0.1790943,-0.1689199,-0.1790373,0.5363373,0.009921908,1.559186
Zombie@Idle01_Action01,1.251389,0,0,0,0,0.8318335,1.355723,-0.2935118,0.119832,0.09457718,0.2614798,0.1614799,-0.1776793,-0.04047187,0.5313071,0.01435363,1.554109
Zombie@Idle01_Action01,1.275,0,0,0,0,0.829603,1.351391,-0.2944706,0.1229694,0.104342,0.2408503,0.1442935,-0.1854351,0.1209012,0.5187197,0.01537715,1.549657
Zombie@Idle01_Action01,1.298611,0,0,0,0,0.8265535,1.347957,-0.2938736,0.125922,0.1155557,0.2284445,0.1322105,-0.192394,0.2993728,0.4976442,0.01554905,1.546009
Zombie@Idle01_Action01,1.322222,0,0,0,0,0.8233382,1.3463,-0.2900507,0.1280186,0.1239217,0.2280969,0.1312366,-0.204276,0.4321211,0.4683608,0.01822734,1.544193
Zombie@Idle01_Action01,1.345833,0,0,0,0,0.8203048,1.345425,-0.2862894,0.1303469,0.1308612,0.2265494,0.1323185,-0.218949,0.5128864,0.4305057,0.02154855,1.543251
Zombie@Idle01_Action01,1.369444,0,0,0,0,0.8169304,1.344696,-0.2817819,0.1321473,0.1363133,0.2240785,0.1345016,-0.2355961,0.5335442,0.384097,0.02522761,1.54251
Zombie@Idle01_Action01,1.393056,0,0,0,0,0.813283,1.344684,-0.2801986,0.1349292,0.1400012,0.2184717,0.1355753,-0.24956,0.5257981,0.3213919,0.02668636,1.542481
Zombie@Idle01_Action01,1.416667,0,0,0,0,0.8084579,1.344091,-0.2791337,0.1369589,0.1432244,0.2147842,0.1351278,-0.2585804,0.5352135,0.2478246,0.0266095,1.541723
Zombie@Idle01_Action01,1.440278,0,0,0,0,0.803534,1.343318,-0.2780019,0.1389699,0.1465386,0.2119126,0.1347835,-0.2650453,0.5305045,0.1668825,0.02661643,1.540948
Zombie@Idle01_Action01,1.463889,0,0,0,0,0.798191,1.341969,-0.2768005,0.1404175,0.1490654,0.2104827,0.1343919,-0.2693238,0.5262628,0.08157214,0.02650382,1.539737
Zombie@Idle01_Action01,1.4875,0,0,0,0,0.792694,1.339754,-0.2753972,0.141249,0.1506337,0.2112049,0.134371,-0.2719988,0.5164732,-0.001393127,0.02675466,1.537653
Zombie@Idle01_Action01,1.511111,0,0,0,0,0.7872784,1.336765,-0.2735957,0.1418093,0.1519186,0.2118496,0.1348209,-0.2750853,0.5028783,-0.07803094,0.02681689,1.534809
Zombie@Idle01_Action01,1.534722,0,0,0,0,0.7819858,1.333034,-0.2715998,0.1420769,0.1527617,0.2130607,0.1355573,-0.2778552,0.4871368,-0.1476451,0.02697632,1.531228
Zombie@Idle01_Action01,1.558333,0,0,0,0,0.7770882,1.328327,-0.269774,0.1419499,0.1530824,0.2146063,0.136478,-0.2800103,0.4698045,-0.2032766,0.02739418,1.526666
Zombie@Idle01_Action01,1.581945,0,0,0,0,0.7726005,1.323034,-0.2680805,0.1416833,0.1532461,0.2161976,0.137407,-0.2817582,0.4514112,-0.2478424,0.02805795,1.521499
Zombie@Idle01_Action01,1.605556,0,0,0,0,0.7684689,1.317376,-0.2666259,0.1412714,0.153271,0.2176649,0.1382286,-0.2831551,0.4331645,-0.2833299,0.02884469,1.515949
Zombie@Idle01_Action01,1.629167,0,0,0,0,0.7649454,1.311746,-0.2655351,0.1408078,0.1532558,0.2188923,0.1388727,-0.284058,0.415105,-0.3082644,0.02980354,1.510407
Zombie@Idle01_Action01,1.652778,0,0,0,0,0.7621756,1.306904,-0.2648525,0.1403811,0.1532465,0.2197485,0.1393005,-0.284571,0.398566,-0.3245955,0.03073714,1.505631
Zombie@Idle01_Action01,1.676389,0,0,0,0,0.75997,1.302771,-0.264377,0.1399913,0.1532653,0.220414,0.1395863,-0.2848344,0.3832362,-0.3353907,0.0315761,1.501545
Zombie@Idle01_Action01,1.7,0,0,0,0,0.7583473,1.299435,-0.2640752,0.1396344,0.1532885,0.2209084,0.1397648,-0.284934,0.3693755,-0.3409114,0.03226392,1.49824
Zombie@Idle01_Action01,1.723611,0,0,0,0,0.7577668,1.297706,-0.263917,0.1393435,0.1532476,0.2211949,0.1398782,-0.2850087,0.3593157,-0.3389021,0.0325561,1.496521
Zombie@Idle01_Action01,1.747222,0,0,0,0,0.757551,1.296708,-0.2639416,0.1391548,0.1531609,0.2213181,0.1399374,-0.2850435,0.351485,-0.333288,0.03267392,1.49552
Zombie@Idle01_Action01,1.770833,0,0,0,0,0.757652,1.296375,-0.2641812,0.1390751,0.1530185,0.2212693,0.1399393,-0.2850113,0.3460095,-0.3243566,0.03264166,1.495177
Zombie@Idle01_Action01,1.794445,0,0,0,0,0.7580426,1.296752,-0.2648195,0.1391752,0.1527897,0.2209698,0.1398449,-0.284755,0.3440843,-0.3117478,0.0324997,1.495533
Zombie@Idle01_Action01,1.818056,0,0,0,0,0.7588589,1.297776,-0.2656461,0.1392928,0.152495,0.2206197,0.1396854,-0.2841597,0.3443109,-0.2973152,0.03234843,1.496534
Zombie@Idle01_Action01,1.841667,0,0,0,0,0.7600216,1.299239,-0.2664963,0.1393439,0.1521674,0.2203256,0.1394918,-0.2832862,0.3457368,-0.2826899,0.03222849,1.497975
Zombie@Idle01_Action01,1.865278,0,0,0,0,0.7615847,1.301139,-0.2672817,0.1392688,0.1518144,0.2201606,0.1392877,-0.2821083,0.3481841,-0.26877,0.0321851,1.499854
Zombie@Idle01_Action01,1.888889,0,0,0,0,0.763606,1.303409,-0.2677916,0.1388957,0.15141,0.2202915,0.1390935,-0.2805934,0.3519613,-0.2551792,0.0322773,1.502112
Zombie@Idle01_Action01,1.9125,0,0,0,0,0.7658581,1.305847,-0.2682096,0.1384045,0.1509048,0.2205122,0.138915,-0.2789805,0.3566677,-0.2393442,0.03242626,1.504534
Zombie@Idle01_Action01,1.936111,0,0,0,0,0.7683383,1.308458,-0.2685611,0.1378181,0.1502732,0.2207856,0.138763,-0.2773109,0.3623454,-0.2210121,0.03263189,1.507122
Zombie@Idle01_Action01,1.959722,0,0,0,0,0.7711785,1.311465,-0.2690078,0.1371456,0.1492818,0.2209871,0.1386192,-0.2756122,0.3693286,-0.1993594,0.03282379,1.510088
Zombie@Idle01_Action01,1.983333,0,0,0,0,0.7743134,1.314823,-0.2694986,0.1364077,0.1479518,0.221141,0.1384935,-0.2739269,0.3774174,-0.1752603,0.03300096,1.513393
Zombie@Idle01_Action01,2.006945,0,0,0,0,0.7776886,1.318477,-0.2699863,0.1356194,0.1463428,0.2212609,0.1384062,-0.272293,0.3864903,-0.1492202,0.03319098,1.516986
Zombie@Idle01_Action01,2.030556,0,0,0,0,0.7813492,1.322531,-0.2704716,0.1347629,0.144359,0.2213428,0.1383571,-0.2707234,0.3966072,-0.121009,0.03337781,1.520969
Zombie@Idle01_Action01,2.054167,0,0,0,0,0.7853504,1.32716,-0.2709832,0.1338311,0.1418091,0.2212119,0.138346,-0.2694023,0.4079177,-0.09029394,0.03341225,1.525524
Zombie@Idle01_Action01,2.077778,0,0,0,0,0.7895225,1.332123,-0.2714567,0.132839,0.1388862,0.2214316,0.1382714,-0.2678105,0.4199363,-0.05812013,0.03355658,1.530649
Zombie@Idle01_Action01,2.101389,0,0,0,0,0.7938715,1.337441,-0.2718042,0.1318024,0.1356775,0.2214877,0.138286,-0.266529,0.4325989,-0.02448167,0.03367145,1.536431
Zombie@Idle01_Action01,2.125,0,0,0,0,0.7984384,1.343302,-0.2721275,0.1307046,0.131847,0.2215883,0.1382724,-0.2652479,0.4461814,0.01069469,0.03313276,1.542748
Zombie@Idle01_Action01,2.148611,0,0,0,0,0.8030726,1.349419,-0.2723019,0.1295748,0.1277446,0.2217498,0.1382684,-0.2640087,0.4602011,0.04653772,0.03090706,1.549265
Zombie@Idle01_Action01,2.172222,0,0,0,0,0.8077341,1.355713,-0.272279,0.1284172,0.1234941,0.2219717,0.1383013,-0.2628217,0.474452,0.08275802,0.02863982,1.555907
Zombie@Idle01_Action01,2.195833,0,0,0,0,0.8123912,1.362169,-0.2721339,0.127259,0.1190222,0.2222171,0.1382736,-0.2615933,0.4889394,0.1191576,0.02634719,1.562645
Zombie@Idle01_Action01,2.219445,0,0,0,0,0.816959,1.368633,-0.2719243,0.1261448,0.1144272,0.2223995,0.1381342,-0.2602818,0.5034956,0.1552421,0.02409619,1.569311
Zombie@Idle01_Action01,2.243056,0,0,0,0,0.821404,1.375001,-0.2715175,0.1250306,0.109938,0.2225854,0.1380049,-0.2589833,0.5177587,0.1907019,0.02188984,1.57583
Zombie@Idle01_Action01,2.266667,0,0,0,0,0.8257085,1.381239,-0.270928,0.1239143,0.1055827,0.222772,0.1378732,-0.2576764,0.5315803,0.2252195,0.01973101,1.582171
Zombie@Idle01_Action01,2.290278,0,0,0,0,0.8297431,1.387291,-0.2701278,0.1228447,0.1011717,0.2231133,0.137974,-0.2564104,0.5449297,0.2581024,0.017611,1.588273
Zombie@Idle01_Action01,2.313889,0,0,0,0,0.8335618,1.393203,-0.2689663,0.1217429,0.09692531,0.2237303,0.1384737,-0.2553252,0.5574321,0.2893364,0.01545954,1.594237
Zombie@Idle01_Action01,2.3375,0,0,0,0,0.8371626,1.398957,-0.2675146,0.1206327,0.09285587,0.2245492,0.1392556,-0.2543703,0.5690507,0.3188781,0.01339778,1.600052
Zombie@Idle01_Action01,2.361111,0,0,0,0,0.8404427,1.404437,-0.2658659,0.1195402,0.088898,0.225505,0.1400851,-0.2535791,0.5798094,0.3462545,0.01137289,1.605598
Zombie@Idle01_Action01,2.384722,0,0,0,0,0.8433956,1.409526,-0.2641828,0.1185096,0.08516861,0.2262952,0.1405521,-0.2529083,0.5897141,0.3714083,0.009378731,1.610761
Zombie@Idle01_Action01,2.408334,0,0,0,0,0.8460816,1.414232,-0.262453,0.1175375,0.08177651,0.2269754,0.1407903,-0.2523086,0.5986235,0.3944754,0.00747022,1.615556
Zombie@Idle01_Action01,2.431945,0,0,0,0,0.848466,1.418474,-0.2607349,0.1166373,0.07874256,0.2275354,0.1407581,-0.251767,0.6065404,0.4153587,0.005676538,1.619893
Zombie@Idle01_Action01,2.455556,0,0,0,0,0.8502828,1.421842,-0.2592243,0.1158836,0.07624374,0.2279036,0.1404248,-0.2512887,0.6135071,0.4339437,0.004140794,1.623344
Zombie@Idle01_Action01,2.479167,0,0,0,0,0.8517233,1.424597,-0.2578712,0.1152392,0.07418153,0.2281889,0.1399938,-0.2507927,0.6193546,0.4503593,0.002802879,1.626177
Zombie@Idle01_Action01,2.502778,0,0,0,0,0.8528039,1.426763,-0.2567075,0.1147002,0.07249691,0.2284034,0.1394757,-0.2502851,0.6241247,0.4647955,0.001652896,1.628415
Zombie@Idle01_Action01,2.526389,0,0,0,0,0.8534715,1.428204,-0.2558717,0.1143106,0.0712387,0.2285339,0.1389675,-0.2498236,0.6277069,0.47652,0.0007807016,1.629905
Zombie@Idle01_Action01,2.55,0,0,0,0,0.8539942,1.429283,-0.2552149,0.1140161,0.07030945,0.2286723,0.1386048,-0.2494322,0.6300424,0.4855084,0.0001371205,1.631018
Zombie@Idle01_Action01,2.573611,0,0,0,0,0.8544336,1.43014,-0.2546718,0.1137767,0.0695879,0.2288126,0.1383381,-0.2490965,0.6313983,0.4926902,-0.0003631413,1.631904
Zombie@Idle01_Action01,2.597222,0,0,0,0,0.8548282,1.430834,-0.2542242,0.1135853,0.06903182,0.2289492,0.1381665,-0.248832,0.6321007,0.4982732,-0.0007362664,1.632627
Zombie@Idle01_Action01,2.620833,0,0,0,0,0.8551665,1.4314,-0.2538396,0.1134208,0.06854805,0.229064,0.1380182,-0.2486109,0.6328609,0.5031266,-0.001056582,1.633238
Zombie@Idle01_Action01,2.644445,0,0,0,0,0.8554576,1.431879,-0.2534987,0.1132737,0.06813225,0.2291668,0.1378853,-0.2484142,0.6333902,0.5073451,-0.001338422,1.633763
Zombie@Idle01_Action01,2.668056,0,0,0,0,0.8557016,1.432273,-0.2532053,0.1131456,0.06778187,0.2292565,0.1377695,-0.2482454,0.6337708,0.51093,-0.001580447,1.634203
Zombie@Idle01_Action01,2.691667,0,0,0,0,0.8558689,1.432547,-0.2529939,0.1130539,0.06753539,0.2293244,0.137685,-0.2481293,0.6341205,0.5134615,-0.001751065,1.63451
Zombie@Idle01_Action01,2.715278,0,0,0,0,0.8559876,1.432744,-0.2528342,0.1129839,0.06735834,0.2293791,0.1376202,-0.2480423,0.6342913,0.5153037,-0.001879096,1.634732
Zombie@Idle01_Action01,2.738889,0,0,0,0,0.8560668,1.432878,-0.252717,0.1129311,0.06723735,0.2294225,0.1375715,-0.2479793,0.6343418,0.5165921,-0.00197199,1.634884
Zombie@Idle01_Action01,2.7625,0,0,0,0,0.856106,1.432947,-0.2526489,0.1129007,0.06717458,0.2294527,0.1375431,-0.247944,0.6343337,0.5172799,-0.002024263,1.634963
Zombie@Idle01_Action01,2.786111,0,0,0,0,0.8561205,1.432975,-0.2526134,0.1128844,0.06714877,0.2294706,0.1375275,-0.2479272,0.6342887,0.5175835,-0.002049893,1.634995
Zombie@Idle01_Action01,2.809722,0,0,0,0,0.8561261,1.432987,-0.2525943,0.112876,0.06713774,0.2294819,0.1375194,-0.2479182,0.6342376,0.5177256,-0.002062619,1.63501
Zombie@Idle01_Action01,2.833333,0,0,0,0,0.8561259,1.432988,-0.2525881,0.112873,0.06713647,0.2294866,0.1375163,-0.2479158,0.6342083,0.5177536,-0.002066344,1.635012
Zombie@Death01_B,0,0,0,0,0,0.8561259,1.432988,-0.2525882,0.1128727,0.06713647,0.2294865,0.1375163,-0.2479158,0.6342084,0.5177538,-0.002066672,1.635012
Zombie@Death01_B,0.01111111,0,0,0,0,0.8925816,1.449803,-0.2409333,0.09219947,0.06372218,0.2253837,0.1198316,-0.2495059,0.6421875,0.5245229,-0.02363756,1.649242
Zombie@Death01_B,0.02222222,0,0,0,0,0.9291435,1.462019,-0.2273268,0.08179823,0.06224079,0.2205027,0.1109592,-0.2429186,0.6480134,0.5270764,-0.0348994,1.66112
Zombie@Death01_B,0.03333334,0,0,0,0,0.964978,1.469151,-0.2167383,0.08547155,0.08208377,0.2156511,0.1112061,-0.2306435,0.6498282,0.5239043,-0.02584174,1.66712
Zombie@Death01_B,0.04444445,0,0,0,0,1.002867,1.513849,-0.216873,0.1297758,0.1037316,0.2201926,0.139803,-0.182803,0.6236251,0.4980708,-0.01653907,1.712727
Zombie@Death01_B,0.05555556,0,0,0,0,1.04023,1.557288,-0.2169997,0.1760016,0.1253915,0.2240748,0.1741809,-0.1342253,0.592873,0.4642812,-0.002245277,1.756958
Zombie@Death01_B,0.06666667,0,0,0,0,1.077038,1.599423,-0.217129,0.2240845,0.1469517,0.2272979,0.2142922,-0.08549818,0.5571138,0.4234031,0.01903179,1.799768
Zombie@Death01_B,0.07777778,0,0,0,0,1.110865,1.650512,-0.2171636,0.2798022,0.1750804,0.223194,0.2452982,-0.05108137,0.4789708,0.3590081,0.05198867,1.851666
Zombie@Death01_B,0.08888889,0,0,0,0,1.145446,1.698133,-0.2183732,0.3397822,0.202009,0.2185283,0.2814255,-0.01518793,0.3966988,0.2925118,0.07779796,1.899827
Zombie@Death01_B,0.1,0,0,0,0,1.180861,1.742163,-0.2207552,0.4037407,0.22704,0.2132426,0.3227401,0.02123847,0.3117404,0.2243496,0.1100106,1.94413
Zombie@Death01_B,0.1111111,0,0,0,0,1.207225,1.780962,-0.2194456,0.4568188,0.2440071,0.206923,0.3570592,0.04164817,0.2301868,0.151249,0.1395607,1.982182
Zombie@Death01_B,0.1222222,0,0,0,0,1.235229,1.812184,-0.219374,0.514375,0.2597039,0.1994215,0.3954675,0.06251208,0.152624,0.08225999,0.1739275,2.011437
Zombie@Death01_B,0.1333333,0,0,0,0,1.265517,1.836334,-0.2204084,0.5765625,0.2733216,0.1908523,0.4384597,0.08287471,0.07400371,0.01382254,0.2135216,2.034829
Zombie@Death01_B,0.1444445,0,0,0,0,1.281138,1.836259,-0.220812,0.6107128,0.2569261,0.1876754,0.4735184,0.0879459,-0.0003562144,-0.0483362,0.2531438,2.039706
Zombie@Death01_B,0.1555556,0,0,0,0,1.301087,1.816895,-0.2211353,0.6508649,0.2390954,0.183099,0.5157027,0.09120192,-0.07218041,-0.1128394,0.3001639,1.997859
Zombie@Death01_B,0.1666667,0,0,0,0,1.32505,1.779368,-0.2211246,0.6958486,0.2178218,0.1774092,0.564093,0.09019827,-0.138535,-0.1754487,0.3536323,1.91093
Zombie@Death01_B,0.1777778,0,0,0,0,1.331249,1.687388,-0.2181026,0.7164489,0.2133302,0.1770203,0.5997229,0.09420996,-0.1879768,-0.2191722,0.402098,1.808968
Zombie@Death01_B,0.1888889,0,0,0,0,1.341068,1.578666,-0.2164142,0.7420597,0.2043307,0.1759152,0.6416373,0.09168633,-0.236776,-0.2854587,0.4577467,1.703044
Zombie@Death01_B,0.2,0,0,0,0,1.353386,1.461078,-0.2156857,0.770161,0.1885342,0.174468,0.6874747,0.07999998,-0.283188,-0.3618048,0.5185276,1.592794
Zombie@Death01_B,0.2111111,0,0,0,0,1.352676,1.36573,-0.2139967,0.8017097,0.1922552,0.1744889,0.7324308,0.0990793,-0.3203573,-0.3869917,0.5782969,1.607709
Zombie@Death01_B,0.2222222,0,0,0,0,1.351083,1.270782,-0.2125131,0.8337959,0.1918294,0.1745471,0.7794345,0.1114463,-0.3592233,-0.4245404,0.6230941,1.633654
Zombie@Death01_B,0.2333333,0,0,0,0,1.348148,1.179313,-0.2111822,0.8649878,0.1868194,0.1746763,0.8268591,0.1164613,-0.397358,-0.4780258,0.6599547,1.662789
Zombie@Death01_B,0.2444444,0,0,0,0,1.33942,1.114077,-0.2091313,0.9232073,0.1897966,0.1720125,0.8785526,0.1393711,-0.4349754,-0.5119542,0.7290269,1.670241
Zombie@Death01_B,0.2555556,0,0,0,0,1.329855,1.050343,-0.2081594,0.98193,0.1853388,0.169329,0.9331694,0.1565726,-0.4735364,-0.5477504,0.7997497,1.674369
Zombie@Death01_B,0.2666667,0,0,0,0,1.319524,0.9891535,-0.2081837,1.039816,0.1733091,0.1666051,0.9897013,0.1676171,-0.5124822,-0.5846373,0.7869148,1.674742
Zombie@Death01_B,0.2777778,0,0,0,0,1.302015,0.9360313,-0.2044231,1.124057,0.1689492,0.1592485,1.040066,0.1802148,-0.5500228,-0.6073175,0.733661,1.645362
Zombie@Death01_B,0.2888889,0,0,0,0,1.284446,0.8841211,-0.2011801,1.207829,0.1512729,0.1513192,1.093981,0.1871822,-0.5870885,-0.6443495,0.6823063,1.622522
Zombie@Death01_B,0.3,0,0,0,0,1.267122,0.8342768,-0.1985487,1.288999,0.1207241,0.1427492,1.15062,0.1880552,-0.6226221,-0.6956453,0.6332406,1.606345
Zombie@Death01_B,0.3111111,0,0,0,0,1.235736,0.7833116,-0.1905444,1.360208,0.1052125,0.1359661,1.191842,0.1880272,-0.6598777,-0.7188546,0.5830479,1.61976
Zombie@Death01_B,0.3222222,0,0,0,0,1.204682,0.7337171,-0.1834533,1.434251,0.07545484,0.1271469,1.236769,0.1809215,-0.6942869,-0.7588554,0.53526,1.628435
Zombie@Death01_B,0.3333333,0,0,0,0,1.17391,0.6856641,-0.1767329,1.508466,0.03048737,0.1169492,1.284135,0.1657724,-0.7262005,-0.791216,0.4899956,1.631732
Zombie@Death01_B,0.3444445,0,0,0,0,1.127056,0.6282641,-0.1753649,1.538431,0.004597433,0.1215708,1.311866,0.1368874,-0.7622571,-0.8215264,0.4331292,1.601771
Zombie@Death01_B,0.3555556,0,0,0,0,1.080409,0.5715665,-0.1714403,1.568862,-0.03200494,0.1256987,1.339579,0.1018522,-0.7987086,-0.8495775,0.3772106,1.646814
Zombie@Death01_B,0.3666667,0,0,0,0,1.034089,0.5157194,-0.1647075,1.597941,-0.07932597,0.1292903,1.36668,0.06064599,-0.8349287,-0.8752803,0.3217447,1.697113
Zombie@Death01_B,0.3777778,0,0,0,0,0.9748012,0.451162,-0.1682322,1.588493,-0.1213071,0.1452817,1.381473,0.003870302,-0.8740373,-0.9079694,0.2551498,1.707811
Zombie@Death01_B,0.3888889,0,0,0,0,0.9163045,0.3883207,-0.1710942,1.577295,-0.1680817,0.1604909,1.392456,-0.05992872,-0.9123901,-0.9376413,0.1885608,1.715652
Zombie@Death01_B,0.4,0,0,0,0,0.858689,0.327298,-0.1731883,1.563775,-0.2194001,0.1748419,1.398882,-0.1302468,-0.9500176,-0.9643776,0.1267611,1.719868
Zombie@Death01_B,0.4111111,0,0,0,0,0.7925396,0.2724454,-0.1852145,1.523894,-0.2858173,0.1930965,1.404607,-0.2183033,-0.9924193,-0.9921969,0.07755303,1.698823
Zombie@Death01_B,0.4222222,0,0,0,0,0.7278134,0.2198349,-0.1968837,1.481229,-0.3535205,0.2097225,1.402332,-0.3146453,-1.034203,-1.019349,0.03994703,1.674227
Zombie@Death01_B,0.4333333,0,0,0,0,0.6646082,0.1693875,-0.2081144,1.435705,-0.4222903,0.2245844,1.391042,-0.4181252,-1.075501,-1.046032,0.00414741,1.645827
Zombie@Death01_B,0.4444444,0,0,0,0,0.6027426,0.1460702,-0.2183176,1.395984,-0.4948822,0.2335067,1.371674,-0.5027337,-1.136017,-1.086455,-0.007914186,1.620657
Zombie@Death01_B,0.4555556,0,0,0,0,0.5394427,0.1294413,-0.2282038,1.350998,-0.5696139,0.2414047,1.346279,-0.5993466,-1.196183,-1.127105,-0.008257151,1.599584
Zombie@Death01_B,0.4666667,0,0,0,0,0.4750493,0.1184841,-0.2394498,1.306692,-0.6657676,0.2489525,1.315833,-0.7248558,-1.251158,-1.164602,-0.003308415,1.570098
Zombie@Death01_B,0.4777778,0,0,0,0,0.4137166,0.1174277,-0.2494178,1.239937,-0.7196231,0.2603691,1.199427,-0.7911477,-1.275939,-1.180065,0.01364577,1.487965
Zombie@Death01_B,0.4888889,0,0,0,0,0.3540761,0.1221868,-0.259193,1.171779,-0.7762863,0.2776024,1.056403,-0.8622159,-1.304391,-1.195193,-0.01098859,1.420088
Zombie@Death01_B,0.5,0,0,0,0,0.2962725,0.131243,-0.2683453,1.102393,-0.836529,0.2911545,0.88908,-0.9307379,-1.345852,-1.210034,-0.03212512,1.349588
Zombie@Death01_B,0.5111111,0,0,0,0,0.2476363,0.1893903,-0.2702041,1.066879,-0.8687685,0.2891676,0.9034803,-0.9337566,-1.3684,-1.2274,-0.0175612,1.313243
Zombie@Death01_B,0.5222222,0,0,0,0,0.1988673,0.2474457,-0.2711922,1.030001,-0.9101776,0.2833521,0.9118358,-0.9431385,-1.382986,-1.235558,-0.01168203,1.274741
Zombie@Death01_B,0.5333334,0,0,0,0,0.1517877,0.3002639,-0.2710573,0.9935377,-0.962723,0.2747954,0.9152603,-0.9616377,-1.381489,-1.229596,-0.01507509,1.235839
Zombie@Death01_B,0.5444444,0,0,0,0,0.1569298,0.3196837,-0.2684205,1.001837,-0.9779364,0.270908,0.921745,-0.9568771,-1.376302,-1.229837,0.003287673,1.242573
Zombie@Death01_B,0.5555556,0,0,0,0,0.1623438,0.3404809,-0.2577421,1.006565,-0.9959157,0.262383,0.9270183,-0.9543726,-1.367943,-1.228301,0.02353716,1.245802
Zombie@Death01_B,0.5666667,0,0,0,0,0.1680623,0.3624666,-0.2390477,1.007698,-1.016049,0.2493888,0.9311687,-0.9540635,-1.356514,-1.224974,0.04527497,1.245419
Zombie@Death01_B,0.5777778,0,0,0,0,0.1725062,0.3716674,-0.2312632,1.007985,-1.018262,0.2437066,0.9330326,-0.9517455,-1.335963,-1.21522,0.05660141,1.242872
Zombie@Death01_B,0.5888889,0,0,0,0,0.1770449,0.3811069,-0.2214541,1.007905,-1.020811,0.2370022,0.9347269,-0.9500347,-1.317224,-1.205907,0.06415552,1.239112
Zombie@Death01_B,0.6,0,0,0,0,0.1816738,0.390746,-0.2097222,1.007443,-1.02359,0.229382,0.936251,-0.9488996,-1.300694,-1.197097,0.0652343,1.234071
Zombie@Death01_B,0.6111111,0,0,0,0,0.1826306,0.3884466,-0.2063421,0.9993484,-1.011429,0.2275263,0.9347053,-0.9367148,-1.292595,-1.192008,0.06401801,1.220278
Zombie@Death01_B,0.6222222,0,0,0,0,0.1838036,0.3862546,-0.2038208,0.9900349,-1.000074,0.2254504,0.9331272,-0.924822,-1.283741,-1.186637,0.06338996,1.204647
Zombie@Death01_B,0.6333333,0,0,0,0,0.1851857,0.3841629,-0.2021735,0.9795436,-0.9895545,0.2231617,0.9315225,-0.9131946,-1.27474,-1.180989,0.0633474,1.187019
Zombie@Death01_B,0.6444445,0,0,0,0,0.1826072,0.3702506,-0.2099021,0.9674625,-0.9533664,0.2270714,0.9238824,-0.8831376,-1.264931,-1.174664,0.05998123,1.168579
Zombie@Death01_B,0.6555555,0,0,0,0,0.1803239,0.3563434,-0.2154506,0.9527895,-0.9173684,0.2308142,0.9150873,-0.8534648,-1.255737,-1.168045,0.056889,1.147562
Zombie@Death01_B,0.6666667,0,0,0,0,0.1783246,0.342452,-0.2188663,0.9355258,-0.8819222,0.2343815,0.9051404,-0.8242141,-1.247456,-1.161128,0.0541808,1.123799
Zombie@Death01_B,0.6777778,0,0,0,0,0.1726584,0.3194509,-0.2262606,0.9239655,-0.8381332,0.2405448,0.8913704,-0.7671536,-1.234788,-1.154241,0.04829389,1.110869
Zombie@Death01_B,0.6888889,0,0,0,0,0.1677118,0.2968305,-0.2334809,0.9101106,-0.7950987,0.2472032,0.8731023,-0.7114928,-1.221787,-1.146935,0.0431388,1.095559
Zombie@Death01_B,0.7,0,0,0,0,0.1634713,0.2746164,-0.2404831,0.8940076,-0.752952,0.2542558,0.8505216,-0.6576057,-1.208492,-1.139196,0.03870201,1.077917
Zombie@Death01_B,0.7111111,0,0,0,0,0.1574743,0.2529835,-0.2434974,0.8883337,-0.7064496,0.2556178,0.8239838,-0.5747744,-1.195925,-1.133114,0.03018117,1.077322
Zombie@Death01_B,0.7222223,0,0,0,0,0.1533748,0.2331498,-0.2470601,0.8798778,-0.6599749,0.2590297,0.7874378,-0.4966846,-1.18297,-1.126633,0.01976192,1.073622
Zombie@Death01_B,0.7333333,0,0,0,0,0.1510884,0.2150506,-0.2511132,0.8686104,-0.6137362,0.264486,0.7419961,-0.4246585,-1.169457,-1.119597,0.01088095,1.066811
Zombie@Death01_B,0.7444445,0,0,0,0,0.1509976,0.2036312,-0.2553205,0.8510542,-0.5600485,0.2657839,0.6909443,-0.3601872,-1.158886,-1.115312,0.003558517,1.060233
Zombie@Death01_B,0.7555556,0,0,0,0,0.1523372,0.193639,-0.2587952,0.8300701,-0.5072104,0.2665525,0.6341709,-0.301528,-1.147729,-1.110754,-0.00217247,1.049097
Zombie@Death01_B,0.7666667,0,0,0,0,0.1549852,0.1849663,-0.2614574,0.8057049,-0.4555358,0.2667123,0.5724427,-0.2492594,-1.135883,-1.105894,-0.006426334,1.033412
Zombie@Death01_B,0.7777778,0,0,0,0,0.1564031,0.1750875,-0.2668643,0.7653254,-0.4051668,0.2671245,0.4936455,-0.2074675,-1.125464,-1.100583,-0.01217651,1.004763
Zombie@Death01_B,0.7888889,0,0,0,0,0.1572572,0.1646726,-0.2709292,0.7203799,-0.3569094,0.2660154,0.4274122,-0.1795002,-1.113938,-1.094645,-0.01829183,0.9688122
Zombie@Death01_B,0.8,0,0,0,0,0.1571344,0.1533256,-0.273757,0.6707751,-0.3112909,0.2646772,0.3778054,-0.1620166,-1.101533,-1.088265,-0.02522242,0.9251735
Zombie@Death01_B,0.8111112,0,0,0,0,0.1579896,0.1541832,-0.276422,0.6158561,-0.2710999,0.2608333,0.3132655,-0.141781,-1.092008,-1.081358,-0.02425587,0.8732139
Zombie@Death01_B,0.8222222,0,0,0,0,0.1592905,0.1554865,-0.27835,0.5585915,-0.2352503,0.2556783,0.2476622,-0.1264133,-1.083353,-1.076259,-0.0806005,0.8151366
Zombie@Death01_B,0.8333334,0,0,0,0,0.1609339,0.1571322,-0.2796171,0.4994363,-0.2038976,0.2492164,0.1814627,-0.1159949,-1.075586,-1.072949,-0.1577716,0.7514886
Zombie@Death01_B,0.8444445,0,0,0,0,0.1635901,0.1597884,-0.2741763,0.4192493,-0.1665649,0.2409411,0.1229788,-0.1135677,-1.061428,-1.071516,-0.1416973,0.6622455
Zombie@Death01_B,0.8555556,0,0,0,0,0.1633183,0.1595166,-0.2701077,0.3768565,-0.1476908,0.2316496,0.06162108,-0.113496,-1.052164,-1.067145,-0.128096,0.6129991
Zombie@Death01_B,0.8666667,0,0,0,0,0.1631221,0.1593205,-0.265554,0.3336204,-0.1305653,0.2211853,0.0009194131,-0.1178361,-1.044633,-1.061912,-0.1709136,0.5626741
Zombie@Death01_B,0.8777778,0,0,0,0,0.1632854,0.1594838,-0.2597624,0.276676,-0.1172444,0.2212505,0.004723382,-0.116961,-1.043739,-1.059567,-0.1683422,0.4976071
Zombie@Death01_B,0.8888889,0,0,0,0,0.1635538,0.1597522,-0.2533335,0.2191891,-0.1078346,0.2212204,0.008635994,-0.1157034,-1.042525,-1.056837,-0.1651381,0.4308551
Zombie@Death01_B,0.9,0,0,0,0,0.1638933,0.1600917,-0.2462778,0.1614553,-0.1023455,0.2210955,0.01262354,-0.1140558,-1.040984,-1.053715,-0.1613033,0.3627619
Zombie@Death01_B,0.9111111,0,0,0,0,0.1639976,0.1601959,-0.2411211,0.1044052,-0.1061393,0.2209236,0.01467199,-0.1134497,-1.040344,-1.051691,-0.154083,0.3219161
Zombie@Death01_B,0.9222223,0,0,0,0,0.1640856,0.1602839,-0.2349026,0.04805231,-0.1139097,0.2206889,0.01670517,-0.1126,-1.039477,-1.049452,-0.1467556,0.3220025
Zombie@Death01_B,0.9333333,0,0,0,0,0.1641394,0.1603377,-0.2276785,-0.007266429,-0.1255922,0.2203948,0.01870478,-0.1115087,-1.038386,-1.047,-0.1393441,0.3220547
Zombie@Death01_B,0.9444445,0,0,0,0,0.164168,0.1603663,-0.2283386,-0.003480804,-0.1250177,0.2202032,0.01678736,-0.1118513,-1.038728,-1.045379,-0.1374273,0.3220849
Zombie@Death01_B,0.9555556,0,0,0,0,0.1641979,0.1603962,-0.2289946,0.0003094102,-0.1244566,0.2200113,0.01487238,-0.1121937,-1.039088,-1.043815,-0.1349579,0.3221165
Zombie@Death01_B,0.9666667,0,0,0,0,0.1642291,0.1604274,-0.229647,0.004104199,-0.1239098,0.2198184,0.01295922,-0.1125361,-1.039465,-1.042308,-0.1413034,0.3221492
Zombie@Death01_B,0.9777778,0,0,0,0,0.1642498,0.1604481,-0.2299709,0.006129461,-0.123553,0.219358,0.009332042,-0.1131332,-1.039955,-1.042269,-0.1465045,0.3221729
Zombie@Death01_B,0.9888889,0,0,0,0,0.1642715,0.1604699,-0.2302952,0.008157062,-0.1231973,0.2188929,0.005709391,-0.1137427,-1.040521,-1.042226,-0.1514015,0.3221976
Zombie@Death01_B,1,0,0,0,0,0.1642942,0.1604926,-0.2306196,0.01018642,-0.1228427,0.2184215,0.002091255,-0.1143645,-1.041161,-1.042179,-0.1559722,0.3222231
Zombie@Death01_B,1.011111,0,0,0,0,0.1642996,0.1604979,-0.2302699,0.008185106,-0.1231211,0.2183956,0.002096575,-0.1143356,-1.041132,-1.04215,-0.157934,0.3222285
Zombie@Death01_B,1.022222,0,0,0,0,0.1643062,0.1605045,-0.2299188,0.006185936,-0.1234039,0.2183701,0.00210331,-0.1143059,-1.041102,-1.04212,-0.1598223,0.3222352
Zombie@Death01_B,1.033333,0,0,0,0,0.164314,0.1605123,-0.2295658,0.004188853,-0.1236907,0.2183456,0.002111029,-0.1142749,-1.041071,-1.042089,-0.1636169,0.3222429
Zombie@Death01_B,1.044444,0,0,0,0,0.1643183,0.1605166,-0.2288885,0.0004298414,-0.124202,0.2182927,0.00211535,-0.1142299,-1.041026,-1.042044,-0.1680353,0.3222472
Zombie@Death01_B,1.055556,0,0,0,0,0.1643227,0.1605211,-0.2282084,-0.003326086,-0.1247304,0.2182392,0.002119791,-0.114183,-1.040979,-1.041997,-0.1722712,0.3222517
Zombie@Death01_B,1.066667,0,0,0,0,0.1643272,0.1605256,-0.2275257,-0.0070786,-0.1252752,0.2181847,0.002124276,-0.1141341,-1.04093,-1.041948,-0.1763151,0.3222561
Zombie@Death01_B,1.077778,0,0,0,0,0.164328,0.1605264,-0.2275264,-0.007077766,-0.1252735,0.2181841,0.002125096,-0.1141324,-1.040929,-1.041947,-0.1763142,0.322257
Zombie@Death01_B,1.088889,0,0,0,0,0.1643289,0.1605273,-0.2275272,-0.007076857,-0.125272,0.2181832,0.002126005,-0.1141309,-1.040927,-1.041945,-0.1763134,0.3222579
Zombie@Death01_B,1.1,0,0,0,0,0.1643299,0.1605283,-0.2275283,-0.007075978,-0.1252699,0.2181822,0.002126988,-0.1141292,-1.040926,-1.041944,-0.1763124,0.3222589
Zombie@Death01_B,1.111111,0,0,0,0,0.1643302,0.1605285,-0.2275283,-0.007075709,-0.1252696,0.218182,0.002127226,-0.1141288,-1.040925,-1.041943,-0.1763122,0.3222591
Zombie@Death01_B,1.122222,0,0,0,0,0.1643304,0.1605287,-0.2275287,-0.007075501,-0.1252691,0.2181817,0.002127465,-0.1141284,-1.040925,-1.041943,-0.176312,0.3222594
Zombie@Death01_B,1.133333,0,0,0,0,0.1643307,0.160529,-0.2275291,-0.007075277,-0.1252684,0.2181814,0.002127718,-0.1141278,-1.040924,-1.041942,-0.1763116,0.3222596
Zombie@Death01_B,1.144444,0,0,0,0,0.1643307,0.160529,-0.2275291,-0.007075277,-0.1252684,0.2181814,0.002127718,-0.1141278,-1.040924,-1.041942,-0.1763116,0.3222596
Zombie@Death01_B,1.155556,0,0,0,0,0.1643307,0.160529,-0.2275291,-0.007075277,-0.1252684,0.2181814,0.002127718,-0.1141278,-1.040924,-1.041942,-0.1763116,0.3222596
Zombie@Death01_B,1.166667,0,0,0,0,0.1643307,0.160529,-0.2275291,-0.007075277,-0.1252684,0.2181814,0.002127718,-0.1141278,-1.040924,-1.041942,-0.1763116,0.3222596
Zombie@Death01_B,1.177778,0,0,0,0,0.1643307,0.160529,-0.2275291,-0.007075277,-0.1252684,0.2181814,0.002127718,-0.1141278,-1.040924,-1.041942,-0.1763116,0.3222596
Zombie@Death01_B,1.188889,0,0,0,0,0.1643307,0.160529,-0.2275291,-0.007075277,-0.1252684,0.2181814,0.002127718,-0.1141278,-1.040924,-1.041942,-0.1763116,0.3222596
Zombie@Death01_B,1.2,0,0,0,0,0.1643307,0.160529,-0.2275291,-0.007075277,-0.1252684,0.2181814,0.002127718,-0.1141278,-1.040924,-1.041942,-0.1763116,0.3222596
Zombie@Death01_B,1.211111,0,0,0,0,0.1643307,0.160529,-0.2275291,-0.007075277,-0.1252684,0.2181814,0.002127718,-0.1141278,-1.040924,-1.041942,-0.1763116,0.3222596
Zombie@Death01_B,1.222222,0,0,0,0,0.1643307,0.160529,-0.2275291,-0.007075277,-0.1252684,0.2181814,0.002127718,-0.1141278,-1.040924,-1.041942,-0.1763116,0.3222596
Zombie@Death01_B,1.233333,0,0,0,0,0.1643307,0.160529,-0.2275291,-0.007075277,-0.1252684,0.2181814,0.002127718,-0.1141278,-1.040924,-1.041942,-0.1763116,0.3222596
Zombie@Death01_B,1.244444,0,0,0,0,0.1643307,0.160529,-0.2275291,-0.007075277,-0.1252684,0.2181814,0.002127718,-0.1141278,-1.040924,-1.041942,-0.1763116,0.3222596
Zombie@Death01_B,1.255556,0,0,0,0,0.1643307,0.160529,-0.2275291,-0.007075277,-0.1252684,0.2181814,0.002127718,-0.1141278,-1.040924,-1.041942,-0.1763116,0.3222596
Zombie@Death01_B,1.266667,0,0,0,0,0.1643307,0.160529,-0.2275291,-0.007075277,-0.1252684,0.2181814,0.002127718,-0.1141278,-1.040924,-1.041942,-0.1763116,0.3222596
Zombie@Death01_B,1.277778,0,0,0,0,0.1643307,0.160529,-0.2275291,-0.007075277,-0.1252684,0.2181814,0.002127718,-0.1141278,-1.040924,-1.041942,-0.1763116,0.3222596
Zombie@Death01_B,1.288889,0,0,0,0,0.1643307,0.160529,-0.2275291,-0.007075277,-0.1252684,0.2181814,0.002127718,-0.1141278,-1.040924,-1.041942,-0.1763116,0.3222596
Zombie@Death01_B,1.3,0,0,0,0,0.1643307,0.160529,-0.2275291,-0.007075277,-0.1252684,0.2181814,0.002127718,-0.1141278,-1.040924,-1.041942,-0.1763116,0.3222596
Zombie@Death01_B,1.311111,0,0,0,0,0.1643307,0.160529,-0.2275291,-0.007075277,-0.1252684,0.2181814,0.002127718,-0.1141278,-1.040924,-1.041942,-0.1763116,0.3222596
Zombie@Death01_B,1.322222,0,0,0,0,0.1643307,0.160529,-0.2275291,-0.007075277,-0.1252684,0.2181814,0.002127718,-0.1141278,-1.040924,-1.041942,-0.1763116,0.3222596
Zombie@Death01_B,1.333333,0,0,0,0,0.1643307,0.160529,-0.2275291,-0.007075277,-0.1252684,0.2181814,0.002127718,-0.1141278,-1.040924,-1.041942,-0.1763116,0.3222596
Zombie@Walk01 [RM],0,0,0,0,0,0.8517017,1.446826,-0.2179123,0.1289894,0.2776274,0.1459672,0.1250354,-0.2945416,0.3314069,0.518469,0.01917943,1.650504
Zombie@Walk01 [RM],0.01222222,0,0,0,0,0.8448331,1.439937,-0.2180931,0.1266427,0.2709284,0.147883,0.1330084,-0.3058945,0.3280813,0.5193358,0.01987579,1.643593
Zombie@Walk01 [RM],0.02444444,0,0,0,0,0.837941,1.433022,-0.2182469,0.1244797,0.2642417,0.1498291,0.1413251,-0.3166257,0.3246336,0.5200928,0.02082303,1.636657
Zombie@Walk01 [RM],0.03666667,0,0,0,0,0.8316457,1.426691,-0.2183783,0.1222077,0.2573391,0.1531644,0.1517721,-0.3262183,0.3210816,0.5205308,0.02176717,1.630288
Zombie@Walk01 [RM],0.04888889,0,0,0,0,0.8269755,1.421942,-0.2185168,0.1192879,0.249824,0.1600419,0.1674728,-0.3335415,0.3174231,0.5203053,0.02255337,1.62546
Zombie@Walk01 [RM],0.06111111,0,0,0,0,0.8222773,1.417153,-0.2186567,0.1164686,0.2423103,0.1667545,0.183614,-0.3397561,0.313593,0.5199931,0.02164954,1.620584
Zombie@Walk01 [RM],0.07333334,0,0,0,0,0.8185051,1.413244,-0.2187136,0.115398,0.2325972,0.1728386,0.1962674,-0.3467702,0.3105829,0.5197226,0.02101547,1.616544
Zombie@Walk01 [RM],0.08555556,0,0,0,0,0.8154957,1.410043,-0.2187173,0.1159526,0.2211276,0.1784105,0.2059245,-0.3548218,0.3082377,0.5194132,0.02163711,1.613163
Zombie@Walk01 [RM],0.09777778,0,0,0,0,0.8124535,1.406777,-0.2187389,0.1168015,0.2097664,0.1838518,0.2157602,-0.3624676,0.3057414,0.5189462,0.02241215,1.609694
Zombie@Walk01 [RM],0.11,0,0,0,0,0.8107593,1.404773,-0.2184639,0.1171909,0.1981973,0.1902451,0.2336068,-0.3708186,0.3043946,0.5182765,0.02236232,1.607401
Zombie@Walk01 [RM],0.1222222,0,0,0,0,0.8093402,1.402977,-0.2181424,0.1176598,0.1866266,0.1966006,0.2534471,-0.3784164,0.3031731,0.5172583,0.02238536,1.605266
Zombie@Walk01 [RM],0.1344444,0,0,0,0,0.8080261,1.401227,-0.2178128,0.1182972,0.1750503,0.2029242,0.2739371,-0.3846565,0.3019076,0.5158853,0.02257672,1.603134
Zombie@Walk01 [RM],0.1466667,0,0,0,0,0.8080418,1.400715,-0.2171929,0.1184407,0.1627555,0.2114932,0.2990591,-0.3867162,0.3016347,0.5140418,0.02224559,1.602139
Zombie@Walk01 [RM],0.1588889,0,0,0,0,0.8080338,1.400103,-0.2165826,0.1188075,0.1504812,0.219474,0.324297,-0.387322,0.301203,0.5117118,0.02214372,1.600995
Zombie@Walk01 [RM],0.1711111,0,0,0,0,0.8085039,1.399912,-0.215781,0.1191711,0.1379371,0.2274612,0.3452463,-0.3853807,0.3009252,0.5084627,0.02204457,1.600217
Zombie@Walk01 [RM],0.1833333,0,0,0,0,0.8097842,1.400481,-0.2146593,0.1193144,0.12488,0.2360326,0.3587448,-0.3808304,0.3010495,0.5044591,0.02173108,1.600141
Zombie@Walk01 [RM],0.1955556,0,0,0,0,0.8109403,1.400845,-0.2136174,0.1195727,0.1117907,0.2441165,0.3723312,-0.3759781,0.3010145,0.5016587,0.02154016,1.600141
Zombie@Walk01 [RM],0.2077778,0,0,0,0,0.8129191,1.402053,-0.2121175,0.1196568,0.09838826,0.2525512,0.3846327,-0.3684205,0.3013118,0.4979308,0.02121145,1.601359
Zombie@Walk01 [RM],0.22,0,0,0,0,0.8153327,1.40368,-0.2103328,0.1197077,0.08477929,0.2609672,0.3964159,-0.3593019,0.3017564,0.4935745,0.02087289,1.602956
Zombie@Walk01 [RM],0.2322222,0,0,0,0,0.8176891,1.405178,-0.2085204,0.1199392,0.0711529,0.2688942,0.4085231,-0.3500061,0.3021038,0.4889539,0.02072304,1.604381
Zombie@Walk01 [RM],0.2444444,0,0,0,0,0.8211181,1.407929,-0.2060369,0.119845,0.05743036,0.2767018,0.4183388,-0.3382727,0.3033154,0.4841485,0.02032657,1.607049
Zombie@Walk01 [RM],0.2566667,0,0,0,0,0.8245803,1.41068,-0.2034178,0.1198596,0.04364129,0.2840789,0.4283634,-0.3262774,0.3045227,0.4792056,0.02005236,1.609692
Zombie@Walk01 [RM],0.2688889,0,0,0,0,0.8281655,1.41356,-0.2006225,0.1199541,0.02983179,0.2910065,0.4381833,-0.3137755,0.3058584,0.47414,0.01988241,1.612449
Zombie@Walk01 [RM],0.2811111,0,0,0,0,0.8325639,1.417495,-0.1972555,0.1198248,0.01609955,0.2976424,0.4456009,-0.2990769,0.3080984,0.4690215,0.01957308,1.616288
Zombie@Walk01 [RM],0.2933334,0,0,0,0,0.8368499,1.421271,-0.1937532,0.119829,0.002282607,0.3038441,0.4536787,-0.2844646,0.3102396,0.4638473,0.01940098,1.619957
Zombie@Walk01 [RM],0.3055556,0,0,0,0,0.8414409,1.425487,-0.1899439,0.1198261,-0.01145095,0.3096985,0.4603634,-0.2686656,0.3127982,0.4586738,0.01926953,1.624087
Zombie@Walk01 [RM],0.3177778,0,0,0,0,0.8463815,1.430226,-0.1857298,0.119751,-0.02508538,0.3152931,0.4654275,-0.2513924,0.3160573,0.4535272,0.01912105,1.628778
Zombie@Walk01 [RM],0.33,0,0,0,0,0.8511727,1.434777,-0.181308,0.1197861,-0.03880497,0.320497,0.47137,-0.2342312,0.3192219,0.4483677,0.0190789,1.633276
Zombie@Walk01 [RM],0.3422222,0,0,0,0,0.8563805,1.439969,-0.1766267,0.1198877,-0.05173016,0.3245359,0.4773014,-0.2191713,0.323716,0.4438733,0.01909642,1.638469
Zombie@Walk01 [RM],0.3544444,0,0,0,0,0.8614911,1.445124,-0.1717077,0.119933,-0.06522339,0.3294857,0.4797511,-0.1997076,0.3278195,0.4387845,0.01908369,1.643641
Zombie@Walk01 [RM],0.3666667,0,0,0,0,0.8662311,1.449868,-0.1665143,0.1198891,-0.07934358,0.3350888,0.480858,-0.1762752,0.3312593,0.4331098,0.0189781,1.648401
Zombie@Walk01 [RM],0.3788889,0,0,0,0,0.8712016,1.455133,-0.1613606,0.1199115,-0.09242765,0.3398205,0.4799109,-0.1550896,0.3363478,0.4284217,0.01903276,1.653746
Zombie@Walk01 [RM],0.3911111,0,0,0,0,0.875976,1.460157,-0.1558774,0.1200325,-0.1055483,0.3443118,0.4801821,-0.1334287,0.3413231,0.4236496,0.01917928,1.658845
Zombie@Walk01 [RM],0.4033333,0,0,0,0,0.8805329,1.465005,-0.1501795,0.1202807,-0.1188804,0.3484556,0.4799725,-0.1115655,0.3466143,0.4191663,0.01931246,1.663781
Zombie@Walk01 [RM],0.4155556,0,0,0,0,0.884803,1.469749,-0.1447421,0.1203788,-0.1310299,0.3522397,0.4763357,-0.08955456,0.3527364,0.4153397,0.01950235,1.668655
Zombie@Walk01 [RM],0.4277778,0,0,0,0,0.8889098,1.474276,-0.1389422,0.120619,-0.143197,0.3558429,0.4738979,-0.06652639,0.3586927,0.4113432,0.01954982,1.6733
Zombie@Walk01 [RM],0.44,0,0,0,0,0.8925793,1.478465,-0.1333028,0.1208414,-0.1548649,0.3586792,0.4691585,-0.04443076,0.3651583,0.408123,0.01959858,1.677612
Zombie@Walk01 [RM],0.4522222,0,0,0,0,0.8958705,1.482342,-0.127705,0.1210897,-0.1661589,0.3609272,0.4625085,-0.02256169,0.372334,0.4054413,0.01968402,1.681607
Zombie@Walk01 [RM],0.4644445,0,0,0,0,0.8990405,1.486035,-0.1217329,0.1215398,-0.177481,0.3629998,0.4569851,0.0007179614,0.3792481,0.4025221,0.01995097,1.685394
Zombie@Walk01 [RM],0.4766667,0,0,0,0,0.9014509,1.489082,-0.1163348,0.121825,-0.1880053,0.3639283,0.4474359,0.02159952,0.3869467,0.4007778,0.02011815,1.68852
Zombie@Walk01 [RM],0.4888889,0,0,0,0,0.9036177,1.491853,-0.1107771,0.1222445,-0.1983849,0.3644576,0.4377463,0.0431512,0.3945567,0.3991279,0.02041938,1.69134
Zombie@Walk01 [RM],0.5011111,0,0,0,0,0.9056044,1.494386,-0.1049587,0.1228456,-0.2087156,0.3647151,0.4283819,0.06574915,0.4019224,0.3973736,0.02089198,1.693889
Zombie@Walk01 [RM],0.5133333,0,0,0,0,0.9066921,1.496077,-0.09986316,0.1232396,-0.2183398,0.3638245,0.4121149,0.08562022,0.4099318,0.3968198,0.0212184,1.695555
Zombie@Walk01 [RM],0.5255556,0,0,0,0,0.9076896,1.497603,-0.0944136,0.1238552,-0.2279792,0.3626524,0.3969744,0.1068779,0.4175529,0.3960399,0.02175077,1.697265
Zombie@Walk01 [RM],0.5377778,0,0,0,0,0.9082793,1.498673,-0.08903421,0.1245378,-0.2374391,0.3609721,0.3791042,0.1282895,0.4250606,0.3955151,0.02235946,1.698901
Zombie@Walk01 [RM],0.55,0,0,0,0,0.9082247,1.499074,-0.08403982,0.1251533,-0.2465593,0.3583176,0.3556214,0.1487389,0.4326951,0.3956478,0.02293035,1.699824
Zombie@Walk01 [RM],0.5622222,0,0,0,0,0.9080698,1.499306,-0.0787144,0.1259656,-0.2556373,0.3552389,0.3335829,0.1701633,0.4399371,0.3956158,0.02368658,1.700539
Zombie@Walk01 [RM],0.5744445,0,0,0,0,0.9071326,1.498702,-0.07381022,0.1269014,-0.2644944,0.3518196,0.3076548,0.1915337,0.4471247,0.3961141,0.02447367,1.70035
Zombie@Walk01 [RM],0.5866667,0,0,0,0,0.9056973,1.497552,-0.06902167,0.1279428,-0.2731511,0.3476218,0.2802882,0.2128146,0.454155,0.3969028,0.02531174,1.699566
Zombie@Walk01 [RM],0.5988889,0,0,0,0,0.9041457,1.496231,-0.06393953,0.1291191,-0.2816853,0.3427465,0.254695,0.234388,0.4608274,0.3975946,0.02620601,1.698577
Zombie@Walk01 [RM],0.6111111,0,0,0,0,0.9012386,1.4935,-0.06012972,0.1315412,-0.2897618,0.3392614,0.230019,0.2545158,0.4672371,0.3988463,0.02713446,1.696098
Zombie@Walk01 [RM],0.6233333,0,0,0,0,0.8981086,1.49051,-0.05627112,0.1341543,-0.2976224,0.3348421,0.2067522,0.2744882,0.4733084,0.4000819,0.02813903,1.693331
Zombie@Walk01 [RM],0.6355556,0,0,0,0,0.8946213,1.487125,-0.05258218,0.1371797,-0.3052656,0.3301371,0.186677,0.2933239,0.4789281,0.4012539,0.02919098,1.690136
Zombie@Walk01 [RM],0.6477778,0,0,0,0,0.8899243,1.482493,-0.05040893,0.1418562,-0.3125547,0.3283041,0.174907,0.3074308,0.4837652,0.4024165,0.03030975,1.685635
Zombie@Walk01 [RM],0.66,0,0,0,0,0.8851904,1.477806,-0.04818957,0.1466746,-0.3195746,0.3257093,0.163581,0.3216505,0.4882475,0.403471,0.0316129,1.681067
Zombie@Walk01 [RM],0.6722223,0,0,0,0,0.8799329,1.472573,-0.04689607,0.1527524,-0.3258897,0.3237279,0.1546312,0.3335636,0.4919656,0.4043398,0.03279808,1.67592
Zombie@Walk01 [RM],0.6844445,0,0,0,0,0.8740647,1.466715,-0.04679424,0.1604038,-0.3312638,0.32299,0.1482076,0.3427116,0.4949251,0.4050249,0.0340132,1.670119
Zombie@Walk01 [RM],0.6966667,0,0,0,0,0.868174,1.460828,-0.0467495,0.1682978,-0.3361478,0.321945,0.141911,0.3519603,0.4976403,0.4056213,0.03568944,1.664285
Zombie@Walk01 [RM],0.7088889,0,0,0,0,0.8619977,1.454645,-0.04835772,0.1778905,-0.3387091,0.3219036,0.1386714,0.3582534,0.4990116,0.4056552,0.03621596,1.658124
Zombie@Walk01 [RM],0.7211111,0,0,0,0,0.8556892,1.448327,-0.05061373,0.188383,-0.3399079,0.3223292,0.1366044,0.3634148,0.4998696,0.4054532,0.03598481,1.651817
Zombie@Walk01 [RM],0.7333333,0,0,0,0,0.849347,1.441975,-0.0529067,0.1992182,-0.3403915,0.3227708,0.1346046,0.368572,0.5006475,0.4051983,0.03365743,1.645476
Zombie@Walk01 [RM],0.7455556,0,0,0,0,0.8434775,1.436082,-0.05552449,0.2086266,-0.3405139,0.321759,0.1300129,0.3622793,0.5011287,0.4055782,0.0304119,1.639553
Zombie@Walk01 [RM],0.7577778,0,0,0,0,0.8375848,1.430162,-0.05811544,0.2182501,-0.3400703,0.3207804,0.1255193,0.3559698,0.5015783,0.4059164,0.02743548,1.633602
Zombie@Walk01 [RM],0.77,0,0,0,0,0.8319955,1.424536,-0.06071539,0.2271522,-0.3393241,0.3198033,0.1208406,0.3494649,0.50188,0.4062875,0.02361324,1.62793
Zombie@Walk01 [RM],0.7822222,0,0,0,0,0.8272597,1.419735,-0.06336425,0.2337379,-0.3388891,0.3187422,0.1154797,0.342469,0.5017854,0.4068081,0.01875561,1.623038
Zombie@Walk01 [RM],0.7944444,0,0,0,0,0.8225099,1.414905,-0.06593047,0.2404092,-0.3381481,0.317658,0.1101814,0.3354678,0.5015705,0.4072708,0.01412943,1.618108
Zombie@Walk01 [RM],0.8066667,0,0,0,0,0.8186202,1.410898,-0.06850939,0.2460437,-0.3378678,0.3170991,0.1077688,0.3254108,0.5010929,0.4078065,0.01207721,1.613957
Zombie@Walk01 [RM],0.8188889,0,0,0,0,0.8154396,1.407553,-0.07107392,0.250787,-0.3380298,0.316911,0.1079966,0.3128294,0.5002805,0.408359,0.01230779,1.610416
Zombie@Walk01 [RM],0.8311111,0,0,0,0,0.8122391,1.404152,-0.07354335,0.2555557,-0.3380309,0.316619,0.1085781,0.3002784,0.4992229,0.4088078,0.01289678,1.606797
Zombie@Walk01 [RM],0.8433334,0,0,0,0,0.8104724,1.402115,-0.07702432,0.2643503,-0.338868,0.3163694,0.1085369,0.2874604,0.4980536,0.4096094,0.01288146,1.604457
Zombie@Walk01 [RM],0.8555556,0,0,0,0,0.8090138,1.400321,-0.08059894,0.2740776,-0.3396372,0.3161235,0.1085771,0.2746169,0.4966108,0.4103587,0.0129534,1.602309
Zombie@Walk01 [RM],0.8677778,0,0,0,0,0.8076811,1.398594,-0.08412562,0.2833579,-0.3401688,0.315841,0.1088245,0.2617897,0.4948845,0.4110079,0.01323728,1.600184
Zombie@Walk01 [RM],0.88,0,0,0,0,0.8077301,1.398177,-0.08863364,0.2878222,-0.3411479,0.3154011,0.1084994,0.2486889,0.4931032,0.4120893,0.01297098,1.599274
Zombie@Walk01 [RM],0.8922222,0,0,0,0,0.8077664,1.39767,-0.09306333,0.2923319,-0.3420456,0.3149917,0.1084478,0.2356445,0.4910364,0.4130006,0.01297934,1.598224
Zombie@Walk01 [RM],0.9044445,0,0,0,0,0.8082535,1.397563,-0.09806336,0.2970441,-0.3421399,0.314393,0.1083622,0.2224476,0.4886534,0.4138478,0.01295961,1.597522
Zombie@Walk01 [RM],0.9166667,0,0,0,0,0.8095339,1.398217,-0.1040994,0.3021145,-0.3408941,0.3134324,0.1080016,0.2089235,0.4859526,0.4147156,0.01267348,1.597692
Zombie@Walk01 [RM],0.9288889,0,0,0,0,0.8107962,1.398769,-0.1100186,0.3072754,-0.3395738,0.3124891,0.1078946,0.1954428,0.4830087,0.4154248,0.01264167,1.598282
Zombie@Walk01 [RM],0.9411111,0,0,0,0,0.8128297,1.400129,-0.1167078,0.3147097,-0.3364366,0.3111036,0.107567,0.1817632,0.4797941,0.4162022,0.01239184,1.599632
Zombie@Walk01 [RM],0.9533334,0,0,0,0,0.8152857,1.401905,-0.1236873,0.3235406,-0.3322197,0.3094359,0.1072001,0.1679561,0.4763623,0.4169714,0.01210465,1.601358
Zombie@Walk01 [RM],0.9655555,0,0,0,0,0.8177114,1.403576,-0.130421,0.3325246,-0.3279182,0.3077411,0.1070587,0.1541603,0.4727442,0.4176104,0.01204361,1.602939
Zombie@Walk01 [RM],0.9777778,0,0,0,0,0.821148,1.406459,-0.1373386,0.3433233,-0.3216146,0.3053196,0.1065638,0.1404482,0.4691057,0.4186719,0.0116228,1.60572
Zombie@Walk01 [RM],0.99,0,0,0,0,0.8246483,1.409373,-0.1439888,0.3544814,-0.3150643,0.3027478,0.1062126,0.1267032,0.4653564,0.4196918,0.01134691,1.608509
Zombie@Walk01 [RM],1.002222,0,0,0,0,0.8282909,1.412438,-0.1502799,0.3659388,-0.3081492,0.2999828,0.1059755,0.1130192,0.4615456,0.4206323,0.01118356,1.611432
Zombie@Walk01 [RM],1.014444,0,0,0,0,0.8326687,1.416492,-0.1560996,0.3780648,-0.2998176,0.2965685,0.1054895,0.09969353,0.4578897,0.4221241,0.01075938,1.615372
Zombie@Walk01 [RM],1.026667,0,0,0,0,0.8369826,1.420435,-0.1616093,0.3903804,-0.2915013,0.2930067,0.1051761,0.08627109,0.4541556,0.4238085,0.01051112,1.619189
Zombie@Walk01 [RM],1.038889,0,0,0,0,0.8415568,1.424775,-0.1665141,0.4022473,-0.2827146,0.2891075,0.1048461,0.07314978,0.4505259,0.4257349,0.01023927,1.623425
Zombie@Walk01 [RM],1.051111,0,0,0,0,0.8464482,1.429611,-0.1708175,0.4135419,-0.2733984,0.2847992,0.1044518,0.06038205,0.4470546,0.4279663,0.009894527,1.628192
Zombie@Walk01 [RM],1.063333,0,0,0,0,0.851288,1.434356,-0.1748705,0.4250377,-0.2641515,0.2803196,0.1042494,0.04749952,0.4435458,0.4301504,0.009746499,1.632863
Zombie@Walk01 [RM],1.075556,0,0,0,0,0.8563349,1.439531,-0.1779096,0.4349673,-0.2560332,0.2754528,0.1039562,0.03538262,0.4403918,0.4329287,0.009494897,1.638016
Zombie@Walk01 [RM],1.087778,0,0,0,0,0.8613906,1.444774,-0.1810311,0.4431574,-0.2468252,0.2703492,0.1037204,0.02323922,0.4371164,0.4356723,0.009298101,1.643269
Zombie@Walk01 [RM],1.1,0,0,0,0,0.8663076,1.449838,-0.1848382,0.4496611,-0.2351789,0.2650997,0.1036082,0.01060805,0.4334391,0.4380049,0.00922954,1.648342
Zombie@Walk01 [RM],1.112222,0,0,0,0,0.8711445,1.455102,-0.1877797,0.4513846,-0.2247195,0.2596055,0.1033225,-0.001012558,0.4300787,0.4408816,0.008968469,1.653679
Zombie@Walk01 [RM],1.124444,0,0,0,0,0.8759205,1.460261,-0.1907229,0.4533404,-0.2141284,0.2539094,0.1032474,-0.01272985,0.4266777,0.4437282,0.008920837,1.658905
Zombie@Walk01 [RM],1.136667,0,0,0,0,0.8805301,1.465293,-0.1936385,0.4534051,-0.2029728,0.2480447,0.1032926,-0.02466989,0.423283,0.4466206,0.00900545,1.664015
Zombie@Walk01 [RM],1.148889,0,0,0,0,0.8847929,1.47015,-0.196533,0.4480878,-0.1901956,0.2420352,0.1033222,-0.0370409,0.4199553,0.449674,0.009101316,1.668982
Zombie@Walk01 [RM],1.161111,0,0,0,0,0.8889812,1.474882,-0.1994835,0.4431075,-0.176799,0.2357865,0.1036054,-0.04947702,0.4165663,0.4526794,0.009451039,1.673812
Zombie@Walk01 [RM],1.173333,0,0,0,0,0.8926299,1.479166,-0.2023879,0.4343182,-0.1622531,0.2301118,0.1034799,-0.05744235,0.412831,0.4553901,0.009229995,1.678203
Zombie@Walk01 [RM],1.185556,0,0,0,0,0.8959712,1.483204,-0.2052419,0.4227218,-0.1455663,0.2241762,0.1036452,-0.06802593,0.4093256,0.4583643,0.009413853,1.682344
Zombie@Walk01 [RM],1.197778,0,0,0,0,0.8992345,1.487105,-0.2081319,0.4117573,-0.1276144,0.2179958,0.1040082,-0.07865571,0.4057265,0.4612406,0.00979653,1.686327
Zombie@Walk01 [RM],1.21,0,0,0,0,0.9017335,1.490344,-0.2106774,0.3964214,-0.1079239,0.2123794,0.1042816,-0.08883473,0.4022876,0.4643207,0.01009654,1.689636
Zombie@Walk01 [RM],1.222222,0,0,0,0,0.9039998,1.493321,-0.2131229,0.380887,-0.08640061,0.2066713,0.1046804,-0.09896495,0.3987868,0.467316,0.01045612,1.692655
Zombie@Walk01 [RM],1.234444,0,0,0,0,0.9060988,1.496075,-0.2154698,0.3658228,-0.06330618,0.2008061,0.1052404,-0.1090994,0.3952094,0.4702057,0.01057519,1.69542
Zombie@Walk01 [RM],1.246667,0,0,0,0,0.9072782,1.497955,-0.2170323,0.3458921,-0.03974559,0.1957922,0.1056819,-0.1188048,0.3919398,0.4734413,0.01058865,1.697276
Zombie@Walk01 [RM],1.258889,0,0,0,0,0.908376,1.499684,-0.218503,0.3273657,-0.0142133,0.1905116,0.1063132,-0.1285805,0.3885337,0.4764585,0.01067774,1.69937
Zombie@Walk01 [RM],1.271111,0,0,0,0,0.9090281,1.500918,-0.2196653,0.3124324,0.0113688,0.1854353,0.1069943,-0.1383862,0.3850638,0.4792286,0.01078049,1.701174
Zombie@Walk01 [RM],1.283333,0,0,0,0,0.9089809,1.501422,-0.2203573,0.3022541,0.03495765,0.1809359,0.1076288,-0.1481629,0.3816227,0.4817551,0.01083965,1.702208
Zombie@Walk01 [RM],1.295556,0,0,0,0,0.908824,1.501751,-0.2210522,0.2930781,0.05936385,0.1761822,0.1084224,-0.1579621,0.3780817,0.4848228,0.01101455,1.703027
Zombie@Walk01 [RM],1.307778,0,0,0,0,0.9079104,1.501264,-0.2212529,0.2800778,0.08222748,0.1720426,0.1092368,-0.1676825,0.3747984,0.4880409,0.01117893,1.702965
Zombie@Walk01 [RM],1.32,0,0,0,0,0.9065514,1.500278,-0.2210167,0.2653209,0.104556,0.1682464,0.1101465,-0.1773181,0.371641,0.4910807,0.01141683,1.702357
Zombie@Walk01 [RM],1.332222,0,0,0,0,0.9051292,1.499178,-0.2206087,0.251633,0.1276246,0.1643386,0.1112402,-0.1869026,0.3684192,0.4938829,0.01181284,1.7016
Zombie@Walk01 [RM],1.344445,0,0,0,0,0.9025789,1.496881,-0.2201667,0.2352723,0.1471879,0.1613816,0.1123415,-0.1966832,0.3655152,0.4971012,0.01211031,1.699568
Zombie@Walk01 [RM],1.356667,0,0,0,0,0.8998635,1.494381,-0.2193226,0.2193973,0.1668026,0.1585717,0.1135714,-0.206321,0.3626074,0.5001497,0.01256952,1.697303
Zombie@Walk01 [RM],1.368889,0,0,0,0,0.8968728,1.491565,-0.2182811,0.2043671,0.1860069,0.1559367,0.1149008,-0.2158959,0.3596675,0.5030245,0.01314499,1.694689
Zombie@Walk01 [RM],1.381111,0,0,0,0,0.8928582,1.487674,-0.2177948,0.1898852,0.2018084,0.15396,0.1161891,-0.2257585,0.3567223,0.5059652,0.0136393,1.690939
Zombie@Walk01 [RM],1.393333,0,0,0,0,0.8887948,1.483714,-0.2168266,0.1759675,0.2178548,0.1521634,0.11759,-0.235362,0.3537507,0.5086967,0.0143407,1.687108
Zombie@Walk01 [RM],1.405556,0,0,0,0,0.8840746,1.479068,-0.2161359,0.1640033,0.2319795,0.1506248,0.1189178,-0.2450549,0.3505596,0.5111233,0.01504375,1.682557
Zombie@Walk01 [RM],1.417778,0,0,0,0,0.8785906,1.473632,-0.2160622,0.1540206,0.2436835,0.1493649,0.1201677,-0.2549261,0.3470991,0.5132604,0.01572808,1.677186
Zombie@Walk01 [RM],1.43,0,0,0,0,0.8730766,1.468159,-0.2157425,0.144273,0.2555047,0.1482945,0.1215518,-0.2645567,0.3436008,0.5152345,0.01661828,1.671773
Zombie@Walk01 [RM],1.442222,0,0,0,0,0.8662833,1.461385,-0.2162327,0.1382459,0.2637921,0.1474095,0.122642,-0.2746159,0.3396995,0.5165903,0.01735826,1.665028
Zombie@Walk01 [RM],1.454445,0,0,0,0,0.8590013,1.454115,-0.2170775,0.1335953,0.2707168,0.1466371,0.1237497,-0.2846957,0.335591,0.5176093,0.01817019,1.657776
Zombie@Walk01 [RM],1.466667,0,0,0,0,0.8517017,1.446826,-0.2179123,0.1289894,0.2776274,0.1459672,0.1250354,-0.2945416,0.3314069,0.518469,0.01917943,1.650504
LS_Zombie_Death,0,0,0,0,0,0.8631926,1.440055,-0.2525882,0.1199394,0.06713647,0.2294865,0.144583,-0.2479158,0.6342084,0.5177538,0.004999965,1.642078
LS_Zombie_Death,0.01111111,0,0,0,0,0.919553,1.476774,-0.2409333,0.1191709,0.06372218,0.2253837,0.146803,-0.2495059,0.6421875,0.5245229,0.003333837,1.676214
LS_Zombie_Death,0.02222222,0,0,0,0,0.9657106,1.498586,-0.2273268,0.1183653,0.06224079,0.2205027,0.1475263,-0.2429186,0.6480134,0.5270764,0.001667678,1.697687
LS_Zombie_Death,0.03333334,0,0,0,0,0.9958197,1.499993,-0.2167383,0.1163133,0.08208377,0.2156511,0.1420479,-0.2306435,0.6498282,0.5239043,0.004999936,1.697961
LS_Zombie_Death,0.04444445,0,0,0,0,1.021103,1.532085,-0.216873,0.148012,0.1037316,0.2201926,0.1580392,-0.182803,0.6236251,0.4980708,0.001697093,1.730963
LS_Zombie_Death,0.05555556,0,0,0,0,1.045868,1.562926,-0.2169997,0.1816395,0.1253915,0.2240748,0.1798188,-0.1342253,0.592873,0.4642812,0.003392607,1.762596
LS_Zombie_Death,0.06666667,0,0,0,0,1.077038,1.599423,-0.217129,0.2240845,0.1469517,0.2272979,0.2142922,-0.08549818,0.5571138,0.4234031,0.01903179,1.799768
LS_Zombie_Death,0.07777778,0,0,0,0,1.111923,1.65157,-0.2171636,0.28086,0.1750804,0.223194,0.246356,-0.05108137,0.4789708,0.3590081,0.05304654,1.852724
LS_Zombie_Death,0.08888889,0,0,0,0,1.147474,1.700161,-0.2183732,0.3418098,0.202009,0.2185283,0.2834531,-0.01518793,0.3966988,0.2925118,0.07982561,1.901855
LS_Zombie_Death,0.1,0,0,0,0,1.180861,1.742163,-0.2207552,0.4037407,0.22704,0.2132426,0.3227401,0.02123847,0.3117404,0.2243496,0.1100106,1.94413
LS_Zombie_Death,0.1111111,0,0,0,0,1.211119,1.784856,-0.2194456,0.4607126,0.2440071,0.206923,0.3609529,0.04164817,0.2301868,0.151249,0.1434545,1.986076
LS_Zombie_Death,0.1222222,0,0,0,0,1.240019,1.816974,-0.219374,0.5191651,0.2597039,0.1994215,0.4002576,0.06251208,0.152624,0.08225999,0.1787176,2.016227
LS_Zombie_Death,0.1333333,0,0,0,0,1.265517,1.836334,-0.2204084,0.5765625,0.2733216,0.1908523,0.4384597,0.08287471,0.07400371,0.01382254,0.2135216,2.034829
LS_Zombie_Death,0.1444445,0,0,0,0,1.287492,1.842613,-0.220812,0.6170667,0.2569261,0.1876754,0.4798724,0.0879459,-0.0003562144,-0.0483362,0.2594977,2.04606
LS_Zombie_Death,0.1555556,0,0,0,0,1.308109,1.823916,-0.2211353,0.6578866,0.2390954,0.183099,0.5227244,0.09120192,-0.07218041,-0.1128394,0.3071855,2.00488
LS_Zombie_Death,0.1666667,0,0,0,0,1.32505,1.779368,-0.2211246,0.6958486,0.2178218,0.1774092,0.564093,0.09019827,-0.138535,-0.1754487,0.3536323,1.91093
LS_Zombie_Death,0.1777778,0,0,0,0,1.336715,1.692855,-0.2181026,0.7219155,0.2133302,0.1770203,0.6051895,0.09420996,-0.1879768,-0.2191722,0.4075646,1.814434
LS_Zombie_Death,0.1888889,0,0,0,0,1.344312,1.58191,-0.2164142,0.7453035,0.2043307,0.1759152,0.6448811,0.09168633,-0.236776,-0.2854587,0.4609905,1.706288
LS_Zombie_Death,0.2,0,0,0,0,1.353386,1.461078,-0.2156857,0.770161,0.1885342,0.174468,0.6874747,0.07999998,-0.283188,-0.3618048,0.5185276,1.592794
LS_Zombie_Death,0.2111111,0,0,0,0,1.352814,1.365868,-0.2139967,0.8018478,0.1922552,0.1744889,0.732569,0.0990793,-0.3203573,-0.3869917,0.5784351,1.607847
LS_Zombie_Death,0.2222222,0,0,0,0,1.350339,1.270038,-0.2125131,0.8330517,0.1918294,0.1745471,0.7786903,0.1114463,-0.3592233,-0.4245404,0.6223499,1.63291
LS_Zombie_Death,0.2333333,0,0,0,0,1.348148,1.179313,-0.2111822,0.8649878,0.1868194,0.1746763,0.8268591,0.1164613,-0.397358,-0.4780258,0.6599547,1.662789
LS_Zombie_Death,0.2444444,0,0,0,0,1.338668,1.113325,-0.2091313,0.9224559,0.1897966,0.1720125,0.8778012,0.1393711,-0.4349754,-0.5119542,0.7282755,1.66949
LS_Zombie_Death,0.2555556,0,0,0,0,1.329979,1.050467,-0.2081594,0.982054,0.1853388,0.169329,0.9332934,0.1565726,-0.4735364,-0.5477504,0.7998737,1.674493
LS_Zombie_Death,0.2666667,0,0,0,0,1.319524,0.9891535,-0.2081837,1.039816,0.1733091,0.1666051,0.9897013,0.1676171,-0.5124822,-0.5846373,0.7869148,1.674742
LS_Zombie_Death,0.2777778,0,0,0,0,1.304211,0.9382272,-0.2044231,1.126252,0.1689492,0.1592485,1.042262,0.1802148,-0.5500228,-0.6073175,0.7358568,1.647557
LS_Zombie_Death,0.2888889,0,0,0,0,1.287838,0.8875136,-0.2011801,1.211221,0.1512729,0.1513192,1.097373,0.1871822,-0.5870885,-0.6443495,0.6856988,1.625915
LS_Zombie_Death,0.3,0,0,0,0,1.267122,0.8342768,-0.1985487,1.288999,0.1207241,0.1427492,1.15062,0.1880552,-0.6226221,-0.6956453,0.6332406,1.606345
LS_Zombie_Death,0.3111111,0,0,0,0,1.240519,0.7880939,-0.1905444,1.36499,0.1052125,0.1359661,1.196624,0.1880272,-0.6598777,-0.7188546,0.5878301,1.624543
LS_Zombie_Death,0.3222222,0,0,0,0,1.209658,0.7386929,-0.1834533,1.439227,0.07545484,0.1271469,1.241745,0.1809215,-0.6942869,-0.7588554,0.5402358,1.633411
LS_Zombie_Death,0.3333333,0,0,0,0,1.17391,0.6856641,-0.1767329,1.508466,0.03048737,0.1169492,1.284135,0.1657724,-0.7262005,-0.791216,0.4899956,1.631732
LS_Zombie_Death,0.3444445,0,0,0,0,1.131976,0.6331843,-0.1753649,1.543351,0.004597433,0.1215708,1.316786,0.1368874,-0.7622571,-0.8215264,0.4380494,1.606691
LS_Zombie_Death,0.3555556,0,0,0,0,1.08508,0.5762376,-0.1714403,1.573533,-0.03200494,0.1256987,1.34425,0.1018522,-0.7987086,-0.8495775,0.3818817,1.651486
LS_Zombie_Death,0.3666667,0,0,0,0,1.034089,0.5157194,-0.1647075,1.597941,-0.07932597,0.1292903,1.36668,0.06064599,-0.8349287,-0.8752803,0.3217447,1.697113
LS_Zombie_Death,0.3777778,0,0,0,0,0.9784159,0.4547768,-0.1682322,1.592108,-0.1213071,0.1452817,1.385087,0.003870302,-0.8740373,-0.9079694,0.2587646,1.711426
LS_Zombie_Death,0.3888889,0,0,0,0,0.919112,0.3911282,-0.1710942,1.580103,-0.1680817,0.1604909,1.395263,-0.05992872,-0.9123901,-0.9376413,0.1913683,1.718459
LS_Zombie_Death,0.4,0,0,0,0,0.858689,0.327298,-0.1731883,1.563775,-0.2194001,0.1748419,1.398882,-0.1302468,-0.9500176,-0.9643776,0.1267611,1.719868
LS_Zombie_Death,0.4111111,0,0,0,0,0.7931969,0.2731027,-0.1852145,1.524552,-0.2858173,0.1930965,1.405265,-0.2183033,-0.9924193,-0.9921969,0.07821035,1.69948
LS_Zombie_Death,0.4222222,0,0,0,0,0.7271274,0.219149,-0.1968837,1.480543,-0.3535205,0.2097225,1.401646,-0.3146453,-1.034203,-1.019349,0.0392611,1.673541
LS_Zombie_Death,0.4333333,0,0,0,0,0.6654609,0.1702403,-0.2081144,1.436557,-0.4222903,0.2245844,1.391895,-0.4181252,-1.075501,-1.046032,0.005000114,1.64668
LS_Zombie_Death,0.4444444,0,0,0,0,0.6142846,0.1576123,-0.2183176,1.407526,-0.4948822,0.2335066,1.383216,-0.5027337,-1.136017,-1.086455,0.003627896,1.6322
LS_Zombie_Death,0.4555556,0,0,0,0,0.5519848,0.1419833,-0.2282039,1.36354,-0.5696139,0.2414047,1.358821,-0.5993466,-1.196183,-1.127105,0.004284859,1.612126
LS_Zombie_Death,0.4666667,0,0,0,0,0.4833578,0.1267926,-0.2394498,1.315001,-0.6657676,0.2489525,1.324142,-0.7248558,-1.251158,-1.164602,0.005000114,1.578406
LS_Zombie_Death,0.4777778,0,0,0,0,0.4096898,0.1134009,-0.2494178,1.23591,-0.7196231,0.2603691,1.195401,-0.7911477,-1.275939,-1.180065,0.009618998,1.483938
LS_Zombie_Death,0.4888889,0,0,0,0,0.3620693,0.13018,-0.259193,1.179773,-0.7762863,0.2776023,1.064396,-0.8622159,-1.304391,-1.195193,-0.002995372,1.428082
LS_Zombie_Death,0.5,0,0,0,0,0.3333976,0.1683681,-0.2683453,1.139518,-0.836529,0.2911545,0.9262051,-0.9307379,-1.345852,-1.210034,0.004999995,1.386713
LS_Zombie_Death,0.5111111,0,0,0,0,0.2594602,0.2012142,-0.2702041,1.078703,-0.8687685,0.2891676,0.9153042,-0.9337566,-1.3684,-1.2274,-0.005737305,1.325067
LS_Zombie_Death,0.5222222,0,0,0,0,0.2060392,0.2546176,-0.2711922,1.037173,-0.9101776,0.2833521,0.9190077,-0.9431385,-1.382986,-1.235558,-0.004510045,1.281913
LS_Zombie_Death,0.5333334,0,0,0,0,0.1718627,0.320339,-0.2710573,1.013613,-0.962723,0.2747954,0.9353353,-0.9616377,-1.381489,-1.229596,0.004999876,1.255914
LS_Zombie_Death,0.5444444,0,0,0,0,0.1534429,0.3161968,-0.2684205,0.9983502,-0.9779364,0.270908,0.9182581,-0.9568771,-1.376302,-1.229837,-0.0001991987,1.239086
LS_Zombie_Death,0.5555556,0,0,0,0,0.1602287,0.3383658,-0.2577421,1.00445,-0.9959157,0.262383,0.9249032,-0.9543726,-1.367943,-1.228301,0.02142203,1.243686
LS_Zombie_Death,0.5666667,0,0,0,0,0.1680623,0.3624666,-0.2390477,1.007698,-1.016049,0.2493888,0.9311687,-0.9540635,-1.356514,-1.224974,0.04527497,1.245419
LS_Zombie_Death,0.5777778,0,0,0,0,0.1739133,0.3730744,-0.2312632,1.009392,-1.018262,0.2437066,0.9344397,-0.9517455,-1.335963,-1.21522,0.05800843,1.244279
LS_Zombie_Death,0.5888889,0,0,0,0,0.17889,0.3829519,-0.2214541,1.00975,-1.020811,0.2370022,0.936572,-0.9500347,-1.317224,-1.205907,0.06600052,1.240957
LS_Zombie_Death,0.6,0,0,0,0,0.1816738,0.390746,-0.2097222,1.007443,-1.02359,0.229382,0.936251,-0.9488996,-1.300694,-1.197097,0.0652343,1.234071
LS_Zombie_Death,0.6111111,0,0,0,0,0.1847277,0.3905436,-0.2063473,1.001445,-1.011426,0.2275212,0.9368023,-0.9367117,-1.292521,-1.192132,0.06611508,1.222375
LS_Zombie_Death,0.6222222,0,0,0,0,0.1857139,0.3881649,-0.2038299,0.9919452,-1.000069,0.2254413,0.9350374,-0.9248165,-1.283569,-1.186894,0.06530029,1.206557
LS_Zombie_Death,0.6333333,0,0,0,0,0.1851895,0.3841667,-0.2021849,0.9795474,-0.9895471,0.2231503,0.9315263,-0.9131872,-1.274419,-1.181398,0.06335121,1.187023
LS_Zombie_Death,0.6444445,0,0,0,0,0.184133,0.3717765,-0.2099185,0.9689884,-0.9533443,0.227055,0.9254081,-0.8831155,-1.264647,-1.175393,0.06150705,1.170105
LS_Zombie_Death,0.6555555,0,0,0,0,0.1816579,0.3576774,-0.2154721,0.9541235,-0.917331,0.2307927,0.9164213,-0.8534274,-1.255536,-1.169127,0.05822295,1.148896
LS_Zombie_Death,0.6666667,0,0,0,0,0.1783607,0.3424882,-0.2188926,0.9355619,-0.8818679,0.2343551,0.9051765,-0.8241599,-1.247402,-1.162604,0.05421692,1.123835
LS_Zombie_Death,0.6777778,0,0,0,0,0.1736304,0.3204229,-0.2262937,0.9249375,-0.8380512,0.2405116,0.8923424,-0.7670715,-1.23508,-1.156179,0.04926586,1.111841
LS_Zombie_Death,0.6888889,0,0,0,0,0.1685163,0.2976351,-0.2335179,0.9109151,-0.7949891,0.2471662,0.8739068,-0.7113832,-1.222451,-1.14939,0.04394335,1.096363
LS_Zombie_Death,0.7,0,0,0,0,0.1635679,0.274713,-0.2405208,0.8941041,-0.7528153,0.2542182,0.8506183,-0.657469,-1.209553,-1.142236,0.03879863,1.078014
LS_Zombie_Death,0.7111111,0,0,0,0,0.1578321,0.2533411,-0.2435388,0.8886914,-0.7062829,0.2555764,0.8243415,-0.5746078,-1.197479,-1.136616,0.03055334,1.07768
LS_Zombie_Death,0.7222223,0,0,0,0,0.1534534,0.2332283,-0.2470977,0.8799564,-0.6597757,0.2589921,0.7875164,-0.4964854,-1.185054,-1.130793,0.01986206,1.0737
LS_Zombie_Death,0.7333333,0,0,0,0,0.1512379,0.2152002,-0.2511388,0.86876,-0.6135012,0.2644604,0.7421457,-0.4244236,-1.172106,-1.124632,0.01110148,1.06696
LS_Zombie_Death,0.7444445,0,0,0,0,0.1523005,0.2049341,-0.2553396,0.8523571,-0.5597915,0.2657648,0.6922472,-0.3599302,-1.162013,-1.120565,0.004954696,1.061536
LS_Zombie_Death,0.7555556,0,0,0,0,0.1596441,0.200946,-0.2588041,0.8373771,-0.5069238,0.2665436,0.6414779,-0.3012415,-1.151543,-1.116621,0.005254149,1.056404
LS_Zombie_Death,0.7666667,0,0,0,0,0.1662614,0.1962425,-0.2614531,0.8169811,-0.4552135,0.2667166,0.5837189,-0.2489372,-1.140613,-1.112744,0.004999995,1.044688
LS_Zombie_Death,0.7777778,0,0,0,0,0.1735477,0.1922322,-0.2668532,0.78247,-0.4048416,0.2671356,0.5107902,-0.2071422,-1.130626,-1.107137,0.005140781,1.021908
LS_Zombie_Death,0.7888889,0,0,0,0,0.1800793,0.1874946,-0.270912,0.7432019,-0.3565673,0.2660326,0.4502342,-0.1791581,-1.119826,-1.101555,0.004728198,0.9916344
LS_Zombie_Death,0.8,0,0,0,0,0.1872306,0.1834218,-0.2737362,0.7008713,-0.3109185,0.264698,0.4079015,-0.1616442,-1.108448,-1.096148,0.005000114,0.9552695
LS_Zombie_Death,0.8111112,0,0,0,0,0.2126897,0.2088833,-0.2763999,0.6705562,-0.2707769,0.2608553,0.3679657,-0.1414581,-1.098842,-1.087789,0.004594207,0.927914
LS_Zombie_Death,0.8222222,0,0,0,0,0.2966862,0.2928821,-0.2783186,0.6959872,-0.2349385,0.2557096,0.3850578,-0.1261014,-1.090629,-1.082392,0.00487411,0.9525323
LS_Zombie_Death,0.8333334,0,0,0,0,0.378715,0.3749133,-0.2795712,0.7172174,-0.2035583,0.2492624,0.3992439,-0.1156555,-1.083837,-1.079936,0.005000114,0.9692696
LS_Zombie_Death,0.8444445,0,0,0,0,0.3647224,0.3609208,-0.2741751,0.6203816,-0.1662786,0.2409423,0.3241111,-0.1132815,-1.067594,-1.078629,0.00440228,0.8633778
LS_Zombie_Death,0.8555556,0,0,0,0,0.3501147,0.3463131,-0.2701167,0.5636529,-0.1473956,0.2316406,0.2484176,-0.1132009,-1.058639,-1.074317,0.003651738,0.7997957
LS_Zombie_Death,0.8666667,0,0,0,0,0.393815,0.3900133,-0.2655587,0.5643131,-0.1302239,0.2211806,0.2316122,-0.1174947,-1.053074,-1.069103,0.004999995,0.7933669
LS_Zombie_Death,0.8777778,0,0,0,0,0.3900082,0.3862065,-0.2597641,0.5033987,-0.1168981,0.2212488,0.2314461,-0.1166146,-1.052303,-1.066778,0.003528118,0.7243297
LS_Zombie_Death,0.8888889,0,0,0,0,0.3877662,0.3839645,-0.2533323,0.4434015,-0.1074833,0.2212216,0.2328484,-0.115352,-1.051227,-1.064067,0.004155278,0.6550673
LS_Zombie_Death,0.9,0,0,0,0,0.3851748,0.3813731,-0.2462736,0.3827367,-0.1019884,0.2210997,0.233905,-0.1136987,-1.04984,-1.060961,0.004999876,0.5840433
LS_Zombie_Death,0.9111111,0,0,0,0,0.377544,0.3737423,-0.2411136,0.3179515,-0.1057838,0.220931,0.2282184,-0.1130942,-1.04927,-1.05883,0.004454017,0.5354624
LS_Zombie_Death,0.9222223,0,0,0,0,0.3700048,0.3662031,-0.2348914,0.2539715,-0.1135548,0.2207,0.2226243,-0.1122451,-1.048475,-1.0565,0.004125357,0.5279217
LS_Zombie_Death,0.9333333,0,0,0,0,0.3635463,0.3597446,-0.2276633,0.1921405,-0.1252373,0.22041,0.2181117,-0.1111538,-1.047459,-1.053975,0.004999876,0.5214616
LS_Zombie_Death,0.9444445,0,0,0,0,0.3608589,0.3570572,-0.2283222,0.1932101,-0.1246719,0.2202196,0.2134783,-0.1115055,-1.047736,-1.052146,0.004229784,0.5187758
LS_Zombie_Death,0.9555556,0,0,0,0,0.3588189,0.3550172,-0.2289762,0.1949304,-0.1241186,0.2200297,0.2094934,-0.1118556,-1.048031,-1.050416,0.004662752,0.5167374
LS_Zombie_Death,0.9666667,0,0,0,0,0.3654266,0.3616249,-0.2296257,0.2053017,-0.1235782,0.2198398,0.2141567,-0.1122044,-1.048346,-1.048786,0.004999876,0.5233467
LS_Zombie_Death,0.9777778,0,0,0,0,0.3707065,0.3669049,-0.2299532,0.2125862,-0.1232256,0.2193757,0.2157888,-0.1128059,-1.048681,-1.048751,0.005054951,0.5286296
LS_Zombie_Death,0.9888889,0,0,0,0,0.375587,0.3717853,-0.2302809,0.2194725,-0.122874,0.2189071,0.2170248,-0.1134194,-1.049108,-1.048712,0.005014181,0.5335129
LS_Zombie_Death,1,0,0,0,0,0.3801689,0.3763672,-0.2306086,0.226061,-0.122523,0.2184325,0.2179659,-0.1140447,-1.049624,-1.048668,0.004999995,0.5380977
LS_Zombie_Death,1.011111,0,0,0,0,0.3821359,0.3783342,-0.230259,0.2260214,-0.1228015,0.2184066,0.2199329,-0.114016,-1.049595,-1.04864,0.004998326,0.5400648
LS_Zombie_Death,1.022222,0,0,0,0,0.3840571,0.3802554,-0.2299078,0.2259368,-0.1230843,0.218381,0.2218542,-0.1139863,-1.049566,-1.04861,0.00502336,0.5419859
LS_Zombie_Death,1.033333,0,0,0,0,0.387718,0.3839163,-0.2295548,0.2275929,-0.1233712,0.2183565,0.2255151,-0.1139554,-1.049535,-1.048579,0.005000234,0.5456469
LS_Zombie_Death,1.044444,0,0,0,0,0.3921386,0.3883369,-0.2288776,0.2282501,-0.1238824,0.2183037,0.2299356,-0.1139103,-1.04949,-1.048534,0.004995346,0.5500674
LS_Zombie_Death,1.055556,0,0,0,0,0.3963286,0.392527,-0.2281974,0.2286798,-0.1244109,0.2182501,0.2341257,-0.1138635,-1.049443,-1.048487,0.004941821,0.5542575
LS_Zombie_Death,1.066667,0,0,0,0,0.4004382,0.3966366,-0.2275147,0.2290324,-0.1249556,0.2181957,0.2382353,-0.1138145,-1.049394,-1.048438,0.004999995,0.5583671
LS_Zombie_Death,1.077778,0,0,0,0,0.4003639,0.3965622,-0.2275154,0.2289581,-0.124954,0.2181951,0.2381609,-0.1138129,-1.049392,-1.048436,0.004925609,0.5582927
LS_Zombie_Death,1.088889,0,0,0,0,0.4004003,0.3965986,-0.2275163,0.2289945,-0.1249524,0.2181942,0.2381973,-0.1138113,-1.049391,-1.048435,0.004961967,0.5583292
LS_Zombie_Death,1.1,0,0,0,0,0.4004382,0.3966366,-0.2275174,0.2290323,-0.1249503,0.2181932,0.2382353,-0.1138096,-1.049389,-1.048433,0.004999995,0.5583671
LS_Zombie_Death,1.111111,0,0,0,0,0.4004371,0.3966354,-0.2275174,0.2290312,-0.1249499,0.2181929,0.2382341,-0.1138091,-1.049389,-1.048433,0.004998803,0.5583659
LS_Zombie_Death,1.122222,0,0,0,0,0.4004374,0.3966357,-0.2275178,0.2290314,-0.1249495,0.2181927,0.2382344,-0.1138088,-1.049388,-1.048432,0.004999042,0.5583662
LS_Zombie_Death,1.133333,0,0,0,0,0.4004383,0.3966366,-0.2275181,0.2290324,-0.1249489,0.2181924,0.2382354,-0.1138082,-1.049388,-1.048432,0.004999995,0.5583672
LS_Zombie_Death,1.144444,0,0,0,0,0.4004379,0.3966362,-0.2275181,0.229032,-0.1249489,0.2181924,0.238235,-0.1138082,-1.049388,-1.048432,0.004999638,0.5583668
LS_Zombie_Death,1.155556,0,0,0,0,0.4004381,0.3966364,-0.2275181,0.2290322,-0.1249489,0.2181924,0.2382352,-0.1138082,-1.049388,-1.048432,0.004999876,0.558367
LS_Zombie_Death,1.166667,0,0,0,0,0.4004383,0.3966366,-0.2275181,0.2290324,-0.1249489,0.2181924,0.2382354,-0.1138082,-1.049388,-1.048432,0.004999995,0.5583672
LS_Zombie_Death,1.177778,0,0,0,0,0.4004383,0.3966366,-0.2275181,0.2290324,-0.1249489,0.2181924,0.2382354,-0.1138082,-1.049388,-1.048432,0.004999995,0.5583672
LS_Zombie_Death,1.188889,0,0,0,0,0.4004383,0.3966366,-0.2275181,0.2290324,-0.1249489,0.2181924,0.2382354,-0.1138082,-1.049388,-1.048432,0.004999995,0.5583672
LS_Zombie_Death,1.2,0,0,0,0,0.4004383,0.3966366,-0.2275181,0.2290324,-0.1249489,0.2181924,0.2382354,-0.1138082,-1.049388,-1.048432,0.004999995,0.5583672
LS_Zombie_Death,1.211111,0,0,0,0,0.4004383,0.3966366,-0.2275181,0.2290324,-0.1249489,0.2181924,0.2382354,-0.1138082,-1.049388,-1.048432,0.004999995,0.5583672
LS_Zombie_Death,1.222222,0,0,0,0,0.4004383,0.3966366,-0.2275181,0.2290324,-0.1249489,0.2181924,0.2382354,-0.1138082,-1.049388,-1.048432,0.004999995,0.5583672
LS_Zombie_Death,1.233333,0,0,0,0,0.4004383,0.3966366,-0.2275181,0.2290324,-0.1249489,0.2181924,0.2382354,-0.1138082,-1.049388,-1.048432,0.004999995,0.5583672
LS_Zombie_Death,1.244444,0,0,0,0,0.4004383,0.3966366,-0.2275181,0.2290324,-0.1249489,0.2181924,0.2382354,-0.1138082,-1.049388,-1.048432,0.004999995,0.5583672
LS_Zombie_Death,1.255556,0,0,0,0,0.4004383,0.3966366,-0.2275181,0.2290324,-0.1249489,0.2181924,0.2382354,-0.1138082,-1.049388,-1.048432,0.004999995,0.5583672
LS_Zombie_Death,1.266667,0,0,0,0,0.4004383,0.3966366,-0.2275181,0.2290324,-0.1249489,0.2181924,0.2382354,-0.1138082,-1.049388,-1.048432,0.004999995,0.5583672
LS_Zombie_Death,1.277778,0,0,0,0,0.4004383,0.3966366,-0.2275181,0.2290324,-0.1249489,0.2181924,0.2382354,-0.1138082,-1.049388,-1.048432,0.004999995,0.5583672
LS_Zombie_Death,1.288889,0,0,0,0,0.4004383,0.3966366,-0.2275181,0.2290324,-0.1249489,0.2181924,0.2382354,-0.1138082,-1.049388,-1.048432,0.004999995,0.5583672
LS_Zombie_Death,1.3,0,0,0,0,0.4004383,0.3966366,-0.2275181,0.2290324,-0.1249489,0.2181924,0.2382354,-0.1138082,-1.049388,-1.048432,0.004999995,0.5583672
LS_Zombie_Death,1.311111,0,0,0,0,0.4004383,0.3966366,-0.2275181,0.2290324,-0.1249489,0.2181924,0.2382354,-0.1138082,-1.049388,-1.048432,0.004999995,0.5583672
LS_Zombie_Death,1.322222,0,0,0,0,0.4004383,0.3966366,-0.2275181,0.2290324,-0.1249489,0.2181924,0.2382354,-0.1138082,-1.049388,-1.048432,0.004999995,0.5583672
LS_Zombie_Death,1.333333,0,0,0,0,0.4004383,0.3966366,-0.2275181,0.2290324,-0.1249489,0.2181924,0.2382354,-0.1138082,-1.049388,-1.048432,0.004999995,0.5583672
